time_s,clean_ecg,noisy_ecg,baseline_wander,mains_50hz,emg_noise
0.0,2.2662815132468913e-31,0.015235853987721568,0.0,0.0,0.015235853987721568
0.002777777777777778,3.2582027825974925e-31,0.01032106998133285,0.0010367198438393805,0.06128355544951825,-0.05199920531202478
0.005555555555555556,4.679814688420356e-31,0.11838058532813492,0.0020734052968354216,0.07878462024097664,0.03752255979032287
0.008333333333333333,6.715301158677965e-31,0.09013825778884632,0.0031100219692856224,0.039999999999999994,0.0470282358195607
0.011111111111111112,9.626947958020218e-31,-0.12076683542497624,0.004146535473769122,-0.027361611466053523,-0.09755175943269183
0.013888888888888888,1.3787897508059813e-30,-0.13510147357970115,0.005182911426287424,-0.07517540966287267,-0.06510897534311591
0.016666666666666666,1.972848616064533e-30,-0.05667089669698581,0.006219115447405009,-0.06928203230275509,0.006392020158364269
0.019444444444444445,2.8201731268431534e-30,-0.022448870667143753,0.007255113163389792,-0.013891854213354432,-0.01581212961717911
0.022222222222222223,4.0275790444359134e-30,0.05887382110706215,0.008290870207353397,0.051423008774923194,-0.0008400578752144398
0.025,5.746437277794739e-30,0.046674155841712195,0.009326352220391203,0.08,-0.04265219637867901
0.027777777777777776,8.191049804334912e-30,0.10575443237078666,0.01036152485272211,0.051423008774923125,0.04396989874314143
0.030555555555555555,1.1664517075316216e-29,0.03639409632292107,0.01139635376482804,-0.013891854213354383,0.03888959677144742
0.03333333333333333,1.6595114960123823e-29,-0.05354969279610125,0.012430804628593042,-0.06928203230275509,0.0033015348780608025
0.03611111111111111,2.3587400428061728e-29,-0.005348506186028973,0.013464843128442084,-0.0751754096628727,0.056362060348401646
0.03888888888888889,3.3493938420234785e-29,0.010512290609028137,0.014498434962479361,-0.027361611466053506,0.023375467112602282
0.041666666666666664,4.751587094300407e-29,0.012566922699464217,0.015531545843626208,0.039999999999999925,-0.04296462314416191
0.044444444444444446,6.734378673074998e-29,0.11378630094586009,0.016564141500758488,0.07878462024097667,0.018437539204124942
0.04722222222222222,9.535484605344344e-29,0.030935613087911727,0.01759618767984345,0.061283555449518225,-0.04794413004144995
0.05,1.3488835383371262e-28,0.06255016521043959,0.018627650145076058,-9.312267518612592e-17,0.043922515065363626
0.05277777777777778,1.9063062208637457e-28,-0.04412135631881617,0.01965849468001464,-0.06128355544951816,-0.002496295549312645
0.05555555555555555,2.691519390864511e-28,-0.06733905132952368,0.02068868708871599,-0.07878462024097664,-0.009243118177263029
0.058333333333333334,3.796550340585024e-28,-0.052328284023327364,0.02171819319686971,-0.04000000000000001,-0.03404647722019707
0.06111111111111111,5.350173366155536e-28,0.1112356572526868,0.022746978852931882,0.027361611466053412,0.06112706693370151
0.06388888888888888,7.532409812325073e-28,0.09122394548869045,0.023775009929257948,0.07517540966287262,-0.007726474103440108
0.06666666666666667,1.0594682067911836e-27,0.07266789351783456,0.024802252323234852,0.06928203230275508,-0.021416391108155363
0.06944444444444445,1.4887801106155754e-27,0.02211384864735528,0.02582867195841228,0.01389185421335448,-0.01760667752441148
0.07222222222222222,2.0900799346176828e-27,0.0020466852883774776,0.02685423478563308,-0.05142300877492304,0.02661545927766744
0.075,2.931476912975127e-27,-0.03384888999763329,0.027878906784162803,-0.08,0.018272203218203917
0.07777777777777778,4.1077453333113694e-27,-0.0018837242323055427,0.028902653962818197,-0.05142300877492316,0.02063663057979942
0.08055555555555556,5.750652848165444e-27,0.06535834672484361,0.029925442361094855,0.013891854213354616,0.021541050150394137
0.08333333333333333,8.043256219779687e-27,0.2073116503965718,0.03094723805029372,0.06928203230275501,0.10708238004352306
0.08611111111111111,1.1239685892715379e-26,0.08682266597828854,0.03196800713464664,0.07517540966287267,-0.02032075081923078
0.08888888888888889,1.569253286227923e-26,0.034737190764917186,0.03298771575244076,0.027361611466053284,-0.025612136453576868
0.09166666666666666,2.1890785928317865e-26,-0.04668230633525197,0.0340063300771418,-0.03999999999999988,-0.04068863641239389
0.09444444444444444,3.051245612673037e-26,-0.012961832793685658,0.03502381631851621,-0.07878462024097665,0.030798971128774784
0.09722222222222222,4.24977410623273e-26,0.031205199910278376,0.03604014072375204,-0.06128355544951825,0.056448614636044586
0.1,5.915110108559719e-26,0.03135789669583508,0.037055269578578645,1.8624535037225184e-16,-0.005697372882743754
0.10277777777777777,8.228439364868025e-26,0.05734490080977696,0.038069169208385045,0.061283555449518315,-0.0420078238481264
0.10555555555555556,1.1441899973316194e-25,0.07664236543575179,0.039081805979337074,0.07878462024097668,-0.04122406078456198
0.10833333333333334,1.5907397575014972e-25,0.11262278569072814,0.04009314629949303,0.040000000000000056,0.03252963939123506
0.1111111111111111,2.2118194034219684e-25,0.050904253714036514,0.041103156619918035,-0.027361611466053634,0.03716270856017211
0.11388888888888889,3.0769866015539563e-25,-0.005905892811815874,0.04211180343579698,-0.0751754096628726,0.02715771341525975
0.11666666666666667,4.285132741655428e-25,-0.059438464379643896,0.04311905328754593,-0.0692820323027551,-0.03327548536443472
0.11944444444444445,5.978366231339233e-25,0.04184108470190384,0.0441248727619221,-0.013891854213354246,0.01160806615333599
0.12222222222222222,8.363683701856283e-25,0.10238652772509162,0.0451292284931322,0.05142300877492301,0.005834290457036411
0.125,1.1747613261067446e-24,0.13706651700039005,0.0461320871639394,0.08,0.010934429836450647
0.12777777777777777,1.6592892131682574e-24,0.1421278631791013,0.047133415506768396,0.051423008774923416,0.0435714388974095
0.13055555555555556,2.3613185153109123e-24,0.04542110353018839,0.04813318030480912,-0.013891854213354846,0.011179777438734113
0.13333333333333333,3.393432143322928e-24,0.013794994243958164,0.049131348393118536,-0.06928203230275512,0.03394567815359475
0.1361111111111111,4.9372949052525145e-24,-0.02166856952870731,0.050127886659720886,-0.07517540966287277,0.003378953474444573
0.1388888888888889,7.292381655386598e-24,0.0382171205151517,0.051122762046706086,-0.027361611466053596,0.014455969934499208
0.14166666666666666,1.0961926481350342e-23,0.12368035284325335,0.05211594155132624,0.04000000000000009,0.03156441129192702
0.14444444444444443,1.680542049354539e-23,0.05903422147528391,0.053107392227090634,0.0787846202409766,-0.07285779099278332
0.14722222222222223,2.6310166538811126e-23,0.09939707581651175,0.054097081184858516,0.06128355544951829,-0.015983560817865068
0.15,4.207570828522662e-23,0.03156634287929022,0.055084975593930136,-1.372594784063577e-16,-0.023518632714639776
0.1527777777777778,6.867832339690962e-23,-0.0371564051785497,0.05607104268313587,-0.06128355544951847,-0.0319438924121671
0.15555555555555556,1.1421263325737384e-22,-0.035486483060387534,0.05705524974192331,-0.07878462024097665,-0.013757112561334188
0.15833333333333333,1.9303637822306515e-22,0.09278462968316181,0.05803756412144236,-0.04000000000000034,0.0747470655617198
0.16111111111111112,3.3064666954297685e-22,0.043088008917019985,0.0590179532356283,0.027361611466053856,-0.043291555784662164
0.1638888888888889,5.72319884787668e-22,0.18358571195472945,0.059996384562282734,0.07517540966287267,0.04841391772957404
0.16666666666666666,9.983740237873933e-22,0.04611136936611748,0.060972825644152455,0.06928203230275527,-0.08414348858079024
0.16944444444444445,1.7510414434962117e-21,0.059094846804071406,0.06194724409000614,0.013891854213354015,-0.016744251499288744
0.17222222222222222,3.0816202639768743e-21,0.01963425205603595,0.06291960757570886,-0.05142300877492319,0.00813765325525028
0.175,5.4329084122070036e-21,0.013201000413258251,0.06388988384529434,-0.08,0.02931111656796391
0.17777777777777778,9.582785711878456e-21,0.04899636092675501,0.06485804071203505,-0.05142300877492279,0.03556132898964275
0.18055555555555555,1.6893351839126524e-20,0.11938326203286057,0.06582404605950977,0.013891854213354518,0.039667361759996266
0.18333333333333332,2.97415504998581e-20,0.11863364653300226,0.06678786784266919,0.06928203230275495,-0.01743625361242188
0.18611111111111112,5.2260573818123876e-20,0.11980729411854307,0.06774947408889873,0.0751754096628727,-0.02311758963322836
0.18888888888888888,9.161129750567588e-20,0.13896923842799042,0.06870883289907932,0.027361611466053377,0.042898794062857695
0.19166666666666668,1.6015399786355264e-19,0.020100696204564464,0.06966591244864549,-0.040000000000000285,-0.009565216244080745
0.19444444444444445,2.7914299421293356e-19,-0.07194825541923167,0.07062068098864108,-0.07878462024097664,-0.0637843161668961
0.19722222222222222,4.849869314108769e-19,-0.04637480930292007,0.07157310684677247,-0.0612835554495185,-0.056664360700174034
0.2,8.398135825321967e-19,0.026550544128379094,0.07252315842845929,3.724907007445037e-16,-0.045972614300080566
0.20277777777777778,1.449226843032334e-18,0.1596123968700888,0.07347080421788234,0.06128355544951825,0.024858037202688203
0.20555555555555555,2.492031163122975e-18,0.16032191982353405,0.0744160127790292,0.07878462024097661,0.007121286803528262
0.20833333333333334,4.26978680962739e-18,0.1498830204601256,0.07535875275673706,0.04000000000000013,0.034524267703388414
0.2111111111111111,7.289089911303297e-18,0.027574749094852972,0.07629899287773269,-0.02736161146605301,-0.021362632316826714
0.21388888888888888,1.2397630611835602e-17,0.009988276842633008,0.07723670195167004,-0.07517540966287276,0.007926984553835711
0.21666666666666667,2.1008259554025432e-17,0.04016933626777655,0.07817184887216484,-0.06928203230275515,0.031279519698366835
0.21944444444444444,3.54664805121152e-17,0.04974522141845965,0.07910440261782643,-0.013891854213354904,-0.015467326986011921
0.2222222222222222,5.965070708158262e-17,0.15429610290608092,0.08003433225328695,0.05142300877492336,0.022838761877870574
0.225,9.994868860862329e-17,0.12786530987689498,0.08096160693022744,0.08,-0.033096297053332564
0.22777777777777777,1.668393148015104e-16,0.11515651233507126,0.0818861958884012,0.051423008774923486,-0.01815269232825359
0.23055555555555557,2.7744458200450487e-16,0.049829319543383266,0.08280806845665419,-0.013891854213354751,-0.019086894699916455
0.23333333333333334,4.596297728979875e-16,-0.045346820528264095,0.08372719405394251,-0.06928203230275508,-0.05979198227945198
0.2361111111111111,7.585639120509209e-16,0.03381675656675385,0.08464354219034681,-0.07517540966287281,0.024348624039279093
0.2388888888888889,1.2471733564998895e-15,0.03472535399189564,0.08555708246808374,-0.027361611466053155,-0.023470117010136196
0.24166666666666667,2.042729815517293e-15,0.12709249051890076,0.08646778458251433,0.04,0.0006247059363843715
0.24444444444444444,3.333063445220664e-15,0.19019757150942465,0.0873756183231493,0.07878462024097659,0.024037332945295448
0.24722222222222223,5.417813783454133e-15,0.17189066782567178,0.0882805535746512,0.06128355544951798,0.022326558801497205
0.25,8.77307520938664e-15,0.1224518157664814,0.08918256031783336,-3.928773447456944e-17,0.03326925544863931
0.25277777777777777,1.4152282243731389e-14,0.023873778955680772,0.09008160863065584,-0.06128355544951804,-0.004924274225471181
0.25555555555555554,2.2742992991988528e-14,-0.008971867153943769,0.09097766868921794,-0.07878462024097677,-0.02116491560220769
0.25833333333333336,3.640952315065038e-14,0.047884800223465085,0.09187071076874757,-0.039999999999998946,-0.003985910545319953
0.2611111111111111,5.806686620461553e-14,0.03575559501279814,0.09276070524458727,0.027361611466054297,-0.08436672169790149
0.2638888888888889,9.225451712573842e-14,0.09646740863498761,0.0936476225931769,0.07517540966287284,-0.07235562362115437
0.26666666666666666,1.4601336565593405e-13,0.09767848507821414,0.09453143339303323,0.06928203230275504,-0.06613498061772012
0.26944444444444443,2.302200777820718e-13,0.059441621159236444,0.09541210832572564,0.013891854213354673,-0.04986234138007409
0.2722222222222222,3.616090644469641e-13,0.06485532073845966,0.0962896181768489,-0.05142300877492268,0.019988711336171833
0.275,5.65823368140564e-13,-0.02811001893044499,0.09716393383699223,-0.08,-0.04527395276800304
0.2777777777777778,8.819985172533918e-13,0.027703889826694087,0.09803502630270489,-0.05142300877492331,-0.018908127701969486
0.28055555555555556,1.369620320033748e-12,0.17775613578148625,0.09890286667745836,0.013891854213354982,0.06496141488930328
0.2833333333333333,2.1187409037119545e-12,0.1512362599244076,0.09976742617260494,0.06928203230275519,-0.017813198553071296
0.2861111111111111,3.265132481793359e-12,0.21267986419782486,0.10062867610833268,0.07517540966287273,0.03687577842335433
0.28888888888888886,5.012669098158797e-12,0.08216731538518963,0.10148658791461682,0.027361611466054005,-0.046680884000493854
0.2916666666666667,7.66624191096373e-12,0.052069255246452055,0.10234113313216751,-0.0400000000000002,-0.010271877893381501
0.29444444444444445,1.1679956923305403e-11,-0.023093439561451837,0.1031922834133739,-0.07878462024097663,-0.047501102745529065
0.2972222222222222,1.7727405901359657e-11,0.025804801296425182,0.10404001052324446,-0.061283555449518565,-0.016951653795028124
0.3,2.6803675555461784e-11,0.14689969324001745,0.1048842863403437,2.745189568127154e-16,0.04201540687286978
0.30277777777777776,4.037278635091924e-11,0.0806426171879985,0.10572508285772496,0.06128355544951819,-0.08636602115961745
0.3055555555555556,6.057986418340814e-11,0.20706817466270877,0.10656237218385951,0.07878462024097653,0.021721182177292866
0.30833333333333335,9.055513078966004e-11,0.15928290675073056,0.1073961265435618,0.03999999999999973,0.011886780116613895
0.3111111111111111,1.3484753728648023e-10,0.05115720916286515,0.10822631827891079,-0.02736161146605345,-0.02970749778483972
0.3138888888888889,2.0004060671884336e-10,-0.0384253823320872,0.10905291985016746,-0.07517540966287253,-0.07230289271942274
0.31666666666666665,2.9562318393155167e-10,0.04420034721524962,0.10987590383668845,-0.0692820323027555,0.003606475385693476
0.3194444444444444,4.352151429637577e-10,0.07032875370650613,0.11069524293783554,-0.01389185421335444,-0.02647463545319012
0.32222222222222224,6.382850671590894e-10,0.17456772995482547,0.1115109099738815,0.05142300877492373,0.011633810567735199
0.325,9.3254660857418e-10,0.19341548609563008,0.11232287788691135,0.08,0.001092607276172144
0.3277777777777778,1.3572866735961574e-09,0.24464307443997596,0.1131311197417204,0.051423008774923125,0.08008894456604577
0.33055555555555555,1.967966933086564e-09,0.088075975107669,0.11393560872670738,-0.013891854213354093,-0.011967781373651214
0.3333333333333333,2.8425569963137267e-09,-0.0057205859365268485,0.11473631815476415,-0.06928203230275475,-0.05117487463109325
0.33611111111111114,4.090211241584037e-09,0.04932159763931556,0.11553322146416077,-0.07517540966287226,0.008963781747815808
0.3388888888888889,5.8631022152735025e-09,0.09996452081506446,0.1163262922194267,-0.02736161146605271,0.010999834198588259
0.3416666666666667,8.372484720278139e-09,0.22507489124673477,0.11711550411222778,0.04000000000000041,0.06795937876202184
0.34444444444444444,1.1910402316371664e-08,0.23844102540934675,0.11790083096223886,0.07878462024097665,0.04175556229572893
0.3472222222222222,1.6878881686293064e-08,0.19780937200388798,0.1186822467180124,0.06128355544951841,0.01784355295747547
0.35,2.3829014164666503e-08,0.1926248938478354,0.11945972545784252,6.27118198065299e-16,0.0731651445609781
0.3527777777777778,3.351302655053644e-08,-0.0004884332620092904,0.12023324139062505,-0.06128355544951834,-0.05943815271614255
0.35555555555555557,4.6953329535609266e-08,0.010230618931578539,0.12100276885671288,-0.07878462024097649,-0.031987576637487386
0.35833333333333334,6.553364225390122e-08,0.03543955079213391,0.12176828232876742,-0.03999999999999953,-0.04632879707027625
0.3611111111111111,9.111867289452893e-08,0.13040096883954336,0.1225297564126052,0.027361611466053672,-0.0194904901577884
0.3638888888888889,1.2621054246834728e-07,0.12962839434364004,0.1232871658480404,0.07517540966287262,-0.06883430737781544
0.36666666666666664,1.7415223349392197e-07,0.22508023930543183,0.12404048550972273,0.06928203230275537,0.03175754734072022
0.36944444444444446,2.393908966442796e-07,0.12757064915728306,0.12478969040797089,0.01389185421335421,-0.01111113485493867
0.37222222222222223,3.278169320795331e-07,0.0005717600064777471,0.1255347556896016,-0.051423008774923035,-0.0735403147251329
0.375,4.471984597165807e-07,-0.004502850223163357,0.126275656638754,-0.08,-0.05077895406037708
0.37777777777777777,6.077351892847337e-07,0.09126566001048583,0.12701236867770974,-0.051423008774922944,0.015675692372509764
0.38055555555555554,8.227608829691582e-07,0.18354387273666417,0.12774486736770782,0.013891854213354324,0.041906328394719056
0.38333333333333336,1.1096296542569677e-06,0.2975928149267549,0.12847312840975586,0.06928203230275543,0.09983654458458933
0.3861111111111111,1.49082834188648e-06,0.35006715143701667,0.12919712764543573,0.07517540966287257,0.1456931233003665
0.3888888888888889,1.995365198704256e-06,0.1780009195527573,0.1299168410577052,0.02736161146605356,0.02072047166379982
0.39166666666666666,2.6604941802470484e-06,0.04115799926428199,0.13063224477169458,-0.039999999999999626,-0.04947690600159321
0.39444444444444443,3.533844212909105e-06,-0.05404008537783045,0.13134331505549862,-0.07878462024097652,-0.10660231403656546
0.3972222222222222,4.676033928302392e-06,0.08415672202256574,0.1320500283209639,-0.06128355544951826,0.01338557311719179
0.4,6.163864372893869e-06,0.09211147022332865,0.1327523611244713,7.449814014890074e-16,-0.040647054765516305
0.4027777777777778,8.094194971654714e-06,0.17397407680321947,0.1334502901677136,0.06128355544951849,-0.02076786300898427
0.40555555555555556,1.0588621283985847e-05,0.18233416120773857,0.13414379229846835,0.07878462024097664,-0.030604839952990404
0.4083333333333333,1.3799086476714605e-05,0.1678070992770238,0.13483284451136604,0.040000000000000306,-0.0070395443208192635
0.4111111111111111,1.791457146720122e-05,0.1614727385934486,0.1355174239486531,-0.027361611466053894,0.053299011539382185
0.41388888888888886,2.3169020736029184e-05,0.06889769563108113,0.13619750790095017,-0.0751754096628723,0.00785242837226723
0.4166666666666667,2.9850671097988074e-05,0.059689150324413916,0.1368730738080056,-0.06928203230275524,-0.007931741851934416
0.41944444444444445,3.831295831488887e-05,0.07190787036311382,0.1375440992594435,-0.013891854213353979,-0.051782687641290584
0.4222222222222222,4.898718023053695e-05,0.10594841071544255,0.13821056199550752,0.05142300877492235,-0.08373414723521785
0.425,6.2397093839535e-05,0.1946194415479721,0.1388724399077991,0.08,-0.024315395453666545
0.42777777777777776,7.917561594823522e-05,0.18834276788996576,0.1395297110400108,0.05142300877492277,-0.002689127540916025
0.4305555555555556,0.00010008378130028465,0.2147870788355935,0.14018235358865475,-0.013891854213355677,0.08839649567899416
0.43333333333333335,0.00012603208658093262,0.07818807176125614,0.14083034590378588,-0.06928203230275497,0.006513726073644293
0.4361111111111111,0.0001581043119033967,0.11559333668990397,0.14147366648972018,-0.07517540966287249,0.04913697555115288
0.4388888888888889,0.00019758386156446252,0.08998348647430013,0.14211229400574768,-0.027361611466054408,-0.024964779926957604
0.44166666666666665,0.00024598260149542845,0.12374500154748445,0.14274620726684042,0.039999999999999834,-0.059247188320851234
0.4444444444444444,0.0003050720906036451,0.1742092394643171,0.1433753852443553,0.07878462024097675,-0.0482558381116186
0.44722222222222224,0.0003769170061075721,0.16939897629556883,0.14399980706673154,0.06128355544951738,-0.03626130322678766
0.45,0.00046391044848736215,0.25150684909042875,0.14461945202018298,1.5665575338900706e-16,0.10642348662175823
0.4527777777777778,0.0005688106798823347,0.0434502208185298,0.1452342995493854,-0.06128355544951864,-0.04106933396121931
0.45555555555555555,0.0006947787014965142,0.10967894790549532,0.14584432925815835,-0.07878462024097681,0.04192446018681725
0.4583333333333333,0.0008454159125485818,0.062148577918338825,0.14644952091014166,-0.0400000000000001,-0.04514635890435132
0.46111111111111114,0.0010248009182743448,0.22201491745750745,0.1470498544294668,0.027361611466054116,0.04657865064371221
0.4638888888888889,0.0012375243713469263,0.24330579224093601,0.14764530990142277,0.07517540966287316,0.01924754830529316
0.4666666666666667,0.0014887205449283139,0.21117472553789585,0.14823586757311694,0.06928203230275513,-0.007831894882904521
0.46944444444444444,0.0017840941527635756,0.16245932991347561,0.14882150785413,0.013891854213353745,-0.0020381263067717013
0.4722222222222222,0.002129940759869023,0.0673697585306431,0.14940221131716613,-0.05142300877492253,-0.032739384771469524
0.475,0.002533158975188092,0.09481472774798932,0.1499779586986972,-0.08,0.02230361007410403
0.4777777777777778,0.003001252494823805,0.07937780060246423,0.15054873089960202,-0.05142300877492259,-0.022749174017039003
0.48055555555555557,0.003542319981579168,0.10726839499237233,0.15111450898579967,0.013891854213355908,-0.06128028818836241
0.48333333333333334,0.0041650307344388345,0.16122545851009076,0.1516752741888778,0.06928203230275509,-0.06389687871598097
0.4861111111111111,0.00487858413119965,0.24091439758689326,0.1522310079067152,0.07517540966287241,0.008629395886105975
0.4888888888888889,0.0056926509291056315,0.2647905169197803,0.15278169170409872,0.027361611466054186,0.07895456282052175
0.49166666666666664,0.006617294691407224,0.12794418268341415,0.15332730731333505,-0.040000000000000036,0.007999580678671913
0.49444444444444446,0.007662871879916859,0.0768141719683025,0.15386783663485654,-0.07878462024097678,-0.005931916305494129
0.49722222222222223,0.00883990952022818,0.11625092278865831,0.15440326173782168,-0.06128355544951869,0.014291306980127145
0.5,0.010158959809703778,0.23039261175575496,0.15493356486070986,7.857546894913888e-17,0.06530008708534124
0.5027777777777778,0.011630431597447892,0.23934184052707017,0.15545872841191066,0.061283555449518794,0.010969125068192817
0.5055555555555555,0.013264399315007775,0.22748139298460507,0.1559787349703074,0.07878462024097675,-0.02054636154168686
0.5083333333333333,0.015070390666711649,0.2668783934555609,0.1564935672858549,0.0399999999999999,0.05531443550299445
0.5111111111111111,0.017057155184802632,0.16813657392198297,0.15700320828015185,-0.027361611466052198,0.021437821923080677
0.5138888888888888,0.019232416597465725,0.1783524475814003,0.15750764104700743,-0.07517540966287246,0.0767877995997996
0.5166666666666667,0.02160261282337864,0.11948915123472195,0.1580068488530019,-0.06928203230275388,0.009161721861095307
0.5194444444444445,0.02417262826616629,0.1075581376048296,0.15850081513804185,-0.013891854213353514,-0.06122345158602502
0.5222222222222223,0.026945523904111847,0.16895009623266258,0.15898952351590953,0.05142300877492445,-0.06840795996228326
0.525,0.029922271419987396,0.35194162580635624,0.15947295777480636,0.08,0.08254639661156249
0.5277777777777778,0.0331014982567555,0.3306588949487336,0.1599511018778908,0.0514230087749224,0.08618328603916486
0.5305555555555556,0.03647925098089095,0.1740353760672173,0.1604239399638103,-0.013891854213353901,-0.008975960664130032
0.5333333333333333,0.04004878465143799,0.11249884263911086,0.16089145634722749,-0.06928203230275522,-0.01915936605679939
0.5361111111111111,0.04380038599810416,0.20305082646668154,0.1613536355193404,-0.0751754096628731,0.07307221461211011
0.5388888888888889,0.0477212380791099,0.12681780465927867,0.16181046214839712,-0.027361611466053964,-0.0553522841021744
0.5416666666666666,0.05179533369922463,0.20932090383163776,0.1622619210802042,0.040000000000000244,-0.044736350947791326
0.5444444444444444,0.05600344420870198,0.3296624015227601,0.1627079973386295,0.07878462024097643,0.03216633973445222
0.5472222222222223,0.06032314937250238,0.26502512480513885,0.1631486761260989,0.06128355544951708,-0.01973025614297948
0.55,0.06472893280462937,0.22805678229271276,0.16358394282408725,-3.1380669128728484e-16,-0.0002560933360035648
0.5527777777777778,0.06919234602413381,0.16375042864199238,0.16401378299360314,-0.061283555449518946,-0.008172144926225628
0.5555555555555556,0.07368224253813874,0.17621453211277688,0.16443818237566818,-0.07878462024097672,0.01687872743994668
0.5583333333333333,0.0781650815347938,0.2733963014922697,0.16485712689178972,-0.039999999999999696,0.07037409306568584
0.5611111111111111,0.08260529882696604,0.27976675828253594,0.16527060264442808,0.027361611466054554,0.004529245345087278
0.5638888888888889,0.08696574068577123,0.360016685929944,0.16567859591745734,0.07517540966287255,0.0321969396638429
0.5666666666666667,0.09120815420825328,0.2240626746360777,0.16608109317662068,0.0692820323027549,-0.10250860505155113
0.5694444444444444,0.09529372594616883,0.2732277411329974,0.16647808106997894,0.013891854213355521,-0.0024359200965058977
0.5722222222222222,0.09918365875472968,0.17246868289351708,0.16686954642835386,-0.05142300877492288,-0.04216151351464356
0.575,0.10283977527135167,0.1291545985159351,0.16725547626576484,-0.08,-0.0609406530211814
0.5777777777777777,0.10622513517018439,0.17853036582868254,0.16763585777985965,-0.051423008774923964,-0.04390761834643754
0.5805555555555556,0.10930465241581477,0.2745010129464698,0.1680106783523392,0.013891854213356371,-0.016706172035040604
0.5833333333333334,0.11204569820575236,0.39550278317568444,0.1683799255493761,0.06928203230275533,0.045795127117800656
0.5861111111111111,0.114418675179713,0.2920180360776342,0.16874358712202717,0.07517540966287226,-0.0663196358869782
0.5888888888888889,0.11639754880286876,0.31439238590528296,0.16910165100663963,0.027361611466053745,0.0015315746297208724
0.5916666666666667,0.11796032260235105,0.2232059562609231,0.16945410532525143,-0.040000000000000445,-0.024208471666678926
0.5944444444444444,0.11908944513663404,0.19372210856354477,0.16980093838598523,-0.07878462024097647,-0.016383654718098044
0.5972222222222222,0.1197721381744865,0.2787686126736346,0.17014213868343628,-0.061283555449518384,0.05013789126523021
0.6,0.12000063750660486,0.3173841042558557,0.17047769489905398,5.490379136254308e-16,0.026905771850196304
0.6027777777777777,0.11977234004732942,0.4187333967705017,0.17080759590151742,0.06128355544951763,0.06686990537213719
0.6055555555555555,0.1190898533326991,0.36128102035828547,0.17113183074710472,0.07878462024097668,-0.007725283962495024
0.6083333333333333,0.11796094610236676,0.294614204198889,0.17145038868005594,0.04000000000000146,-0.03479713058353515
0.6111111111111112,0.1163984012789235,0.24960710810177356,0.17176325913292984,-0.027361611466054776,-0.011192940844024977
0.6138888888888889,0.11441977523945392,0.2234396368670962,0.1720704317269546,-0.07517540966287341,0.01212483956356108
0.6166666666666667,0.11204706972301587,0.22396560161531864,0.17237189627237198,-0.06928203230275477,0.008828667922685551
0.6194444444444445,0.109306324952051,0.2138627098958051,0.17266764276877547,-0.01389185421335305,-0.054219403611668326
0.6222222222222222,0.10622714449219096,0.3351323037539495,0.17295766140544172,0.05142300877492307,0.004524489081393711
0.625,0.10284216397202418,0.367495523040626,0.17324194256165654,0.08,0.011411416506945257
0.6277777777777778,0.09918647698478107,0.45000366444343426,0.17352047680703336,0.05142300877492379,0.12587370187669603
0.6305555555555555,0.0952970322660664,0.3490406635186223,0.17379325490182673,-0.013891854213354364,0.09384223056408351
0.6333333333333333,0.091212016570988,0.153328084537531,0.1740602677972383,-0.0692820323027543,-0.042662167527941004
0.6361111111111111,0.08697023756250986,0.17174716645789548,0.17432150663571735,-0.07517540966287294,-0.014369168077458805
0.6388888888888888,0.08261052048915195,0.15665377168250272,0.17457696275125442,-0.027361611466053523,-0.07317210009185016
0.6416666666666667,0.07817113150786527,0.2634624084793604,0.17482662766966883,0.040000000000000646,-0.029535350698174326
0.6444444444444445,0.07368923924373046,0.3433246027731142,0.17507049310888984,0.0787846202409769,0.015780250179517025
0.6472222222222223,0.06920042462941985,0.3660852121025811,0.17530855097923134,0.06128355544951823,0.06029268104441168
0.65,0.06473824729937101,0.20382484879585,0.17554079338366022,-7.842691359635767e-16,-0.03645419188718043
0.6527777777777778,0.06033387489637329,0.14211021006152405,0.17576721261805836,-0.06128355544951778,-0.03270732200338983
0.6555555555555556,0.05601577965359158,0.04585450909716036,0.17598780117147816,-0.07878462024097664,-0.10736445148693274
0.6583333333333333,0.051809504613465916,0.17987876031261296,0.1762025517263917,-0.039999999999999286,-0.008133296027245383
0.6611111111111111,0.04773749990294884,0.19838984793495715,0.17641145715893358,0.027361611466052864,-0.053120720592978156
0.6638888888888889,0.04381902766221657,0.26913697649592255,0.176614510539137,0.0751754096628727,-0.02647197136830369
0.6666666666666666,0.0400701325729196,0.24232083109845995,0.17681170513116395,0.0692820323027558,-0.043843038908379414
0.6694444444444444,0.036503673493885794,0.22268543438814142,0.17700303439352844,0.01389185421335506,-0.00471312771262785
0.6722222222222223,0.0331294105177508,0.07100847415430786,0.17718849197931363,-0.05142300877492499,-0.08788641956783157
0.675,0.029954140830784386,0.05396995029761699,0.17736807173638214,-0.08,-0.07335226226954954
0.6777777777777778,0.02698187609857334,0.25956299063264693,0.17754176770758057,-0.05142300877492186,0.10646235560141491
0.6805555555555556,0.024214053710042416,0.15144435299063203,0.17770957413093658,0.013891854213354595,-0.06437112906370156
0.6833333333333333,0.021649774079802578,0.21396401289967665,0.17787148543985049,0.06928203230275556,-0.054839278922731986
0.6861111111111111,0.019286056314086163,0.3643346386563044,0.17802749626327966,0.07517540966287287,0.09184567641606571
0.6888888888888889,0.01711810486194584,0.36791067621593626,0.17817760142591682,0.0273616114660533,0.14525335846202034
0.6916666666666667,0.015139580269342074,0.09488304477643773,0.17832179594836162,-0.039999999999998884,-0.05857833144126709
0.6944444444444444,0.013342867793972233,0.09460587476088,0.17846007504728587,-0.07878462024097656,-0.01841244783940153
0.6972222222222222,0.01171933838403042,0.14610599461713006,0.17859243413559225,-0.061283555449518086,0.01707777754702548
0.7,0.010259597322701458,0.2754133483655463,0.17871886882256646,-1.254236396130598e-15,0.08643488222027962
0.7027777777777777,0.008953716581074675,0.19973379302320354,0.1788393749140228,0.06128355544951793,-0.049342853921411876
0.7055555555555556,0.007791447236676995,0.2532661235929915,0.1789539484124434,0.0787846202409766,-0.012263892297105488
0.7083333333333334,0.006762406837789568,0.2646918711579866,0.17906258551711077,0.039999999999999085,0.0388668788030872
0.7111111111111111,0.005856228551222237,0.17939820343273183,0.1791652826242339,-0.02736161146605522,0.021738303723330934
0.7138888888888889,0.005062629337553641,0.09034145244024375,0.17926203632706786,-0.07517540966287278,-0.018807803561504965
0.7166666666666667,0.004371261981874211,0.10775092486934422,0.1793528434160266,-0.06928203230275455,-0.006691148225802058
0.7194444444444444,0.0037709632977287236,0.10057201954466463,0.17943770087878982,-0.013891854213354827,-0.0687447904184991
0.7222222222222222,0.0032474106090201516,0.22227833808561276,0.17951660590040244,0.05142300877492342,-0.011908687198733262
0.725,0.002776986431150471,0.249047167794071,0.1795895558633683,0.08,-0.013319374500447756
0.7277777777777777,0.0023126788176991483,0.2450007304216722,0.17965654834773684,0.05142300877492342,0.011608494481312799
0.7305555555555555,0.0017556297301739585,0.139814995707054,0.17971758113118344,-0.013891854213352588,-0.027766360940950804
0.7333333333333333,0.0009055741318776877,0.13497312014546325,0.17977265218908314,-0.06928203230275455,0.023576926127256953
0.7361111111111112,-0.0006108505574275618,0.1546712903652696,0.17982175969457775,-0.075175409662872,0.05063579089099143
0.7388888888888889,-0.0034180040003193583,0.15685675293568732,0.17986490201863647,-0.02736161146605308,0.007771466383423302
0.7416666666666667,-0.00843040608361874,0.2290594920664525,0.17990207773011002,0.040000000000001056,0.017587820419960175
0.7444444444444445,-0.016778329884904606,0.24459734333074337,0.17993328559577795,0.0787846202409766,0.002657767378893368
0.7472222222222222,-0.029541528719920475,0.2117047709645579,0.17995852458038972,0.06128355544951793,4.219654570709021e-06
0.75,-0.047268230520362046,0.09663166164919551,0.1799777938466989,1.019005173792452e-15,-0.03607790167714237
0.7527777777777778,-0.06937853347810811,0.06515371691153023,0.17999109275549102,-0.061283555449518086,0.0158247130836654
0.7555555555555555,-0.09369085948499717,0.0026586112189565803,0.17999842086560477,-0.07878462024097656,-0.004864329920674474
0.7583333333333333,-0.11636454980560842,0.12829364357486708,0.17999977793394661,-0.040000000000000854,0.10465841544652975
0.7611111111111111,-0.13242843399173934,0.15359608651357495,0.17999516391549888,0.0273616114660533,0.07866774512376212
0.7638888888888888,-0.1367764291328673,0.13767588712115114,0.17998457896332126,0.07517540966287209,0.01929232762782504
0.7666666666666667,-0.12521487359566855,0.08588232165089313,0.17996802342854562,0.06928203230275443,-0.03815286048473838
0.7694444444444445,-0.09506386258317612,0.043152915891369825,0.1799454978603645,0.013891854213352355,-0.0556205735991709
0.7722222222222223,-0.04505987841606191,0.1429912634694706,0.17991700300601288,-0.05142300877492361,0.059557147654443254
0.775,0.025237241663106817,0.13825724273120704,0.17988253981074329,-0.08,0.013137461257356925
0.7777777777777778,0.11595953190904976,0.26838580272150153,0.1798421094177945,-0.05142300877492325,0.024007170169580542
0.7805555555555556,0.22678060075842027,0.33323886879141934,0.17979571316835366,0.01389185421335506,-0.08722929934870964
0.7833333333333333,0.3559012240096622,0.6512985329918376,0.17974335260151172,0.06928203230275466,0.04637192407790904
0.7861111111111111,0.49855105196952465,0.776132507997328,0.1796850294542125,0.0751754096628727,0.02272101691071815
0.7888888888888889,0.6458203704350454,0.7972811933415713,0.17962074566119482,0.027361611466054998,-0.0555215342207239
0.7916666666666666,0.7846694610281245,0.9006437240105564,0.17955050335492861,-0.03999999999999929,-0.023576240372497448
0.7944444444444444,0.8995524529290242,1.0134279977714176,0.17947430486554403,-0.07878462024097664,0.01318586021782598
0.7972222222222223,0.9754135784749728,1.0961455156640212,0.1793921527207541,-0.06128355544951778,0.0026233399178121814
0.8,1.00117331980189,1.1658688101574848,0.179304049645771,1.4899628029780147e-15,-0.01460855929017775
0.8027777777777778,0.9725197813647748,1.2078389219742107,0.1792099985632157,0.06128355544951823,-0.0051744134032980435
0.8055555555555556,0.8930124448277169,1.13830819875137,0.1791100025930207,0.07878462024097652,-0.01259886891034427
0.8083333333333333,0.7731218817054777,0.9997540723629268,0.17900406505232694,0.039999999999998676,0.007628125605123429
0.8111111111111111,0.6275979811250916,0.8527031577640694,0.17889218945537338,-0.027361611466053523,0.07357459864965786
0.8138888888888889,0.4721357805506965,0.44740182835463943,0.17877437951338077,-0.07517540966287294,-0.12833292204656488
0.8166666666666667,0.3204483685960776,0.41797446220226625,0.17865063913442827,-0.06928203230275544,-0.011842513225484214
0.8194444444444444,0.1825378691868018,0.3559926084653937,0.178520972423324,-0.013891854213354364,0.008825621068622348
0.8222222222222222,0.06437247292292778,0.3089805648636752,0.17838538368146867,0.05142300877492379,0.014799699484354976
0.825,-0.03137764877330489,0.20827049956734378,0.17824387740671319,0.08,-0.018595729066064492
0.8277777777777777,-0.10418517700194818,0.03749820094225659,0.17809645829320908,0.05142300877492481,-0.08783608912392914
0.8305555555555556,-0.15468741953563345,0.025763631667967607,0.1779431312312531,-0.013891854213357532,0.01639977418570548
0.8333333333333334,-0.18419585847196446,0.01067352124061477,0.17778390130712476,-0.06928203230275477,0.08636751070820925
0.8361111111111111,-0.19466141209082308,-0.16891111819658472,0.17761877380291788,-0.07517540966287262,-0.07669307024580689
0.8388888888888889,-0.1888331176017352,0.0044444258134865855,0.17744775419636502,-0.027361611466052642,0.04319140068490942
0.8416666666666667,-0.170310138473771,0.030534448530741803,0.17727084816065605,0.04000000000000146,-0.016426261156144695
0.8444444444444444,-0.14331322908902966,0.10949323542475414,0.17708806156424986,0.07878462024097628,-0.003066217291442365
0.8472222222222222,-0.11219241605341299,0.07334561433158829,0.17689940047067965,0.06128355544951909,-0.05264492553519745
0.85,-0.0808349004992307,0.07914716202132782,0.1767048711383518,5.485427291161601e-16,-0.016722808617793832
0.8527777777777777,-0.05217878959480719,0.12804436471096065,0.1765044800203383,-0.061283555449518384,0.06500222973494793
0.8555555555555555,-0.02797720806964084,0.09866916755293077,0.17629823376416273,-0.07878462024097647,0.029132762099385354
0.8583333333333333,-0.008844769479960757,0.21385695000211363,0.1760861392115796,-0.04000000000000241,0.0866155802704972
0.8611111111111112,0.00548335895018302,0.2675837682634711,0.17586820339834744,0.027361611466055882,0.058870594448884685
0.8638888888888889,0.01579993894612219,0.28857411610947037,0.1756444335539955,0.07517540966287381,0.02195433394647881
0.8666666666666667,0.023094989480725168,0.354988585193454,0.17541483710158387,0.06928203230275533,0.08719672630838961
0.8694444444444445,0.028315935182794946,0.23933686899052115,0.17517942165745715,0.013891854213354132,0.02194965793691494
0.8722222222222222,0.032237669202700395,0.19715226429862132,0.17493819503099192,-0.051423008774923964,0.04139940883985295
0.875,0.03542447839451886,0.11528709594212108,0.17469116522433764,-0.08,-0.014828547676735419
0.8777777777777778,0.03824977286428884,0.16459239531447561,0.17443834043215115,-0.051423008774924624,0.0033272907929602414
0.8805555555555555,0.04094087378503017,0.19414126587469446,0.17417972904132487,0.013891854213353283,-0.034871191165013846
0.8833333333333333,0.04362623231068885,0.33630280097389503,0.17391533963070863,0.0692820323027549,0.04947919672974266
0.8861111111111111,0.04637378297473934,0.23627919245269366,0.17364518097082504,0.07517540966287255,-0.05891518115574328
0.8888888888888888,0.04921750495470096,0.2890658955652149,0.17336926202357844,0.02736161146605242,0.03911751712088307
0.8916666666666667,0.05217373369562654,0.1757287727623248,0.17308759194195789,-0.04000000000000166,-0.009532552875257973
0.8944444444444445,0.05525021942150619,0.20782813392362823,0.1728001800697332,-0.07878462024097711,0.05856235467336597
0.8972222222222223,0.05845072640110807,0.2072176563292973,0.1725070359411452,-0.061283555449518946,0.037543449436562994
0.9,0.061777180359981275,0.3250176575229105,0.17220816928058946,-3.133115067780141e-16,0.09103230788234008
0.9027777777777778,0.06523059111744198,0.3349564711261863,0.17190359000229358,0.06128355544951854,0.03653873455693224
0.9055555555555556,0.06881141406809906,0.2405873297364018,0.17159330820998836,0.07878462024097643,-0.07860201278266205
0.9083333333333333,0.07251967446687982,0.2804493500185407,0.17127733419657268,0.039999999999998266,-0.003347658644910042
0.9111111111111111,0.07635499900145146,0.16134870634943085,0.17095567844377202,-0.027361611466051827,-0.0586003596297408
0.9138888888888889,0.08031661401511199,0.1498555638557167,0.17062835162179074,-0.07517540966287233,-0.025913992118313734
0.9166666666666666,0.08440333301004072,0.26097808696007974,0.17029536458895814,-0.06928203230275522,0.07556142166383609
0.9194444444444444,0.08861354151098116,0.27655510623388035,0.16995672839136827,-0.013891854213353901,0.0318766905448848
0.9222222222222223,0.09294518204761766,0.2790341236561179,0.16961245426251342,0.051423008774924145,-0.03494652142893732
0.925,0.09739574020793644,0.29597242550882813,0.16926255362291162,0.08,-0.05068586832201995
0.9277777777777778,0.10196223214328458,0.3239313836417463,0.1689070380797277,0.05142300877492097,0.0016391046438130397
0.9305555555555556,0.10664119373505622,0.2004672514790345,0.16854591942638816,-0.013891854213353514,-0.060828007469056394
0.9333333333333333,0.11142867158246186,0.17676883505206795,0.16817920964219016,-0.06928203230275502,-0.03355701386982906
0.9361111111111111,0.11632021595330257,0.22455220075989626,0.16780692089190397,-0.07517540966287246,0.015600473577562194
0.9388888888888889,0.12131087582982462,0.3191439316944767,0.16742906552536946,-0.027361611466052198,0.05776560180533481
0.9416666666666667,0.12639519617276276,0.3638789258610692,0.1670456560770865,0.03999999999999793,0.03043807361122199
0.9444444444444444,0.13156721751689746,0.2624440675937678,0.16665670526579904,0.07878462024097636,-0.114564475429905
0.9472222222222222,0.13682047800047467,0.3795845958955798,0.1662622259940733,0.061283555449518794,0.015218336451512991
0.95,0.14214801791861775,0.31161192792811643,0.16586223134786973,7.80802844398682e-17,0.0036016786616288963
0.9527777777777777,0.14754238687743546,0.2724100802926602,0.16545673459610877,-0.06128355544951869,0.020694514268634653
0.9555555555555556,0.15299565361095904,0.32006726664277396,0.1650457491902309,-0.07878462024097639,0.08081048408256036
0.9583333333333334,0.15849941850740787,0.1799667934309231,0.16462928876375044,-0.039999999999998065,-0.10316191384023715
0.9611111111111111,0.16404482887468264,0.3260586362129866,0.1642073671318029,0.027361611466056323,-0.02955517125955528
0.9638888888888889,0.16962259695751652,0.43812332105074386,0.1637799982906872,0.07517540966287241,0.029545316139667734
0.9666666666666667,0.1752230207005125,0.3287725294479715,0.16334719641740103,0.06928203230275509,-0.07907971997269712
0.9694444444444444,0.1808360072324799,0.4314342897176797,0.16290897586917072,0.01389185421335367,0.07379745240267545
0.9722222222222222,0.18645109902819812,0.31591127207128156,0.1624653511829749,-0.05142300877492433,0.01841783063503292
0.975,0.1920575026841379,0.31640303905137035,0.16201633707506227,-0.08,0.0423291992921702
0.9777777777777777,0.19764412022491742,0.27923587681436696,0.16156194844046354,-0.05142300877492427,-0.02854718307608973
0.9805555555555555,0.2031995828375254,0.41888182190168677,0.16110220035249712,0.013891854213353746,0.04068818449831053
0.9833333333333333,0.2087122869107845,0.4920550050752608,0.16063710806226922,0.06928203230275513,0.05342357779945192
0.9861111111111112,0.21417043223832663,0.4611564299062254,0.16016668699816794,0.07517540966287238,0.011643901006858418
0.9888888888888889,0.21956206222468488,0.41833467109102307,0.15969095276535142,0.027361611466051976,0.011720044634934798
0.9916666666666667,0.2248751059161599,0.35760218902547436,0.15920992114523025,-0.04000000000000207,0.013517161964086295
0.9944444444444445,0.23009742166104621,0.2668691462780446,0.15872360809494385,-0.0787846202409764,-0.04316726323696909
0.9972222222222222,0.23521684218781208,0.3247888824731069,0.15823202974683112,-0.06128355544951864,-0.007376434012017647
1.0,0.2402212208750423,0.39033029666031993,0.15773520240789543,1.5715093789827776e-16,-0.00762612662261794
1.0027777777777778,0.24509847897356662,0.48278487020002375,0.15723314255926354,0.061283555449518835,0.019169693217674755
1.0055555555555555,0.24983665352933754,0.5353383529714677,0.156725866855639,0.07878462024097635,0.049991212345514735
1.0083333333333333,0.2544239457454341,0.3977105337712649,0.1562133921247495,0.040000000000001805,-0.05292680409892047
1.011111111111111,0.25884876951317903,0.3809324418979366,0.1556957353667887,-0.02736161146605227,-0.006250451515978882
1.0138888888888888,0.26309979983587,0.41717008130979866,0.15517291375385248,-0.07517540966287249,0.07407277738294867
1.0166666666666666,0.26716602086413915,0.315349521750125,0.154644944629369,-0.06928203230275497,-0.03717941144062821
1.0194444444444444,0.2710367732595469,0.3701442636891966,0.15411184550752363,-0.013891854213357915,-0.04111250086451602
1.0222222222222221,0.274701800602736,0.4898137530418944,0.15357363407267766,0.05142300877492103,0.010115309591559679
1.025,0.2781512945643703,0.5534008822674183,0.15303032817878198,0.08,0.04221925952426601
1.0277777777777777,0.2813759385611644,0.4858521959629061,0.15248194584878466,0.05142300877492409,0.0005713027780329666
1.0305555555555554,0.2843669496255876,0.4888516302081162,0.1519285052740331,-0.013891854213353979,0.06644802952184946
1.0333333333333334,0.28711611822625976,0.412043809865499,0.1513700248136704,-0.06928203230275752,0.042839699128326345
1.0361111111111112,0.2896158457866146,0.40733796246227216,0.15080652299402675,-0.0751754096628723,0.042091003344503095
1.038888888888889,0.2918591796620223,0.4424414117701797,0.15023801850800447,-0.027361611466051757,0.027705825066204667
1.0416666666666667,0.29383984535013463,0.5998870305818993,0.1496645302144581,0.04000000000000228,0.11638265501730426
1.0444444444444445,0.29555227572566994,0.5131648886609137,0.14908607713756872,0.07878462024097724,-0.01025808444330221
1.0472222222222223,0.29699163710903115,0.4066017564214368,0.1485026784662129,0.06128355544951849,-0.1001761146033257
1.05,0.2981538519979323,0.5262809236271152,0.1479143535533262,-3.9238216023642367e-16,0.08021271807585706
1.0527777777777778,0.29903561831242864,0.36218821323032946,0.14732112191526112,-0.06128355544951899,-0.022884971547841283
1.0555555555555556,0.29963442502622545,0.37296683023354055,0.14672300323113976,-0.07878462024097631,0.005394022217151653
1.0583333333333333,0.2999485640807089,0.4715461156659384,0.14612001734220076,-0.039999999999997655,0.06547753424302635
1.0611111111111111,0.29997713850258295,0.3927379571668307,0.1455121842511415,0.027361611466052493,-0.08011297705294627
1.0638888888888889,0.29972006667111833,0.45721263975013826,0.14489952412145435,0.07517540966287257,-0.06258236070530697
1.0666666666666667,0.299178082706602,0.43267827543017195,0.14428205727675777,0.06928203230275486,-0.08006389685594269
1.0694444444444444,0.29835273297739945,0.41619757688960346,0.14365980420012203,0.013891854213353205,-0.0397068145012712
1.0722222222222222,0.2972463687488886,0.41083797580820713,0.14303278553339002,-0.0514230087749212,0.02198183030084968
1.075,0.2958621350231749,0.3844725492403057,0.1424010220764923,-0.08,0.02620939214063855
1.0777777777777777,0.29420395564372354,0.39835919062198444,0.1417645347867571,-0.0514230087749239,0.013813708966427689
1.0805555555555555,0.29227651476364375,0.3766534195605948,0.14112334477821517,0.01389185421335421,-0.07063829419461833
1.0833333333333333,0.29008523480011555,0.384339568592138,0.14047747332089933,0.06928203230275537,-0.11550517183163221
1.086111111111111,0.2876362510201631,0.505356281792695,0.139826941840139,0.07517540966287378,0.0027176792695191134
1.0888888888888888,0.2849363829244661,0.42788096462445446,0.1391717719158493,0.027361611466055806,-0.02358880168191679
1.0916666666666666,0.28199310261598065,0.40347437648362794,0.13851198528181524,-0.03999999999999854,0.02296928858583059
1.0944444444444446,0.2788145003586543,0.3729751652537112,0.13784760382497072,-0.07878462024097728,0.03509768131106351
1.0972222222222223,0.2754092475483254,0.3582164132864168,0.1371786495846727,-0.06128355544951541,0.006912071602934096
1.1,0.2717865573328528,0.4462983563536159,0.13650514475196984,6.276133825745697e-16,0.03800665426879269
1.1027777777777779,0.26795614313154387,0.47652737895568287,0.13582711166886643,0.06128355544951914,0.011460568705753422
1.1055555555555556,0.263928175314915,0.5043606036635457,0.13514457282758113,0.07878462024097627,0.026503235280073336
1.1083333333333334,0.259713236314689,0.39893712404099346,0.13445755086980113,0.039999999999997454,-0.035233663143494125
1.1111111111111112,0.25532227444064076,0.35274616086894606,0.1337660685859309,-0.02736161146605271,-0.008980570691572928
1.113888888888889,0.25076655668542713,0.3185001007697385,0.13307014891433616,-0.07517540966287264,0.009838804832847863
1.1166666666666667,0.24605762080086863,0.35017182720956763,0.1323698149405828,-0.06928203230275475,0.04102642377087094
1.1194444444444445,0.2412072269293065,0.3392934040013964,0.1316650898966715,-0.013891854213352975,-0.019687058611228606
1.1222222222222222,0.23622730907166992,0.44466467779346697,0.13095599716026657,0.051423008774924873,0.026058362786605633
1.125,0.23112992666981286,0.42808054732796474,0.13024256025392086,0.08,-0.01329193959576895
1.1277777777777778,0.22592721657458614,0.4009979198273984,0.12952480284429504,0.05142300877492373,-0.005877108366406519
1.1305555555555555,0.2206313456630934,0.3770181922923155,0.1288027487413729,-0.013891854213354442,0.04147595210120365
1.1333333333333333,0.2152544643587423,0.17439583540095033,0.12807642189767132,-0.0692820323027555,-0.0996530185527078
1.136111111111111,0.20980866129616807,0.19715548163700203,0.12734584640744573,-0.0751754096628737,-0.06482361640373806
1.1388888888888888,0.2043059193600113,0.22944608452770537,0.1266110465058907,-0.027361611466055584,-0.07410926987214105
1.1416666666666666,0.19875807331201914,0.2479493138879389,0.12587204656833625,0.039999999999998745,-0.11668080599241525
1.1444444444444444,0.1931767692051707,0.36317703854782757,0.12512887110943915,0.07878462024097653,-0.033913222007758835
1.1472222222222221,0.1875734257666609,0.4107102209849357,0.12438154478236962,0.06128355544951819,0.03747169498638702
1.15,0.18195919791379028,0.2913450869726587,0.12363009237799348,3.684628903951926e-15,-0.014244203319128738
1.1527777777777777,0.17634494254827107,0.24782543001989735,0.12287453882405003,-0.061283555449516365,0.009889504097092607
1.1555555555555554,0.17074118675535058,0.2685323505342381,0.12211490918432485,-0.07878462024097702,0.05446087483553963
1.1583333333333334,0.16515809851465157,0.3128936337858574,0.12135122865781849,-0.03999999999999725,0.06638430661338458
1.1611111111111112,0.1596054600099103,0.3040936973175712,0.12058352257791069,0.027361611466057204,-0.0034568967363069777
1.163888888888889,0.15409264360501876,0.41675916415788095,0.11981181641151956,0.07517540966287273,0.06767929447846986
1.1666666666666667,0.14862859053415076,0.3415530915168681,0.11903613575825726,0.06928203230275462,0.0046063329217054605
1.1694444444444445,0.1432217923343768,0.23350024170593703,0.11825650634958058,0.013891854213352742,-0.04186991119137311
1.1722222222222223,0.1378802750302615,0.17421020269333704,0.11747295404793734,-0.051423008774925054,-0.029720017609936762
1.175,0.1326115860615971,0.09527026527925467,0.1166855048459084,-0.08,-0.07402682562825082
1.1777777777777778,0.12742278392780185,0.1474872673315413,0.11589418486534563,-0.05142300877492355,-0.044406692686682625
1.1805555555555556,0.12232043050573142,0.23341047067186982,0.1150990203565052,0.013891854213354673,-0.01790083440372146
1.1833333333333333,0.11731058598181315,0.3410719069506757,0.11430003769717689,0.0692820323027556,0.04017925096893008
1.1861111111111111,0.11239880632462505,0.3871099709376052,0.11349726339180889,0.07517540966287206,0.0860384915582992
1.1888888888888889,0.10759014321038067,0.17853340297821285,0.1126907240706288,0.02736161146605537,-0.069109075768852
1.1916666666666667,0.10288914630132033,0.19441096620307743,0.11188044648876011,-0.039999999999998946,0.019641373412995947
1.1944444444444444,0.09829986776580402,0.07855450809228548,0.11106645752533476,-0.07878462024097657,-0.05202719695787672
1.1972222222222222,0.09382586891899321,0.16652595207523643,0.11024878418260116,-0.06128355544951804,0.0237348544231601
1.2,0.08947022885442661,0.19234334990507035,0.10942745358502895,1.0980758272508616e-15,-0.00655433253438633
1.2027777777777777,0.08523555492955223,0.16357631206510104,0.10860249297840883,0.06128355544951652,-0.09154529129237653
1.2055555555555555,0.08112399496237763,0.3140973945107277,0.10777392972894893,0.07878462024097697,0.04641484957842422
1.2083333333333333,0.0771372509918302,0.19382900667376157,0.10694179132236695,0.040000000000000986,-0.030250035640436553
1.211111111111111,0.07327659445115632,0.12532607642940358,0.10610610536297815,-0.027361611466053155,-0.026695011918677732
1.2138888888888888,0.06954288260169973,0.04614675194712413,0.10526689957278015,-0.07517540966287126,-0.0534876205644845
1.2166666666666666,0.06593657607364034,0.06836458172703866,0.10442420179053286,-0.06928203230275677,-0.03271416383437777
1.2194444444444446,0.06245775736069,0.17353846515291854,0.10357803997083519,-0.013891854213352511,0.02139452203474586
1.2222222222222223,0.059106150117275706,0.20379538402857833,0.10272844218319764,0.05142300877492523,-0.009462217046820277
1.225,0.05588113910931033,0.25418967583454566,0.1018754366111113,0.08,0.016433100114124053
1.2277777777777779,0.052781790673206326,0.22331994369568112,0.10101905155111272,0.051423008774919884,0.018096092696442186
1.2305555555555556,0.049806873542215226,0.2021074175171141,0.10015931541184546,-0.013891854213354904,0.06603308277640835
1.2333333333333334,0.04695487990442142,0.05982979677156412,0.09929625671311738,-0.06928203230275572,-0.017139307543218966
1.2361111111111112,0.04422404656267779,-0.0063643498575258264,0.09842990408495496,-0.07517540966287198,-0.0738428908422866
1.238888888888889,0.041612376073359165,0.1651721717025607,0.09756028626665326,-0.027361611466050872,0.05336112082859915
1.2416666666666667,0.03911765774793791,0.15923068124889708,0.09668743210582274,0.039999999999999154,-0.016574408604862735
1.2444444444444445,0.03673748840896364,0.2670631014362412,0.09581137055743208,0.07878462024097661,0.05572962222886885
1.2472222222222222,0.034469292799966994,0.20985383459145632,0.09493213068284793,0.06128355544951788,0.01916885565912352
1.25,0.03231034355701843,0.11980320869572059,0.09404974164887074,-1.3333070495890075e-15,-0.006556876510167247
1.2527777777777778,0.030257780658074416,0.07957725263763678,0.0931642327267672,-0.06128355544951959,0.017438794702314755
1.2555555555555555,0.028308630274749908,0.13935027133138725,0.0922756332912993,-0.07878462024097693,0.09755062800631498
1.2583333333333333,0.02645982295969736,0.18169282223213393,0.09138397281974968,-0.040000000000000785,0.10384902645268766
1.261111111111111,0.02470821111126651,0.14602816022490295,0.09048928089094413,0.027361611466053377,0.0034690567566389354
1.2638888888888888,0.02305058566550925,0.19582711217850604,0.08959158718427014,0.0751754096628729,0.008009529665853766
1.2666666666666666,0.021483691973805827,0.23326865362857424,0.0886909214786925,0.06928203230275666,0.05381200787331928
1.2694444444444444,0.020004244832377015,0.0794003610591315,0.08778731365176508,0.013891854213356756,-0.04228305163836736
1.2722222222222221,0.018608942637650377,0.07072024617228151,0.0868807936786403,-0.051423008774921924,0.016653518630912755
1.275,0.017294480648830216,0.02197272988221172,0.08597139163107433,-0.08,-0.0012931423976928202
1.2777777777777777,0.016057563346036915,0.06538910282042115,0.08505913767642974,-0.05142300877492319,0.01569541057287768
1.2805555555555554,0.014894915878999621,0.0712623918715545,0.08414406207667452,0.013891854213350659,-0.04166844029747029
1.2833333333333334,0.013803294607481214,0.08683314743216705,0.08322619518737845,0.06928203230275584,-0.07947837466544845
1.2861111111111112,0.012779496740363114,0.06661130206037667,0.08230556745670622,0.07517540966287191,-0.1036491717995646
1.288888888888889,0.011820369085603369,0.06469498432658073,0.0813822094244071,0.02736161146605065,-0.05586920564948039
1.2916666666666667,0.010922815928099816,0.02844520340193161,0.08045615172080174,-0.0400000000000033,-0.02293376424696665
1.2944444444444445,0.010083806056825032,-0.003832968450823102,0.07952742506576661,-0.07878462024097665,-0.014659579332438092
1.2972222222222223,0.009300378966463628,0.12347444190613618,0.07859606026771444,-0.061283555449517725,0.09686155812147584
1.3,0.008569650262168788,0.1415314069801078,0.07766208822257252,1.5685382719271534e-15,0.05529966849536491
1.3027777777777778,0.007888816298978196,0.09779335584417426,0.07672553991275768,0.06128355544951975,-0.04810455581708137
1.3055555555555556,0.007255158089899144,0.17921164735957223,0.07578644640614833,0.07878462024097689,0.017385422622547848
1.3083333333333333,0.006666044518704444,0.10115697155624304,0.07484483885505426,0.04000000000000058,-0.020353911817516255
1.3111111111111111,0.0061189348950938735,0.03843988002221848,0.07390074849518297,-0.0273616114660536,-0.014218191902004757
1.3138888888888889,0.005611380891090392,0.012656460343590088,0.07295420664460356,-0.07517540966287296,0.009266282470769101
1.3166666666666667,0.005141027898381338,0.038822796147104356,0.07200524470270762,-0.06928203230275427,0.030958555848769664
1.3194444444444444,0.004705615846806283,0.04490473158841705,0.07105389414916806,-0.013891854213356526,-0.016962924194200767
1.3222222222222222,0.004302979524364596,0.1790187514788991,0.07010018654289447,0.051423008774922105,0.05319257663671793
1.325,0.003931048438994629,0.0959782906528609,0.06914415352098648,0.08,-0.057096911307120204
1.3277777777777777,0.003587846261994851,0.12351363495271511,0.06818582679768384,0.05142300877492301,0.0003169531181134221
1.3305555555555555,0.0032714898923469973,0.1864885601721027,0.06722523816331497,-0.01389185421335089,0.1298836863297916
1.3333333333333333,0.0029801881803953848,0.01111456249214744,0.06626241948324199,-0.06928203230275369,0.011153987131263756
1.336111111111111,0.0027122403483714756,0.06449495871261056,0.06529740269680383,-0.07517540966287338,0.07166072533030864
1.3388888888888888,0.0024660341441635207,0.04401065140302563,0.0643302198162564,-0.027361611466054703,0.004576008908660409
1.3416666666666666,0.002240043763557861,0.1346398014557584,0.06336090292571116,0.039999999999999564,0.029038854766489836
1.3444444444444446,0.00203282757496047,0.14036777227637376,0.06238948418007038,0.07878462024097747,-0.0028391597196345767
1.3472222222222223,0.0018430256793890534,0.11602219787465723,0.061415995803960816,0.06128355544951758,-0.008520379058210221
1.35,0.0016693573373523227,0.023135707591744,0.060440470090664465,-1.8037694942652993e-15,-0.038974119836270985
1.3527777777777779,0.0015106182931556643,0.021205070192560613,0.05946293940104719,-0.061283555449519904,0.021515067947877664
1.3555555555555556,0.0013656780262426749,-0.06151236551153611,0.05848343616248568,-0.07878462024097607,-0.0425768594592884
1.3583333333333334,0.0012334769584611263,0.05201473164192359,0.05750199286779138,-0.040000000000000376,0.03327926181567146
1.3611111111111112,0.0011130236456915355,0.1392576274081737,0.05651864207413285,0.027361611466053818,0.054264350222295504
1.363888888888889,0.0010033919821673854,0.1500387884088573,0.055533416401955346,0.07517540966287305,0.018326570361861496
1.3666666666666667,0.0009037184461224908,0.1104196626049913,0.054546348533899246,0.06928203230275415,-0.014312436677784594
1.3694444444444445,0.000813199416204511,0.09096080380870668,0.05355747121371555,0.013891854213351816,0.022698278965434804
1.3722222222222222,0.0007310885894798164,-0.013558755717583297,0.0525668172451798,-0.051423008774922285,-0.01543365277732063
1.375,0.0006566945339145833,0.019008470298175695,0.05157441949100365,-0.08,0.046777356273257464
1.3777777777777778,0.0005893784110423147,-0.09182362370289157,0.05058031087174514,-0.05142300877492283,-0.09157030421075618
1.3805555555555555,0.0005285519082117834,0.047224562080351355,0.04958452436471628,0.0138918542133556,-0.016780368405932312
1.3833333333333333,0.00047367542443966913,0.018802200973882924,0.04858709300288934,0.0692820323027538,-0.09954059975619989
1.386111111111111,0.0004242565595483625,0.048434674584862114,0.0475880498738007,0.0751754096628733,-0.07475304151136025
1.3888888888888888,0.00037984896301518676,0.14252200003821885,0.0465874281184537,0.02736161146605448,0.06819311149069547
1.3916666666666666,0.0003400516068345491,0.050684561635638094,0.04558526093021901,-0.039999999999999765,0.0447592490985843
1.3944444444444444,0.0003045085557059628,-0.0698725417957767,0.04458158155373358,-0.07878462024097674,-0.03597401166423952
1.3972222222222221,0.0002729093179697398,-0.09255939564979787,0.0435764232837976,-0.061283555449520355,-0.07512517280204485
1.4,0.0002449898718216142,-0.10541163255599303,0.04256981946427042,-2.508472792261196e-15,-0.14822644189208256
1.4027777777777777,0.0002205344732773059,0.0758911180131269,0.0415618034869642,0.06128355544951712,-0.02717477539663173
1.4055555555555554,0.00019937836486864848,0.24055715800875174,0.0405524087905362,0.07878462024097681,0.12102075061237012
1.4083333333333334,0.00018141151676872457,0.10146729394932694,0.039541668859379604,0.03999999999999623,0.02174421357318237
1.4111111111111112,0.00016658354447612653,-0.01664402500153965,0.03852961722251274,-0.02736161146605404,-0.027978614302474475
1.413888888888889,0.00015490995871097265,-0.014250201776680047,0.037516287452466796,-0.07517540966287313,0.023254010475015314
1.4166666666666667,0.00014647991300863436,-0.11068175687529541,0.03650171316417214,-0.06928203230275404,-0.07804791764972215
1.4194444444444445,0.00014146562170001337,0.006869371287309986,0.03548592801384333,-0.013891854213351585,-0.014866168134881771
1.4222222222222223,0.0001401336244321463,0.09100598174800731,0.03446896569786228,0.05142300877492595,0.0049738736507869245
1.425,0.0001428580718382218,0.10928868543244678,0.033450859951660986,0.08,-0.004305032591052425
1.4277777777777778,0.00015013619898847347,0.1235450956070172,0.03243164454860204,0.051423008774922646,0.03954030608450403
1.4305555555555556,0.0001626061372908194,0.03491436653459614,0.03141135329885853,-0.013891854213355832,0.01723226131180262
1.4333333333333333,0.0001810671899186272,-0.005294644159145659,0.030390020048292055,-0.06928203230275619,0.03341630090539985
1.4361111111111111,0.00020650265893837612,-0.08001984243814231,0.029367678677330502,-0.07517540966287321,-0.03441861411153797
1.4388888888888889,0.0002401052624357358,0.04611362731675267,0.028344363099843787,-0.027361611466054262,0.04489077042052741
1.4416666666666667,0.00028330511555121776,0.14905025975876976,0.027320107262019014,0.039999999999999966,0.08144684738119957
1.4444444444444444,0.0003378001691076749,0.05690988956874789,0.026294945141234066,0.07878462024097678,-0.04850747598257063
1.4472222222222222,0.00040558890244641834,0.04257327231116666,0.025268910744930963,0.061283555449517274,-0.044384782785727994
1.45,0.0004890049526562784,0.09152025987815761,0.024242038109487416,2.27324156992305e-15,0.06678921681601165
1.4527777777777777,0.0005907532306563188,-0.04704564025452615,0.02321436129908782,-0.061283555449517274,-0.009567199334753015
1.4555555555555555,0.0007139469264056316,0.014306310693350066,0.022185914404593356,-0.07878462024097678,0.07019106960332785
1.4583333333333333,0.0008621446425848052,-0.0401079094096136,0.021156731542410757,-0.039999999999999966,-0.022126785594609195
1.461111111111111,0.0010393867211722094,0.12128012385411883,0.020126846853361073,0.027361611466049988,0.07275227881353556
1.4638888888888888,0.0012502296443107608,0.10209622464900182,0.019096294501546793,0.07517540966287166,0.006574290840272609
1.4666666666666666,0.0014997772048310585,0.1017583593469407,0.018065108673218696,0.06928203230275619,0.012911441166134761
1.4694444444444446,0.0017937069591213667,0.11095478583160934,0.017033323575641388,0.01389185421335135,0.07823590108349522
1.4722222222222223,0.0021382903033043132,-0.05137226890787101,0.016000973435959378,-0.051423008774926136,-0.01808852387220856
1.475,0.0025404043616348306,-0.10954760793455226,0.014968092500060832,-0.08,-0.047056104796247916
1.4777777777777779,0.003007533753399974,-0.056908970391498157,0.01393471503144206,-0.051423008774922466,-0.02242821040141772
1.4805555555555556,0.003547760221855931,0.05295718727743941,0.012900875310070477,0.013891854213356064,0.022616697532156935
1.4833333333333334,0.004169738076768347,0.007030424401746851,0.011866607631247935,0.0692820323027563,-0.07828795360902573
1.4861111111111112,0.004882653431824089,0.12276355453172447,0.010831946304472729,0.07517540966287158,0.03187354513255607
1.488888888888889,0.0056961653199541174,0.015916136557422605,0.00979692565230161,0.02736161146605404,-0.026938565880887163
1.4916666666666667,0.006620326952791845,0.032772539998680766,0.008761580009210911,-0.04000000000000017,0.05739063303667818
1.4944444444444445,0.007665485662759605,-0.18310620610278278,0.007725943720458036,-0.07878462024097681,-0.11971301524502359
1.4972222222222222,0.008842160432982893,-0.08507963263080084,0.00669005114094183,-0.06128355544951712,-0.03932828875520844
1.5,0.010160896383775769,-0.0685085745438683,0.0056539366340630825,-2.038010347584904e-15,-0.0843234075617051
1.5027777777777778,0.011632096143654949,0.03622181284555903,0.0046176345705842845,0.06128355544951743,-0.04131147331819763
1.5055555555555555,0.013265828682463222,0.10801492330637703,0.0035811793274899335,0.07878462024097674,0.012383295055447156
1.5083333333333333,0.015071616914438882,0.04865489092879673,0.002544605286845836,0.03999999999999976,-0.008961331272487745
1.511111111111111,0.01705820617540546,-0.021464336903391133,0.0015079468346586387,-0.027361611466054484,-0.012668878447400748
1.5138888888888888,0.01923331652127483,-0.06343009835086472,0.00047123835973523153,-0.07517540966287173,-0.00795924356900304
1.5166666666666666,0.021603382660666384,-0.038074723358550874,-0.000565485747458344,-0.06928203230275608,0.010169412030997173
1.5194444444444444,0.02417328619426574,-0.04174756121218248,-0.0016021910959372419,-0.0138918542133556,-0.05042680209715539
1.5222222222222221,0.02694608565558382,0.11107273318012023,-0.0026388432953389734,0.05142300877492283,0.03534248204495254
1.525,0.02992275059735212,0.13938064115956225,-0.0036754079570640707,0.08,0.0331332985192742
1.5277777777777777,0.03310190660873206,0.09906496157104572,-0.004711850695417172,0.05142300877492577,0.019251896882805052
1.5305555555555554,0.036479598644569476,0.04466627944003361,-0.005748137128747206,-0.013891854213351816,0.02782667213756316
1.5333333333333334,0.040049080364339136,-0.02119628477857264,-0.006784232880588332,-0.06928203230275642,0.014820900040432974
1.5361111111111112,0.04380063728365347,0.06255878917653554,-0.007820103580799813,-0.07517540966287149,0.10175366513655337
1.538888888888889,0.04772145140867515,0.00714941652329313,-0.008855714866706978,-0.027361611466049544,-0.004354708552625495
1.5416666666666667,0.05179551463351187,0.0665503213325431,-0.009891032384240316,0.040000000000000376,-0.015354160916728837
1.5444444444444445,0.05600359752099923,0.0861858169550317,-0.0109260217890755,0.07878462024097686,-0.0376763790178689
1.5472222222222223,0.060323279155977745,0.058033052328830353,-0.011960648747772525,0.061283555449516976,-0.051613133528891846
1.55,0.06472904256564073,-0.010489425753330742,-0.012994878938914956,-2.7446943836178834e-15,-0.06222358938005377
1.5527777777777778,0.0691924387632798,-0.050559660402031706,-0.014028678054247987,-0.061283555449517586,-0.044439865661545924
1.5555555555555556,0.07368232082058274,-0.023698330302814374,-0.015062011799816866,-0.07878462024097668,-0.0035340190826035657
1.5583333333333333,0.0781651475512111,0.03878505807899282,-0.016094845897104425,-0.039999999999999564,0.016714756424885725
1.5611111111111111,0.08260535444630444,0.09539692275579911,-0.01712714608416813,0.027361611466054703,0.0025571029276080896
1.5638888888888889,0.08696578750087358,0.10570555517548437,-0.018158878116776942,0.07517540966287338,-0.03827676387148565
1.5666666666666667,0.09120819357526301,0.1863094463094703,-0.019190007769546845,0.06928203230275597,0.04500922820099817
1.5694444444444444,0.09529375901852753,0.1259357460098538,-0.020220500837076473,0.013891854213355367,0.03697063361504738
1.5722222222222222,0.09918368651247605,0.018527939231370513,-0.02125032313508168,-0.05142300877492301,-0.00798241537110085
1.575,0.10283979854634304,-0.03208544918842238,-0.02227944050152981,-0.08,-0.0326458072332356
1.5777777777777777,0.1062251546677839,0.058915723136575796,-0.023307818797772495,-0.051423008774925595,0.02742139604148998
1.5805555555555555,0.10930466873351878,0.10825977841149763,-0.024335423909678425,0.013891854213352048,0.009398679374305224
1.5833333333333333,0.11204571184917245,0.08355915943240946,-0.02536222174876487,0.06928203230275427,-0.07240636297075238
1.586111111111111,0.114418686576272,0.15980690518659593,-0.026388178253328783,0.07517540966287296,-0.003399012799220245
1.5888888888888888,0.11639755831352591,0.1294477009937223,-0.027413259389576256,0.027361611466053596,0.013101790603719052
1.5916666666666666,0.11796033053162826,0.004538160054492091,-0.028437431152751824,-0.03999999999999664,-0.04498473932438769
1.5944444444444446,0.11908945174118012,0.020336341573808925,-0.02946065956826645,-0.07878462024097689,0.009492169641872151
1.5972222222222223,0.11977214367038408,-0.044735446734846696,-0.030482910692824498,-0.06128355544951682,-0.07274112426288946
1.6,0.12000064207559878,0.15530579646066053,-0.03150415061554977,2.9799256059560295e-15,0.06680930500060854
1.6027777777777779,0.1197723438421288,0.21092905308551063,-0.032524345459110406,0.06128355544952066,0.06239749925297159
1.6055555555555556,0.11908985648148658,0.1517051486264723,-0.0335434613808427,0.07878462024097665,-0.012625866715148239
1.6083333333333334,0.1179609487126292,0.14157220103070856,-0.03456146457387365,0.039999999999999356,0.01817271689195366
1.6111111111111112,0.11639840344070251,-0.06703762758358894,-0.03557832126824277,-0.027361611466054925,-0.12049609828999375
1.613888888888889,0.11441977702810119,-0.05516701338006075,-0.03659399773202184,-0.07517540966287346,-0.057817383013266645
1.6166666666666667,0.11204707120152635,-0.009532367381267906,-0.0376084602724342,-0.06928203230275357,-0.014688946007606491
1.6194444444444445,0.10930632617303619,0.003186145651365782,-0.038621675236972304,-0.013891854213355134,-0.053606651071342964
1.6222222222222222,0.10622714549954627,0.15373636939148808,-0.03963360901451433,0.05142300877492319,0.03571982413153294
1.625,0.10284216480233607,0.24206276330329704,-0.040644228036438725,0.08,0.0998648265373997
1.6277777777777778,0.0991864776685134,0.050125251694232154,-0.04165349877773808,0.051423008774921924,-0.0588307359714651
1.6305555555555555,0.0952970328285596,-0.0031293793471878634,-0.04266138775813106,-0.013891854213356758,-0.04187317020425964
1.6333333333333333,0.09121201703329954,-0.009965458397131699,-0.04366786154317337,-0.06928203230275438,0.011772418415496517
1.636111111111111,0.08697023794212058,0.047677748958860774,-0.044672886745366396,-0.07517540966287445,0.08055580742498104
1.6388888888888888,0.08261052080055904,-0.051546236317754554,-0.045676430025265065,-0.027361611466053377,-0.06111871562699516
1.6416666666666666,0.07817113176307963,0.08394447978583988,-0.0466784580925837,0.039999999999996844,0.0124518061153471
1.6444444444444444,0.07368923945269268,0.19585986452702453,-0.04767893770730054,0.07878462024097693,0.09106494254065545
1.6472222222222221,0.06920042480034928,-0.0007818128398545815,-0.04867783568076009,0.06128355544951959,-0.08258795740896337
1.65,0.06473824743905675,-0.048990331780003255,-0.049675118876774275,5.879790189435107e-15,-0.0640534603422916
1.6527777777777777,0.06033387501041762,-0.07280076497486374,-0.05067075421272154,-0.061283555449517885,-0.021180330323041913
1.6555555555555554,0.056015779746612704,-0.10046296979777988,-0.05166470866064463,-0.0787846202409774,-0.026029420642770553
1.6583333333333334,0.05180950468926675,-0.00021738017139597693,-0.052656949248345804,-0.039999999999999154,0.040630064387682234
1.6611111111111112,0.04773749996465863,0.033534654361279365,-0.05364744306048059,0.027361611466059418,0.012082985991041904
1.663888888888889,0.043819027712406956,-0.024389822846476027,-0.05463615723965009,0.07517540966287353,-0.08874810298210642
1.6666666666666667,0.04007013261370206,0.07949962607400773,-0.05562305898749059,0.06928203230275572,0.025770520145040544
1.6694444444444445,0.03650367352699222,-0.0350895321932018,-0.05660811556576192,0.013891854213350426,-0.02887694436778253
1.6722222222222223,0.03312941054460051,-0.012162531680693915,-0.057591294297432996,-0.051423008774923375,0.06372236084706195
1.675,0.029954140852539005,-0.13999779853707317,-0.058572562567766176,-0.08,-0.03137937682184599
1.6777777777777778,0.026981876116182944,-0.11582378463924956,-0.05955188782539895,-0.051423008774921744,-0.03183076415511179
1.6805555555555556,0.024214053724283202,0.0046332508944381505,-0.060529237583424135,0.013891854213352511,0.027056580540226572
1.6833333333333333,0.02164977409130806,0.0675735510904446,-0.06150457942046706,0.06928203230275677,0.03814632411684683
1.6861111111111111,0.01928605632337287,0.0543885532012945,-0.06247788098176136,0.07517540966287281,0.02240496819681018
1.6888888888888889,0.017118104869434516,-0.10324925951397061,-0.06344910998022214,0.027361611466057426,-0.08427986586924041
1.6916666666666667,0.015139580275375092,-0.06237693192573072,-0.06441823419751738,-0.040000000000000986,0.026901721996412553
1.6944444444444444,0.013342867798827917,-0.18254237651100438,-0.06538522148513615,-0.0787846202409762,-0.051715402583719955
1.6972222222222222,0.011719338387934803,-0.10415045124762397,-0.06635003976545543,-0.06128355544951652,0.011763805579413176
1.7,0.010259597325837927,-0.12823978147692028,-0.06731265703280408,-1.0970854582323202e-15,-0.07118672176995301
1.7027777777777777,0.008953716583591863,0.024280338055735366,-0.06827304135452479,0.06128355544951511,0.022316107377153185
1.7055555555555555,0.0077914472386953,-0.022985038607729748,-0.06923116087203299,0.07878462024097657,-0.04032994521536863
1.7083333333333333,0.006762406839406291,-0.08755630947549084,-0.07018698380187394,0.04000000000000289,-0.06413173251302609
1.711111111111111,0.005856228552516038,-0.05695485452619638,-0.07114047843677702,-0.02736161146605537,0.03569100682411998
1.7138888888888888,0.00506262933858804,-0.13012216738715393,-0.07209161314670749,-0.07517540966287206,0.012082226083837565
1.7166666666666666,0.004371261982700432,-0.1686499667696183,-0.073040356379916,-0.06928203230275788,-0.030698840069644857
1.7194444444444446,0.00377096329838799,-0.011548625127898386,-0.07398667666398491,-0.013891854213354671,0.07255894245105321
1.7222222222222223,0.003247410609545731,-0.04229274430088668,-0.07493054260687232,0.05142300877492703,-0.022032621078487122
1.725,0.0027769864315690764,0.008510447232162132,-0.07587192289795368,0.08,0.0016053836985467332
1.7277777777777779,0.0023126788180322343,-0.009629426332180144,-0.0768107863090605,0.05142300877491808,0.013445672383930046
1.7305555555555556,0.0017556297304387439,-0.12086662288486505,-0.0777471016955159,-0.013891854213357223,-0.030983296706430682
1.7333333333333334,0.0009055741320879765,-0.12350048149783822,-0.07868083799716802,-0.06928203230275463,0.02355681466999647
1.7361111111111112,-0.0006108505572606294,-0.18207084181778826,-0.07961196423942025,-0.07517540966287117,-0.026672617358236225
1.738888888888889,-0.003418004000186953,-0.13190198111130944,-0.0805404495342591,-0.027361611466052933,-0.020581916110810464
1.7416666666666667,-0.008430406083513739,0.018235462825372327,-0.08146626308127825,0.03999999999999725,0.06813213199016706
1.7444444444444445,-0.01677832988482132,-0.07241238643816665,-0.0823893741687007,0.07878462024097702,-0.05202930262562166
1.7472222222222222,-0.029541528719854365,-0.17220674199120695,-0.08330975217439736,0.06128355544951929,-0.12063901654647452
1.75,-0.04726823052030952,-0.050948747336621726,-0.08422736656690324,-3.685619272970467e-15,0.08054684975059473
1.7527777777777778,-0.06937853347806636,-0.08833787820366412,-0.0851421869064297,-0.06128355544951819,0.12746639763035014
1.7555555555555555,-0.09369085948496399,-0.2787931258442825,-0.08605418284587464,-0.07878462024097732,-0.020263463272466593
1.7583333333333333,-0.11636454980558221,-0.34016977596841924,-0.08696332413182903,-0.039999999999998745,-0.09684190203100927
1.761111111111111,-0.13242843399171886,-0.20846060194104515,-0.08786958060558044,0.027361611466051313,-0.015524198809797189
1.7638888888888888,-0.13677642913285148,-0.1646850891661251,-0.08877292220411385,0.0751754096628737,-0.01431114749203346
1.7666666666666666,-0.12521487359565733,-0.1551023523051231,-0.08967331896110839,0.0692820323027555,-0.009496192051112852
1.7694444444444444,-0.09506386258316878,-0.22741215147383403,-0.09057074100793176,0.01389185421335892,-0.05566940209609242
1.7722222222222221,-0.045059878416057686,-0.1589699886417885,-0.09146515857463094,-0.05142300877492373,0.02897805712382387
1.775,0.025237241663108475,-0.12089393156350708,-0.09235654199091987,-0.08,0.02622536876430431
1.7777777777777777,0.11595953190904944,-0.10342861954400075,-0.09324486168716346,-0.05142300877492138,-0.07472028099096532
1.7805555555555554,0.22678060075841822,0.1815022033611569,-0.09413008819535867,0.013891854213352975,0.03495983658474439
1.7833333333333334,0.3559012240096699,0.43280531325960947,-0.095012192150112,0.06928203230275702,0.10263424909729456
1.7861111111111112,0.4985510519695324,0.48643333396464444,-0.09589114428961362,0.07517540966287264,0.008598016621852993
1.788888888888889,0.6458203704350528,0.5595488083410679,-0.09676691545660808,0.02736161146604844,-0.0168662581034253
1.7916666666666667,0.7846694610281307,0.6399298237083918,-0.09763947659936145,-0.040000000000001396,-0.0071001607203760655
1.7944444444444445,0.899552452929029,0.7530218722638555,-0.09850879877262518,-0.07878462024097627,0.030762838348428065
1.7972222222222223,0.9754135784749735,0.7282215896115001,-0.09937485313859633,-0.06128355544951622,-0.08653358027536091
1.8,1.0011733198018904,0.909155243982881,-0.10023761096787391,-6.266230135560282e-16,0.008219535148865113
1.8027777777777778,0.9725197813647751,0.9131830957007437,-0.10109704364041218,0.061283555449521264,-0.019523197473140505
1.8055555555555556,0.893012444827717,0.9622351930700258,-0.10195312264646998,0.07878462024097649,0.09239125064780228
1.8083333333333333,0.7731218817054776,0.7016074254276757,-0.10280581958755645,0.04000000000000248,-0.008708636690247894
1.8111111111111111,0.6275979811250912,0.5799756440376382,-0.10365510617737324,-0.027361611466055806,0.08339438055597599
1.8138888888888889,0.47213578055069594,0.23727238175597082,-0.10450095424275252,-0.07517540966287223,-0.055187034889100366
1.8166666666666667,0.3204483685960768,0.17518595890887143,-0.10534333572459188,-0.0692820323027531,0.029362958340139612
1.8194444444444444,0.18253786918680073,0.07843380548422309,-0.10618222267878488,-0.01389185421335421,0.01597001318956144
1.8222222222222222,0.06437247292292661,-0.03467446797254048,-0.1070175872771484,0.051423008774920426,-0.04345236239323912
1.825,-0.03137764877330606,-0.05035724484980431,-0.10784940180834528,0.08,0.008869805731847022
1.8277777777777777,-0.10418517700194913,-0.10081386506424836,-0.10867763867880395,0.051423008774924686,0.060625941841580024
1.8305555555555555,-0.15468741953563256,-0.2942711293769449,-0.10950227041363358,-0.013891854213348726,-0.016189585214330036
1.8333333333333333,-0.1841958584719639,-0.4483992928907427,-0.11032326965753578,-0.06928203230275486,-0.08459813245848817
1.836111111111111,-0.1946614120908228,-0.3818555722532809,-0.11114060917571167,-0.07517540966287413,-0.0008781413238722956
1.8388888888888888,-0.1888331176017351,-0.37327014566217875,-0.11195426185476556,-0.02736161146605249,-0.045121154739625635
1.8416666666666666,-0.17031013847377097,-0.26019138611057174,-0.11276420070360434,0.03999999999999766,-0.01711704693319412
1.8444444444444446,-0.14331322908902727,-0.18217839618663922,-0.113570398854333,0.0787846202409771,-0.004079388484256049
1.8472222222222223,-0.11219241605341049,-0.2505643009678128,-0.11437282956314544,0.06128355544951899,-0.08528261080077587
1.85,-0.0808349004992283,-0.27678928367647854,-0.1151714662112122,-4.156081717646759e-15,-0.0807829169660339
1.8527777777777779,-0.052178789594805146,-0.20532528557361052,-0.11596628230556315,-0.06128355544951849,0.024103341776276266
1.8555555555555556,-0.027977208069639166,-0.24965501459906522,-0.11675725147996638,-0.07878462024097566,-0.02613593480848402
1.8583333333333334,-0.008844769479959515,-0.2946263340667892,-0.117544347495803,-0.039999999999998335,-0.12823721709102837
1.8611111111111112,0.005483358950183436,-0.046240371996295354,-0.1183275442429373,0.027361611466051757,0.039242201830406755
1.863888888888889,0.015799938946122458,-0.014512979367874768,-0.11910681574058307,0.07517540966287385,0.013618487763711993
1.8666666666666667,0.023094989480725334,-0.06319885555650893,-0.11988213613816531,0.06928203230275524,-0.0356937412018242
1.8694444444444445,0.028315935182795043,-0.14428720087294564,-0.1206534797161781,0.0138918542133495,-0.06584151055291208
1.8722222222222222,0.03223766920270045,-0.09881576564354401,-0.12142082088703725,-0.05142300877492409,0.041790394815716864
1.875,0.035424478394518885,-0.1492921246733892,-0.12218413419592958,-0.08,0.01746753112802148
1.8777777777777778,0.03824977286428886,-0.016986516098085526,-0.12294339432165703,-0.05142300877492103,0.11913011413420367
1.8805555555555555,0.040940873785030175,-0.04785641814284645,-0.12369857607747693,0.01389185421335344,0.021009429936246868
1.8833333333333333,0.04362623231068886,0.00784376726460511,-0.1244496544119372,0.0692820323027527,0.019385157063100743
1.886111111111111,0.04637378297473934,-0.011993808277523936,-0.1251966044097075,0.07517540966287249,-0.008346396505428257
1.8888888888888888,0.049217504954700966,-0.008521491511608706,-0.12593940129240577,0.027361611466056545,0.04083879336003955
1.8916666666666666,0.052173733695626404,-0.08325002666138802,-0.1266780204194203,-0.040000000000001805,0.03125426006240769
1.8944444444444444,0.05525021942150605,-0.08836058767993743,-0.12741243728872687,-0.07878462024097635,0.06258625042825976
1.8972222222222221,0.05845072640110793,-0.15704160251797977,-0.12814262753770173,-0.06128355544952176,-0.026066145931864237
1.9,0.06177718035998112,-0.08886176023114675,-0.1288685669439296,-1.561605688797364e-16,-0.021770373647198117
1.9027777777777777,0.06523059111744184,-0.027031243404649075,-0.12959023142600762,0.06128355544951572,-0.023955158545599008
1.9055555555555554,0.06881141406809892,0.05682852332368114,-0.13030759704434364,0.0787846202409764,0.03954008605894946
1.9083333333333334,0.07251967446687997,0.05641775647976002,-0.13102064000195077,0.0399999999999942,0.07491872201483661
1.9111111111111112,0.07635499900145164,-0.10567797376730616,-0.1317293366452365,-0.02736161146605625,-0.022942024657465032
1.913888888888889,0.08031661401511217,-0.1485311455022023,-0.13243366346478752,-0.07517540966287238,-0.021238686389654565
1.9166666666666667,0.0844033330100409,-0.10230843519537182,-0.1331335970961498,-0.06928203230275286,0.01570386119348996
1.9194444444444445,0.08861354151098137,-0.07139550202362059,-0.13382911432060315,-0.013891854213353745,-0.012288075000645072
1.9222222222222223,0.09294518204761766,0.05745068141360806,-0.13452019206593185,0.05142300877492775,0.0476026826569945
1.925,0.09739574020793644,-0.07039993173020571,-0.1352068074071898,0.08,-0.11258886453095235
1.9277777777777778,0.10196223214328458,-0.023838948995097073,-0.13588893756746126,0.05142300877492433,-0.04133525234584473
1.9305555555555556,0.10664119373505622,-0.08293803709499033,-0.1365665599186161,-0.013891854213358147,-0.0391208166980723
1.9333333333333333,0.11142867158246186,-0.21111081332166112,-0.13723965198206062,-0.06928203230275509,-0.11601780061930725
1.9361111111111111,0.11632021595330257,-0.144945307357495,-0.13790819142948338,-0.07517540966287396,-0.048181922218440205
1.9388888888888889,0.12131087582982462,-0.09038069751211898,-0.13857215608359527,-0.02736161146605205,-0.04575780579229631
1.9416666666666667,0.12639519617276276,0.017108439527953143,-0.13923152391886617,0.039999999999998065,-0.010055232725941518
1.9444444444444444,0.13156721751689746,0.12611385927863303,-0.1398862730622548,0.07878462024097718,0.05564829458301318
1.9472222222222222,0.13682047800047467,0.0453146190965238,-0.14053638179393443,0.06128355544951869,-0.012253032559535118
1.95,0.14214801791861775,-0.05057449664294933,-0.14118182854801387,4.468402855406232e-15,-0.05154068601355769
1.9527777777777777,0.14754238687743546,-0.05841148754601194,-0.14182259191325214,-0.061283555449518794,-0.0028477270606764495
1.9555555555555555,0.15299565361095882,-0.015788936191720282,-0.14245865063376942,-0.07878462024097715,0.05245868107206747
1.9583333333333333,0.1584994185074076,-0.07338850590808746,-0.14308998360975186,-0.03999999999999793,-0.048797940805745246
1.961111111111111,0.16404482887468244,0.0021611262465109637,-0.14371656989815124,0.027361611466052198,-0.04552874419607243
1.9638888888888888,0.16962259695751628,0.12838706587071796,-0.1443383887133804,0.07517540966287091,0.027927447963711174
1.9666666666666666,0.17522302070051227,0.0884728277887253,-0.14495541942800197,0.06928203230275502,-0.011076805786540028
1.9694444444444446,0.18083600723248017,0.08153445440788953,-0.1455676415734134,0.013891854213349035,0.032374234535473716
1.9722222222222223,0.1864510990281983,-0.01182928417701612,-0.14617503484052516,-0.05142300877492445,-0.0006823395897648381
1.975,0.19205750268413813,0.00036310600818115213,-0.14677757908043532,-0.08,0.03508318240447835
1.9777777777777779,0.19764412022491762,-0.05290804855713216,-0.14737525430509707,-0.05142300877492066,-0.051753905702032046
1.9805555555555556,0.20319958283752562,0.06851916382348364,-0.1479680406879825,0.013891854213353901,-0.000604232539413372
1.9833333333333334,0.20871228691078472,0.11890389993064439,-0.14855591856473999,0.06928203230275749,-0.010534500718157841
1.9861111111111112,0.21417043223832663,0.07941242726214615,-0.14913886843384627,0.07517540966287233,-0.06079454620520654
1.988888888888889,0.21956206222468488,0.019032905340052614,-0.14971687095725394,0.0273616114660561,-0.07817389739343443
1.9916666666666667,0.2248751059161599,0.06887265071885823,-0.15028990696103256,-0.040000000000002214,0.034287451763733094
1.9944444444444445,0.23009742166104621,-0.01709277512683366,-0.15085795743600453,-0.07878462024097643,-0.017547619110898905
1.9972222222222222,0.23521684218781208,-0.028601730882446275,-0.1514210035383763,-0.061283555449515616,-0.05111401408236648
2.0,0.2402212208750423,0.08343324743851324,-0.15197902659036275,3.143018757965555e-16,-0.004808946846166613
2.0027777777777778,0.24509847897356662,0.2102509692097404,-0.15253200808080739,0.061283555449516025,0.05640094286746514
2.0055555555555555,0.24983665352933754,0.06150445183592157,-0.15307992966579614,0.07878462024097632,-0.11403689226859615
2.0083333333333333,0.2544239457454341,0.06596923808100374,-0.15362277316926568,0.04000000000000166,-0.07483193449516633
2.011111111111111,0.25884876951317903,0.0311823153687521,-0.15416052058360685,-0.02736161146605669,-0.04614432209476338
2.013888888888889,0.26309979983587,0.10629017943875244,-0.1546931540702615,-0.07517540966287255,0.07305894333601645
2.0166666666666666,0.26716602086413915,0.056792681747032114,-0.1552206559603147,-0.06928203230275717,0.014129349145964826
2.0194444444444444,0.2710367732595469,0.13976777231417425,-0.1557430087550807,-0.013891854213353283,0.038365862023061345
2.022222222222222,0.274701800602736,0.11285656829466259,-0.15626019512668304,0.05142300877492114,-0.05700804595631153
2.025,0.2781512945643703,0.14540230288221387,-0.15677219791863015,0.08,-0.055976793763526315
2.0277777777777777,0.2813759385611644,0.1979106330258401,-0.15727900014638377,0.051423008774923964,0.022390685836135522
2.0305555555555554,0.2843669496255876,0.11560822696108772,-0.15778058499792258,-0.013891854213349654,0.0029137165467723277
2.033333333333333,0.28711611822625954,0.08699409103241038,-0.15827693583430016,-0.06928203230275533,0.02743694094320633
2.036111111111111,0.2896158457866144,0.046288850387121494,-0.15876803619019653,-0.07517540966287381,-0.009383549546422607
2.0388888888888888,0.29185917966202213,0.11915088474422864,-0.1592538697744647,-0.027361611466060153,0.01390718632273135
2.0416666666666665,0.29383984535013447,0.18201137912471743,-0.159734420470671,0.039999999999998474,0.00790595424525546
2.0444444444444443,0.29555227572566983,0.2530155930832624,-0.16020967233762942,0.07878462024097568,0.03888836945424627
2.047222222222222,0.29699163710903104,0.23794599704584202,-0.16067960960993094,0.061283555449518384,0.040350414097223536
2.05,0.29815385199793226,0.05601603557988166,-0.1611442166984661,3.9979404107299405e-15,-0.0809935997195885
2.0527777777777776,0.2990356183124286,-0.03621484309506967,-0.1616034781909422,-0.06128355544951325,-0.11236342776704278
2.0555555555555554,0.2996344250262254,0.10887969581542883,-0.16205737885239485,-0.07878462024097707,0.050087269882575364
2.058333333333333,0.2999485640807089,0.15682891511810748,-0.16250590362569287,-0.0400000000000054,0.05938625466309683
2.061111111111111,0.29997713850258295,0.11335856136093048,-0.16294903763203825,0.027361611466052642,-0.05103115097566688
2.063888888888889,0.2997200666711183,0.11851693983525141,-0.16338676617145959,0.07517540966287417,-0.09299177032728144
2.066666666666667,0.29917808270660196,0.20959278133641296,-0.16381907472329926,0.06928203230275023,0.004951741050360046
2.0694444444444446,0.29835273297739934,0.19454054956157835,-0.16424594894669603,0.013891854213348572,0.04654191131752647
2.0722222222222224,0.2972463687488885,0.17103571141461965,-0.16466737468105977,-0.05142300877492481,0.08987972612171574
2.075,0.2958621350231748,0.07659367568170525,-0.16508333794654212,-0.08,0.02581487860507255
2.077777777777778,0.2942039556437234,0.05870128709501876,-0.1654938249444996,-0.05142300877492031,-0.018585834829284748
2.0805555555555557,0.2922765147636436,0.09561301583980339,-0.16589882205795142,0.013891854213354364,-0.04465653107924314
2.0833333333333335,0.2900852348001154,0.19364151583437422,-0.16629831585203161,0.06928203230275772,0.0005725645835327209
2.0861111111111112,0.2876362510201629,0.1811561324143379,-0.16669229307443434,0.07517540966287217,-0.01496323519426282
2.088888888888889,0.2849363829244659,0.09446385844821881,-0.1670807406558534,0.02736161146604711,-0.05075339528644081
2.091666666666667,0.28199310261598043,0.1769672394487259,-0.16746364571041625,-0.04000000000000261,0.10243778254316434
2.0944444444444446,0.2788145003586543,0.1214473046851734,-0.16784099553611093,-0.07878462024097652,0.08925842010360656
2.0972222222222223,0.2754092475483254,0.10271534866137375,-0.16821277761520778,-0.06128355544951531,0.05680243417777142
2.1,0.2717865573328528,0.05716505782772252,-0.16857897961467466,7.847643204728473e-16,-0.04604251989045638
2.102777777777778,0.26795614313154387,0.20305107540934414,-0.16893958938658582,0.061283555449522166,0.04275096621486394
2.1055555555555556,0.263928175314915,0.20539952106226111,-0.16929459496852525,0.07878462024097624,0.031981320474895096
2.1083333333333334,0.259713236314689,0.15219653294090985,-0.16964398458398308,0.04000000000000125,0.02212728121020265
2.111111111111111,0.25532227444064076,0.12045617968402589,-0.1699877466427466,-0.027361611466057135,0.06248326335218886
2.113888888888889,0.25076655668542713,0.03703383442433364,-0.17032586974128466,-0.0751754096628727,0.03176855714306387
2.1166666666666667,0.24605762080086863,0.043117957650207234,-0.17065834266312577,-0.06928203230275239,0.037000711815216775
2.1194444444444445,0.2412072269293065,0.08817553250533378,-0.1709851543792304,-0.013891854213352818,0.03184531416861051
2.1222222222222222,0.23622730907166992,0.13338359419834,-0.1713062940483567,0.05142300877492151,0.017039570400105297
2.125,0.23112992666981286,0.05032761916668346,-0.17162175101742022,0.08,-0.08918055648570918
2.1277777777777778,0.22592721657458614,0.10959976439819029,-0.17193151482184732,0.051423008774923604,0.004181053870527861
2.1305555555555555,0.2206313456630934,0.006694318321364856,-0.17223557518592214,-0.013891854213350117,-0.02780959794245626
2.1333333333333333,0.2152544643587423,-0.090553537849142,-0.17253392202312767,-0.06928203230275556,-0.06399204788200102
2.136111111111111,0.20980866129616807,0.04589753716185532,-0.17282654543648032,-0.07517540966287364,0.0840908309650412
2.138888888888889,0.2043059193600113,0.09028063921938724,-0.17311343571885807,-0.027361611466051167,0.08644976704428518
2.1416666666666666,0.19875807331201914,0.13332451997347597,-0.17339458335332264,0.039999999999998884,0.0679610300147806
2.1444444444444444,0.1931767692051707,0.11105208127550495,-0.17366997901343526,0.07878462024097577,0.012760670842793732
2.147222222222222,0.1875734257666609,0.14244862370024614,-0.1739396135635657,0.061283555449518086,0.06753125604763284
2.15,0.18195919791379028,0.008358378884689294,-0.17420347805919578,3.527477966053648e-15,0.0006026590300912772
2.1527777777777777,0.17634494254827107,-0.04926031280357515,-0.17446156374721578,-0.0612835554495194,0.01013986384488897
2.1555555555555554,0.17074118675535058,-0.1374308640749404,-0.1747138620662149,-0.07878462024097699,-0.05467356852309915
2.158333333333333,0.16515809851465205,-0.029952700907176222,-0.1749603646467653,-0.04000000000000499,0.019849565224942002
2.161111111111111,0.15960546000991074,0.01478530458548516,-0.17520106331169955,0.027361611466053086,0.003019296421220855
2.1638888888888888,0.1540926436050192,-0.011300502650215066,-0.17543595007638227,0.07517540966287123,-0.06513260584172323
2.1666666666666665,0.14862859053415123,0.0396857500971014,-0.17566501714897453,0.06928203230275455,-0.0025598555908298453
2.1694444444444443,0.14322179233437723,-0.022761088575798838,-0.1758882569306927,0.013891854213357065,-0.003986478192840424
2.172222222222222,0.13788027503026196,0.0002296625715152989,-0.17610566201606045,-0.051423008774918205,0.089878058332232
2.175,0.1326115860615975,-0.07899497270588615,-0.17631722519315413,-0.08,0.04471066642567048
2.1777777777777776,0.12742278392780226,-0.09995089233639373,-0.1765229394438424,-0.05142300877492691,0.0005722719545733008
2.1805555555555554,0.12232043050573181,-0.02807114773488699,-0.17672279794401882,0.01389185421334587,0.012439365490054151
2.183333333333333,0.11731058598181354,0.011886443125948623,-0.17691679406382824,0.06928203230275341,0.002210618905209903
2.186111111111111,0.11239880632462543,0.000323595379836325,-0.17710492136788683,0.07517540966287511,-0.010145699239777387
2.188888888888889,0.1075901432103803,-0.09645677880848283,-0.17728717361549545,0.02736161146604667,-0.05412135986941435
2.191666666666667,0.10288914630131996,-0.12212699233987612,-0.1774635447608466,-0.04000000000000302,-0.007552593880346463
2.1944444444444446,0.09829986776580364,-0.19542369426102557,-0.17763402895322533,-0.07878462024097818,-0.03730491283262567
2.1972222222222224,0.09382586891899286,-0.20777208401388236,-0.17779862053720286,-0.06128355544951501,-0.06251577694615733
2.2,0.08947022885442628,-0.06292599447102028,-0.17795731405282456,1.2552267651491394e-15,0.025561090727376737
2.202777777777778,0.0852355549295519,-0.012027760860054651,-0.17811010423579077,0.06128355544952247,0.01956323299666175
2.2055555555555557,0.0811239949623773,-0.10768374638268216,-0.17825698601763174,0.07878462024097617,-0.0893353755684039
2.2083333333333335,0.0771372509918299,-0.06739493540880896,-0.17839795452587548,0.03999999999999297,-0.0061342318747563615
2.2111111111111112,0.073276594451156,-0.08283295280411498,-0.17853300508420958,-0.02736161146605758,0.04978506929499618
2.213888888888889,0.06954288260169944,-0.1313334733289937,-0.1786621332126363,-0.07517540966287287,0.052961186944816045
2.216666666666667,0.06593657607364008,-0.13083894871247126,-0.1787853346276211,-0.06928203230275215,0.05129184214426194
2.2194444444444446,0.06245775736069,-0.12839104174982416,-0.1789026052422348,-0.013891854213352355,0.0019456603450729902
2.2222222222222223,0.059106150117275706,-0.11073704867254919,-0.17901394116628921,0.05142300877492186,-0.042252266398457555
2.225,0.05588113910931033,-0.09742314096505875,-0.17911933870646604,0.08,-0.05418494136790303
2.227777777777778,0.052781790673206326,-0.05778374968079208,-0.17921879436643953,0.05142300877492325,0.017230245237517875
2.2305555555555556,0.049806873542215226,-0.12443328379987859,-0.17931230484699243,-0.013891854213359539,0.018964001718258152
2.2333333333333334,0.04695487990442142,-0.13736046386420647,-0.17939986704612537,-0.0692820323027558,0.06436655558025327
2.236111111111111,0.04422404656267779,-0.15543385864225137,-0.17948147805915982,-0.07517540966287349,0.05499898251710418
2.238888888888889,0.041612376073359165,-0.17191780339808463,-0.17955713517883445,-0.027361611466050723,-0.006611432826558606
2.2416666666666667,0.03911765774793791,-0.16271947209050114,-0.17962683589539485,0.03999999999999929,-0.062210293943043476
2.2444444444444445,0.03673748840896364,-0.0801237990972808,-0.17969057789667697,0.07878462024097742,-0.015955329850544892
2.2472222222222222,0.034469292799966994,-0.07313395107817257,-0.17974835906818357,0.06128355544951778,0.010861559740526234
2.25,0.03231034355701843,-0.15759399620560333,-0.1798001774931546,3.057015521377356e-15,-0.010104162269470205
2.2527777777777778,0.030257780658074416,-0.23976651164795867,-0.17984603145263062,-0.061283555449519696,-0.028894705403882795
2.2555555555555555,0.028308630274749908,-0.217717668643242,-0.17988591942550994,-0.0787846202409769,0.012644240748494946
2.2583333333333333,0.02645982295969736,-0.21865790419942885,-0.179919840088599,-0.039999999999996705,-0.025197887070530525
2.261111111111111,0.02470821111126651,-0.1592812739256049,-0.17994779231665622,0.027361611466053523,-0.0314033041862687
2.263888888888889,0.02305058566550925,-0.06617113813887693,-0.17996977518242954,0.07517540966287138,0.015572641715171979
2.2666666666666666,0.021483691973805827,-0.10931969268658702,-0.1799857879566869,0.0692820323027543,-0.020099629006460243
2.2694444444444444,0.020004244832377015,-0.13389451161358942,-0.17999583010824063,0.013891854213356604,0.012205219448917608
2.272222222222222,0.018608942637650377,-0.19915376629862708,-0.179999901303965,-0.051423008774918566,0.013660201142606136
2.275,0.017294480648830216,-0.29967497081455585,-0.17999800140880728,-0.08,-0.05697145005457874
2.2777777777777777,0.016057563346036915,-0.23941763210795242,-0.17999013048579218,-0.05142300877492655,-0.02406205619327061
2.2805555555555554,0.014894915878999621,-0.07930067170784182,-0.17997628879601985,0.01389185421335529,0.07188884699582312
2.283333333333333,0.013803294607481307,-0.15497512552513654,-0.17995647679865712,0.06928203230275364,-0.05810397563671436
2.286111111111111,0.012779496740363182,-0.19780851119621073,-0.17993069515092233,0.07517540966287496,-0.10583272244852655
2.2888888888888888,0.011820369085603454,-0.2338092218185309,-0.17989894470806356,0.027361611466054776,-0.09309225766212559
2.2916666666666665,0.01092281592809989,-0.20748291326639234,-0.17986122652333011,-0.03999999999999555,0.0014554973288334603
2.2944444444444443,0.010083806056825089,-0.24697249213045433,-0.17981754184793775,-0.07878462024097668,0.0015458639016349455
2.297222222222222,0.009300378966463688,-0.23763161138534,-0.1797678921310271,-0.06128355544952055,-0.005880542771256048
2.3,0.008569650262168842,-0.11043313731102897,-0.1797122790196155,-7.369257807903852e-15,0.06070949144642508
2.3027777777777776,0.007888816298978252,-0.24412005426519434,-0.1796507043585426,0.06128355544951693,-0.1336417216551469
2.3055555555555554,0.007255158089899189,-0.07374669813799094,-0.17958317019040895,0.07878462024097765,0.01979669372154118
2.308333333333333,0.006666044518704493,-0.054771724146624665,-0.17950967875550827,0.040000000000000445,0.07807191009017866
2.311111111111111,0.0061189348950939125,-0.25706194730729454,-0.17943023249175324,-0.027361611466049474,-0.0563890382445857
2.313888888888889,0.005611380891090357,-0.26789918839587507,-0.17934483403459453,-0.07517540966287614,-0.018990325589494757
2.316666666666667,0.005141027898381297,-0.28103908648273507,-0.17925348621693338,-0.06928203230275191,-0.03764459586143105
2.3194444444444446,0.004705615846806246,-0.23305973273944988,-0.17915619206902778,-0.013891854213351894,-0.04471730230387644
2.3222222222222224,0.00430297952436457,-0.13964006677024984,-0.1790529548183916,0.05142300877492919,-0.016313100251152
2.325,0.003931048438994597,-0.02363846526646804,-0.17894377788968788,0.08,0.07137426418422524
2.327777777777778,0.0035878462619948286,-0.03194847609332139,-0.17882866490461513,0.05142300877492288,0.09186933377437602
2.3305555555555557,0.0032714898923469713,-0.20612494525480748,-0.17870761968178706,-0.013891854213360002,-0.016796961252007386
2.3333333333333335,0.002980188180395366,-0.14962947965574316,-0.178580646236606,-0.06928203230275604,0.0952530107032235
2.3361111111111112,0.0027122403483714544,-0.24913209424639723,-0.1784477487811297,-0.0751754096628702,0.0017788238492312432
2.338888888888889,0.002466034144163504,-0.11551995771076437,-0.17830893172393164,-0.027361611466050283,0.08768455133505405
2.341666666666667,0.0022400437635578412,-0.14058908838907172,-0.1781641996699547,0.039999999999999696,-0.004664932482674589
2.3444444444444446,0.00203282757496047,-0.09064321830211322,-0.1780135574203584,0.0787846202409775,0.006552891302307216
2.3472222222222223,0.0018430256793890534,-0.09645670521131153,-0.1778570099723598,0.061283555449517475,0.01827372363214173
2.35,0.0016693573373523227,-0.01708252121334483,-0.17769456251906743,-6.508393941028219e-15,0.15894268396837677
2.352777777777778,0.0015106182931556643,-0.1947348788634342,-0.17752622044930932,-0.06128355544952,0.042564278742239454
2.3555555555555556,0.0013656780262426749,-0.2901341580597615,-0.17735198934745414,-0.07878462024097684,-0.03536322649757318
2.3583333333333334,0.0012334769584611263,-0.16748850452096803,-0.17717187499322573,-0.0399999999999963,0.0484498935137929
2.361111111111111,0.0011130236456915355,-0.16660287510398333,-0.17698588336151178,0.027361611466053967,-0.018091626854217075
2.363888888888889,0.0010033919821673854,-0.1251027281221837,-0.17679402062216532,0.07517540966287467,-0.024487509145060458
2.3666666666666667,0.0009037184461224908,-0.060980474396318,-0.17659629313980013,0.06928203230275408,0.04543006799460556
2.3694444444444445,0.000813199416204511,-0.16013337445546125,-0.17639270747357955,0.013891854213356139,0.0015542793885576394
2.3722222222222222,0.0007310885894798164,-0.2129463948368549,-0.17618327037699913,-0.051423008774925894,0.013928795725590304
2.375,0.0006566945339145833,-0.2546120331704831,-0.1759679887976623,-0.08,0.0006992610932646231
2.3777777777777778,0.0005893784110423148,-0.2097513439106622,-0.17574686987705004,-0.051423008774926185,0.016829156330271735
2.3805555555555555,0.0005285519082117835,-0.13985121995690905,-0.17551992095028404,0.013891854213355755,0.02124829487180746
2.3833333333333333,0.0004736754244396692,-0.2023797884539604,-0.17528714954588318,0.06928203230275388,-0.09684834663527077
2.386111111111111,0.00042425655954836253,-0.0661202637326173,-0.17504856338551403,0.07517540966287169,0.03332863343047668
2.388888888888889,0.0003798489630151868,-0.19616368094618,-0.1748041703837345,0.02736161146605433,-0.04910097099151503
2.3916666666666666,0.0003400516068345492,-0.28632888381886334,-0.17455397864773134,-0.03999999999999596,-0.07211495677797057
2.3944444444444444,0.00030450855570596295,-0.25569867035525634,-0.1742979964770514,-0.07878462024097675,-0.002920562192934122
2.397222222222222,0.00027290931796973995,-0.2308478283291537,-0.17403623236332594,-0.06128355544952025,0.0041990501657227135
2.4,0.00024498987182161445,-0.20819901334677948,-0.17376869498998926,2.1961516545017232e-15,-0.03467530822861404
2.4027777777777777,0.00022053447327730625,-0.0704397104257973,-0.17349539323199056,0.06128355544951723,0.04155159288339872
2.4055555555555554,0.00019937836486864897,-0.1613410958681985,-0.17321633615549936,0.07878462024097757,-0.06710875831854535
2.408333333333333,0.00018141151676872655,-0.1530973089394643,-0.1729315330176051,0.040000000000000036,-0.02034718743862795
2.411111111111111,0.00016658354447612807,-0.2290797279342334,-0.1726409932660096,-0.027361611466049915,-0.029243706746650035
2.4138888888888888,0.00015490995871097446,-0.24969458975984024,-0.17234472653871416,-0.07517540966287008,-0.0023293635169669685
2.4166666666666665,0.00014647991300863598,-0.22723508082108507,-0.17204274266369943,-0.06928203230275623,0.01394321423236194
2.4194444444444443,0.0001414656217000153,-0.23588008773143718,-0.17173505165859954,-0.013891854213360387,-0.05039464748117724
2.422222222222222,0.00014013362443214834,-0.08364438745820373,-0.17142166373036988,0.05142300877492259,0.03621413387281141
2.425,0.00014285807183822354,-0.08780961278637521,-0.17110258927494842,0.08,0.0031501184167349867
2.4277777777777776,0.0001501361989884757,-0.2138020065685882,-0.17077783887691067,0.051423008774929495,-0.09459731266559553
2.4305555555555554,0.00016260613729082195,-0.2821062434050313,-0.17044742330911902,-0.013891854213351507,-0.09792957201985156
2.433333333333333,0.00018106718991863,-0.23982828329166347,-0.17011135353236484,-0.06928203230275172,-0.0006159646464655617
2.436111111111111,0.00020650265893837943,-0.2557869135882578,-0.16976964069500533,-0.07517540966287316,-0.011048365889317706
2.438888888888889,0.00024010526243574572,-0.20171480801493913,-0.16942229613259335,-0.02736161146604984,-0.005171005678731675
2.441666666666667,0.0002833051155512301,-0.1301851490784533,-0.1690693313675016,0.040000000000007974,-0.001399122826510899
2.4444444444444446,0.00033780016910769,-0.0783103457229461,-0.16871075810854042,0.0787846202409776,0.011277991975509036
2.4472222222222224,0.0004055889024464375,-0.05927496340619051,-0.1683465882505691,0.06128355544951718,0.04738248049241499
2.45,0.0004890049526563013,-0.22304307396733028,-0.1679768338741017,-6.978856385704511e-15,-0.055555245045877916
2.452777777777778,0.0005907532306563465,-0.2868928891088096,-0.16760150724490588,-0.061283555449520306,-0.05859857964503974
2.4555555555555557,0.0007139469264056648,-0.299957487022535,-0.16722062081359632,-0.07878462024097517,-0.05466619289436913
2.4583333333333335,0.0008621446425848441,-0.19152620921419738,-0.1668341872152217,-0.03999999999999589,0.014445833358435346
2.4611111111111112,0.0010393867211722556,-0.07579385214929636,-0.16644221926884528,0.027361611466054408,0.06224736893232228
2.463888888888889,0.0012502296443108155,-0.11118606258190974,-0.16604472997711986,0.07517540966287482,-0.021566971911975527
2.466666666666667,0.0014997772048311233,-0.21994491522625437,-0.16564173252585662,0.06928203230275384,-0.12508499220798272
2.4694444444444446,0.0017937069591214157,-0.2347473222416289,-0.1652332402835872,0.013891854213355675,-0.08519964313051878
2.4722222222222223,0.002138290303304372,-0.2557558214125434,-0.16481926680112094,-0.05142300877492625,-0.041651836139800585
2.475,0.002540404361634899,-0.26974586582422044,-0.16439982581109458,-0.08,-0.02788644437476074
2.477777777777778,0.003007533753400057,-0.23280983761177235,-0.16397493122751722,-0.05142300877491886,-0.020419431362736322
2.4805555555555556,0.0035477602218560267,-0.1441759265610507,-0.16354459714530878,0.013891854213356218,0.0019290561490458533
2.4833333333333334,0.004169738076768453,-0.10524438400143195,-0.16310883783983215,0.0692820323027541,-0.015587316541122357
2.486111111111111,0.004882653431824211,-0.030142624144553605,-0.1626676677664197,0.07517540966287152,0.05246698052717036
2.488888888888889,0.0056961653199542545,-0.1629641900579543,-0.162221101559894,0.027361611466053894,-0.03380086528406844
2.4916666666666667,0.006620326952792,-0.23826472505507143,-0.161769154034082,-0.04000000000000425,-0.043115897973777156
2.4944444444444445,0.007665485662759782,-0.208487197833518,-0.16131184018132402,-0.07878462024097684,0.02394377692602308
2.4972222222222222,0.008842160432983092,-0.29007267368481876,-0.16084917517197592,-0.061283555449519946,-0.07678210349630597
2.5,0.01016089638377599,-0.1307356927041274,-0.16038117435390617,2.666614099178015e-15,0.01948458526600011
2.5027777777777778,0.011632096143655202,-0.08186454247250073,-0.1599078532519868,0.06128355544951753,0.005127659186313343
2.5055555555555555,0.013265828682463506,-0.07475090314004706,-0.15942922756757813,0.07878462024097592,-0.007372124495908371
2.5083333333333333,0.015071616914439185,-0.024459890906106244,-0.15894531317800817,0.039999999999999626,0.07941380535746312
2.511111111111111,0.0170582061754058,-0.19986990369142607,-0.15845612613604562,-0.02736161146605036,-0.031110372264735897
2.513888888888889,0.019233316521275197,-0.11088886728476183,-0.1579616826693676,-0.07517540966287335,0.10301490852620393
2.5166666666666666,0.021603382660666772,-0.21641222128351564,-0.15746199918002146,-0.069282032302756,-0.011271572461404965
2.5194444444444444,0.024173286194266164,-0.2105264825114854,-0.15695709224388024,-0.013891854213359922,-0.06385082224851141
2.522222222222222,0.02694608565558429,-0.07458190512984457,-0.15644697861009307,0.051423008774922944,0.003495979049741265
2.525,0.02992275059735262,-0.0998211846191155,-0.15593167520052972,0.08,-0.05381226001593841
2.5277777777777777,0.03310190660873259,-0.10847407611623909,-0.15541119910921883,0.05142300877492217,-0.037587792390675015
2.5305555555555554,0.03647959864457003,-0.11244615816978873,-0.15488556760178138,-0.01389185421335197,0.01985166500077456
2.533333333333333,0.04004908036433943,-0.15580864562076369,-0.15435479811485742,-0.06928203230275196,0.02777910443250624
2.536111111111111,0.04380063728365377,-0.21630206564746,-0.15381890825552785,-0.07517540966287299,-0.03110838501271291
2.5388888888888888,0.047721451408675473,-0.08354781860579308,-0.15327791580073064,-0.027361611466057943,0.049370257252320034
2.5416666666666665,0.0517955146335122,-0.003060936162101263,-0.15273183869667067,0.04000000000000051,0.0578753879010567
2.5444444444444443,0.05600359752099957,0.05442261053191567,-0.15218069505822454,0.07878462024097609,0.07181508782816455
2.547222222222222,0.06032327915597809,-0.003546998206553055,-0.15162450316833997,0.06128355544952272,0.02647067035628611
2.55,0.06472904256564108,-0.018162803307500988,-0.15106328147742865,1.6456281873484803e-15,0.06817143560428494
2.5527777777777776,0.06919243876328017,-0.23662808668769247,-0.150497048602755,-0.06128355544951476,-0.09403992139870289
2.5555555555555554,0.07368232082058308,-0.17092345017963462,-0.14992582332781793,-0.07878462024097665,-0.01589532743142313
2.558333333333333,0.07816514755121144,-0.15453473986669108,-0.14934962460172782,-0.04000000000000336,-0.04335026281617132
2.561111111111111,0.0826053544463048,-0.03284021256985778,-0.1487684715385785,0.027361611466046303,0.005961293056369605
2.563888888888889,0.08696578750087462,-0.014613647212899455,-0.1481823834168122,0.07517540966287499,-0.028572460959836867
2.566666666666667,0.09120819357526401,0.004590954101949679,-0.14759137967858132,0.06928203230275361,-0.008307892097486618
2.5694444444444446,0.09529375901852849,0.05629887731297509,-0.14699547992910214,0.013891854213346256,0.09410874401020247
2.5722222222222224,0.09918368651247696,-0.10712001601947375,-0.14639470393600518,-0.051423008774926615,-0.008485989821018915
2.575,0.10283979854634388,-0.10225965722282508,-0.14578907162867968,-0.08,0.020689615859510697
2.577777777777778,0.10622515466778468,-0.10198992370095739,-0.1451786030976118,-0.051423008774918504,-0.011613466496211762
2.5805555555555557,0.10930466873351949,-0.01758113124900068,-0.14456331859371852,0.01389185421335668,0.003785664397841684
2.5833333333333335,0.11204571184917306,0.037685339646059315,-0.1439432385276762,0.0692820323027589,0.000300834021803573
2.5861111111111112,0.11441868657627251,0.06869191606855907,-0.14331838346924278,0.07517540966287137,0.022416203298657976
2.588888888888889,0.11639755831352634,0.05933577241036252,-0.14268877414657613,0.02736161146605345,0.05826537677735885
2.591666666666667,0.11796033053162859,0.018275598966244505,-0.1420544314455459,-0.04000000000000466,0.08236969988016647
2.5944444444444446,0.11908945174118026,-0.08562954081337908,-0.14141537640904076,-0.07878462024097693,0.015481004095458342
2.5972222222222223,0.11977214367038415,-0.052805697713620495,-0.14077163023627096,-0.061283555449513805,0.029477344301780107
2.6,0.12000064207559878,-0.07766579766574051,-0.1401232142820641,3.137076543854307e-15,-0.05754322545927835
2.602777777777778,0.11977234384212873,0.03719191211470785,-0.13947015005615768,0.061283555449517836,-0.004393837120781029
2.6055555555555556,0.11908985648148643,0.10607649074415686,-0.13881245922248486,0.07878462024097584,0.047014473244179456
2.6083333333333334,0.11796094871262897,0.0631092170350298,-0.13815016359845605,0.03999999999999922,0.043298431920857666
2.611111111111111,0.11639840344070222,-0.03786600653983159,-0.13748328515423552,-0.027361611466050796,0.010580486639752511
2.613888888888889,0.11441977702810084,-0.053247780668386965,-0.13681184601201193,-0.0751754096628735,0.044319697978397625
2.6166666666666667,0.11204707120152593,-0.06883249409680373,-0.13613586844526485,-0.06928203230275576,0.024538335449690946
2.6194444444444445,0.10930632617303573,0.01997440999462513,-0.13545537487802617,-0.013891854213350503,0.06001531291296608
2.6222222222222222,0.10622714549954576,0.03734772423818923,-0.1347703878841354,0.05142300877492331,0.014467957847855557
2.625,0.1028421648023355,0.030976318837291877,-0.1340809301864919,0.08,-0.017784915778551732
2.6277777777777778,0.09918647766851281,0.03401452463378564,-0.13338702465630017,0.051423008774921806,0.016792062846651183
2.6305555555555555,0.09529703282855896,-0.19781323448974375,-0.13268869431231148,-0.013891854213352435,-0.1465297187926388
2.6333333333333333,0.09121201703329887,-0.09091169077026612,-0.13198596232006074,-0.06928203230275674,0.019144286819252475
2.636111111111111,0.0869702379421199,-0.3019046649725894,-0.13127885199109723,-0.07517540966287284,-0.1824206412607392
2.638888888888889,0.08261052080055833,-0.16149164781798178,-0.13056738678221172,-0.027361611466057503,-0.0861731703702709
2.6416666666666666,0.07817113176307892,0.010907971515470516,-0.12985159029465854,0.04000000000000092,0.022588430047049208
2.6444444444444444,0.07368923945269197,0.04721884028363586,-0.12913148627337204,0.07878462024097617,0.023876466863339763
2.647222222222222,0.06920042480034855,-0.05604455736331121,-0.1284070986061798,0.06128355544951657,-0.058121439006996525
2.65,0.06473824743905603,-0.09854530597789903,-0.12767845132300928,1.1751657426721883e-15,-0.03560510209394694
2.6527777777777777,0.06033387501041693,-0.05936819960348264,-0.12694556859509112,-0.06128355544951506,0.0685270494307066
2.6555555555555554,0.05601577974661203,-0.17317882180715596,-0.12620847473415758,-0.07878462024097659,-0.02420150657863381
2.658333333333333,0.05180950468926642,-0.001511673882222682,-0.1254671941916354,-0.04000000000000295,0.11214601562014925
2.661111111111111,0.047737499964658314,-0.04971863278594767,-0.12472175155783542,0.027361611466046747,-9.599265881730746e-05
2.6638888888888888,0.043819027712406644,0.015424074658205833,-0.12397217156113619,0.07517540966287203,0.02040180884406334
2.6666666666666665,0.04007013261370177,0.06697740577422617,-0.12321847906716389,0.06928203230275791,0.08084371992493039
2.6694444444444443,0.036503673526991944,-0.06551381552795024,-0.12246069907796792,0.01389185421335475,0.006551355809670978
2.672222222222222,0.033129410544600245,-0.19010965399605054,-0.12169885673119071,-0.05142300877492001,-0.050117199034540066
2.675,0.029954140852538745,-0.17646520903141008,-0.1209329772992343,-0.08,-0.005486372584714506
2.6777777777777776,0.026981876116182704,-0.1463847556566692,-0.12016308618842228,-0.0514230087749251,-0.0017805368095045468
2.6805555555555554,0.024214053724282987,-0.14952038361060324,-0.11938920893815613,0.013891854213348187,-0.06823708261007827
2.683333333333333,0.02164977409130787,-0.04047116839304775,-0.11861137122006903,0.06928203230275458,-0.01279160356704117
2.686111111111111,0.01928605632337269,-0.06047773755079819,-0.11782959883717334,0.07517540966287431,-0.03710960469987184
2.688888888888889,0.017118104869434013,-0.026346313528154836,-0.11704391772300501,0.02736161146604446,0.046217887859371705
2.691666666666667,0.01513958027537464,-0.13938417995613162,-0.116254353940764,-0.040000000000005066,0.001730593709262781
2.6944444444444446,0.013342867798827505,-0.19504247358197624,-0.11546093368244822,-0.078784620240977,-0.014139787457378504
2.6972222222222224,0.011719338387934422,-0.16953699686069396,-0.11466368326798605,-0.0612835554495135,-0.005309096531128814
2.7,0.010259597325837588,-0.0924469308982128,-0.1138626291443623,3.607538988530599e-15,0.011156100920308307
2.702777777777778,0.008953716583591561,-0.01197981586713678,-0.11305779788474131,0.06128355544952398,0.03084070998448899
2.7055555555555557,0.007791447238695042,-0.07565876014138398,-0.11224921618758571,0.07878462024097575,-0.04998561143346907
2.7083333333333335,0.00676240683940606,-0.1167538856674288,-0.11143691087577005,0.03999999999999881,-0.0520793816310636
2.7111111111111112,0.005856228552515838,-0.07689233103910889,-0.11062090889569146,-0.027361611466059785,0.0552339607701265
2.713888888888889,0.005062629338587865,-0.20053086125089836,-0.10980123731637605,-0.07517540966287367,-0.02061684361023653
2.716666666666667,0.004371261982700278,-0.24473079827847904,-0.1089779233285801,-0.06928203230275552,-0.07084210462984371
2.7194444444444446,0.0037709632983879003,-0.09608124968969599,-0.10815099424388908,-0.01389185421335004,0.022190635469155232
2.7222222222222223,0.0032474106095456527,-0.029481567807707113,-0.10732047749381078,0.051423008774923666,0.023168490301634346
2.725,0.0027769864315690014,-0.10024517706013206,-0.10648640062886573,0.08,-0.07653576286283532
2.727777777777778,0.0023126788180321553,-0.040439017951539646,-0.10564879131767356,0.051423008774921446,0.011474085773180315
2.7305555555555556,0.0017556297304386387,-0.08016474720753011,-0.10480767734603454,-0.013891854213352896,0.03677915462141868
2.7333333333333334,0.0009055741320878009,-0.15362022220136407,-0.10396308661600805,-0.06928203230275697,0.018719322585313152
2.736111111111111,-0.0006108505572609556,-0.1473022331770514,-0.10311504714498755,-0.07517540966287267,0.031599074188069766
2.738888888888889,-0.0034180040001875484,-0.2032566574355437,-0.10226358706477018,-0.027361611466048513,-0.07021345490453745
2.7416666666666667,-0.00843040608351478,-0.05328713295432824,-0.10140873462062457,0.040000000000001326,0.01655200774980978
2.7444444444444445,-0.016778329884822984,-0.05367521578772205,-0.10055051817035299,0.07878462024097625,-0.015130987973522329
2.7472222222222222,-0.029541528719856804,-0.09208644738992383,-0.09968896618335106,0.06128355544951627,-0.024139507936232242
2.75,-0.047268230520312746,-0.10256455728898936,-0.09882410723966366,7.047032979958965e-16,0.04352778047098633
2.7527777777777778,-0.06937853347807019,-0.15465433342291587,-0.09795597002903599,-0.06128355544952121,0.0739637255337115
2.7555555555555555,-0.09369085948496793,-0.1798415603458894,-0.09708458334996292,-0.0787846202409765,0.08971850273001795
2.7583333333333333,-0.11636454980558561,-0.18683413233902563,-0.09620997610873269,-0.04000000000000255,0.06574039357529525
2.761111111111111,-0.1324284339917209,-0.20588570892564279,-0.09533217731846841,0.027361611466055737,-0.005486709081509184
2.763888888888889,-0.1367764291328516,-0.1384162274168283,-0.09445121609816606,0.0751754096628722,0.017636008151317155
2.7666666666666666,-0.1252148735956551,-0.11115881937541293,-0.09356712167172769,0.06928203230275769,0.03834114358921219
2.7694444444444444,-0.09506386258316424,-0.1677930342718293,-0.09267992336699243,0.013891854213354284,0.006058897464973099
2.772222222222222,-0.04505987841605101,-0.18173432841015807,-0.09178965061476393,-0.05142300877492036,0.006538209395577219
2.775,0.025237241663117013,-0.10447143469090707,-0.0908963329478332,-0.08,0.0411876565938091
2.7777777777777777,0.11595953190905939,-0.028427609167161916,-0.08999999999999994,-0.05142300877492475,-0.002964132301296611
2.7805555555555554,0.2267806007584294,0.11510742664800636,-0.08910068150508862,0.013891854213348652,-0.036464346818683074
2.783333333333333,0.35590122400967106,0.3162611957246705,-0.0881984072959625,0.06928203230275483,-0.020723653291792928
2.786111111111111,0.49855105196953325,0.5181287732155602,-0.08729320730353438,0.07517540966287416,0.03169551888668712
2.7888888888888888,0.6458203704350534,0.5869465349053308,-0.08638511155577293,0.027361611466052566,0.00014966455999778662
2.7916666666666665,0.7846694610281311,0.6762058096948435,-0.08547415017670697,-0.039999999999997586,0.017010498843416894
2.7944444444444443,0.8995524529290293,0.7697114414127367,-0.08456035338542658,-0.0787846202409755,0.033503962110109496
2.797222222222222,0.9754135784749736,0.8117441983854943,-0.08364375149507976,-0.061283555449519043,-0.01874207314488048
2.8,1.0011733198018906,0.9562613530715082,-0.08272437491186778,-5.016945584522392e-15,0.03781240818149031
2.8027777777777776,0.9725197813647755,0.970943212853172,-0.08180225413403579,0.06128355544951259,0.01894213017291972
2.8055555555555554,0.8930124448277176,0.8291789909722596,-0.08087741975086134,0.07878462024097725,-0.061740654345573937
2.808333333333333,0.7731218817054785,0.8052872188231568,-0.07994990244164014,0.04000000000000628,0.07211523955931222
2.811111111111111,0.6275979811250924,0.49617939949652745,-0.07901973297466743,-0.02736161146605168,-0.02503723718784581
2.813888888888889,0.47213578055067257,0.23611866152232142,-0.07808694220621813,-0.07517540966287382,-0.0827547671592592
2.816666666666667,0.32044836859605536,0.12176258973446649,-0.07715156107952299,-0.06928203230275073,-0.05225218547931512
2.8194444444444446,0.18253786918678253,0.04138013631577525,-0.07621362062374161,-0.013891854213349574,-0.0510522580339161
2.8222222222222224,0.064372472922912,0.04313099567777857,-0.07527315195293413,0.05142300877492403,0.0026086659328766735
2.825,-0.03137764877331702,-0.03940036031565698,-0.0743301862650281,0.08,-0.01369252527731186
2.827777777777778,-0.1041851770019569,-0.14298852144984947,-0.073384754840784,0.05142300877492108,-0.016841598382029643
2.8305555555555557,-0.15468741953563742,-0.2100310645176337,-0.07243688904275793,-0.013891854213362318,0.03098509827412395
2.8333333333333335,-0.1841958584719664,-0.30797074302934874,-0.07148662031426031,-0.06928203230275722,0.01699376805963519
2.8361111111111112,-0.1946614120908234,-0.3245684083997956,-0.07053398017831396,-0.07517540966287252,0.015802393532214312
2.838888888888889,-0.18883311760173419,-0.2652823064379549,-0.06957900023660733,-0.02736161146604807,0.020491422866434635
2.841666666666667,-0.17031013847376905,-0.16812511724210205,-0.06862171216844665,0.040000000000001736,0.030806733400111915
2.8444444444444446,-0.14331322908902713,-0.23758842366662689,-0.06766214772970551,0.07878462024097792,-0.10539766708887216
2.8472222222222223,-0.11219241605341033,-0.13583111196888772,-0.06670033875177031,0.06128355544951597,-0.01822191261322306
2.85,-0.08083490049922809,-0.25558172086418723,-0.06573631714048567,2.3424085331960457e-16,-0.1090105032244737
2.852777777777778,-0.0521787895948049,-0.17642946357953143,-0.06477011487509478,-0.061283555449521514,0.0018029963398897707
2.8555555555555556,-0.02797720806963892,-0.17079524092901177,-0.06380176400717917,-0.07878462024097642,-0.00023164861121726602
2.8583333333333334,-0.008844769479959259,-0.059399452400073244,-0.06283129665959586,-0.04000000000000214,0.052276613739484015
2.861111111111111,0.005483358950183717,0.03036794502688509,-0.06185874502541084,0.027361611466056174,0.05938171963605604
2.863888888888889,0.015799938946122756,0.04022995965478182,-0.06088414136683165,0.07517540966287235,0.010138752412618367
2.8666666666666667,0.023094989480725654,0.0074514498994960425,-0.05990751801413752,0.0692820323027529,-0.025018053869844993
2.8694444444444445,0.02831593518279537,0.007536937658830196,-0.05892890736460589,0.013891854213353823,0.024258055627286893
2.8722222222222222,0.0322376692027008,-0.10352956331987453,-0.05794834188143891,-0.051423008774920724,-0.02639588186621568
2.875,0.03542447839451924,-0.10161100827033367,-0.05696585409268545,-0.08,-6.963257216744495e-05
2.8777777777777778,0.03824977286428926,-0.019847896652759302,-0.05598147659016256,-0.05142300877492439,0.04930681584803839
2.8805555555555555,0.04094087378503057,-0.02805108132945726,-0.05499524202837472,0.013891854213358071,-0.02788856729947118
2.8833333333333333,0.043626232310689274,0.09918501345213966,-0.05400718312342971,0.06928203230275505,0.04028393196212505
2.886111111111111,0.04637378297473978,0.1024019284202751,-0.05301733265195378,0.07517540966287399,0.03387006843461512
2.888888888888889,0.049217504954701424,-0.023186197885792376,-0.05202572345000484,0.02736161146605212,-0.04773959085654108
2.8916666666666666,0.0521737336956269,0.009836051694516887,-0.05103238841198207,-0.039999999999997995,0.04869470641087005
2.8944444444444444,0.05525021942150657,-0.03864344404043138,-0.050037360489536026,-0.07878462024097717,0.03492831726857525
2.897222222222222,0.058450726401108447,-0.0467772073702518,-0.04904067269047438,-0.06128355544951874,0.005096294368632872
2.9,0.06177718035998166,-0.024381350619072997,-0.0480423580776675,-4.5464831398461e-15,-0.03811617290138261
2.9027777777777777,0.0652305911174424,0.036511395870230536,-0.04704244976795209,0.06128355544951874,-0.042960300928778505
2.9055555555555554,0.0688114140680995,0.07467192453289404,-0.04604098093103152,0.07878462024097717,-0.026883128845151122
2.908333333333333,0.07251967446688028,0.09461141284310737,-0.045037984788376784,0.04000000000000587,0.027129723164598003
2.911111111111111,0.07635499900145194,-0.042821365446793394,-0.04403349461212331,-0.027361611466052125,-0.0477812583700699
2.9138888888888888,0.08031661401511249,-0.01601072694073262,-0.04302754372396772,-0.07517540966287088,0.021875612430993497
2.9166666666666665,0.08440333301004121,-0.08898664123069641,-0.042020165494062935,-0.06928203230275505,-0.062087776443919634
2.9194444444444443,0.0886135415109817,0.023506864735770933,-0.04101139333991026,-0.013891854213358068,-0.010203429221942449
2.922222222222222,0.09294518204761804,0.1098493178259846,-0.040001260725251286,0.05142300877491742,0.005482387728700432
2.925,0.0973957402079368,0.26066244630192437,-0.038989801158958275,0.08,0.12225650725294585
2.9277777777777776,0.10196223214328495,0.04654240994827276,-0.03797704819392151,0.05142300877492769,-0.06886578277601837
2.9305555555555554,0.10664119373505658,0.12938703242027197,-0.03696303542593747,-0.013891854213353825,0.07360072832450668
2.933333333333333,0.11142867158246225,0.013690963486480051,-0.0359477964925933,-0.0692820323027529,0.007492120699364002
2.936111111111111,0.11632021595330296,0.026772037119074263,-0.03493136507215139,-0.07517540966287546,0.020558595900798157
2.938888888888889,0.12131087582982582,0.06595288515075587,-0.03391377488243256,-0.027361611466047625,0.005917395669410226
2.941666666666667,0.12639519617276398,0.15573647740283064,-0.03289505967969714,0.04000000000000214,0.02223634090976165
2.9444444444444446,0.1315672175168987,0.17079232928225102,-0.0318752532575248,0.078784620240978,-0.007684255218100887
2.9472222222222224,0.13682047800047595,0.23995215307716997,-0.03085438944569456,0.061283555449515664,0.07270250907287291
2.95,0.14214801791861909,0.0894919585983123,-0.029832502109061326,-9.33116860908597e-15,-0.02282355721123612
2.952777777777778,0.1475423868774368,0.11406093489044358,-0.028809625146433773,-0.06128355544952181,0.05661172860896239
2.9555555555555557,0.15299565361096013,0.014206884869883946,-0.02778579248944871,-0.07878462024097634,-0.03221835601065114
2.9583333333333335,0.15849941850740892,0.08872578808590478,-0.02676103810144595,-0.03999999999999385,-0.003012592320064348
2.9611111111111112,0.16404482887468377,0.1120729167498873,-0.02573539597634213,0.027361611466056618,-0.053598127614510965
2.963888888888889,0.16962259695751764,0.24284029250026423,-0.024708900137501932,0.07517540966287252,0.022751186017375996
2.966666666666667,0.1752230207005136,0.29307976621298226,-0.023681584636610697,0.06928203230275266,0.07225629784632669
2.9694444444444446,0.18083600723248103,0.16820656890224794,-0.022653483552543728,0.013891854213353358,-0.003867808991042704
2.9722222222222223,0.18645109902819923,0.1035591743278394,-0.02162463099023629,-0.05142300877492805,-0.009844284935195478
2.975,0.192057502684139,0.035731593451189925,-0.020595061079552713,-0.08,-0.055730848153396344
2.977777777777778,0.1976441202249185,0.11519167079822581,-0.01956480797415326,-0.05142300877492403,-0.011464632677615405
2.9805555555555556,0.20319958283752648,0.11891781821444697,-0.018533905850361652,0.013891854213358534,-0.07963971298607639
2.9833333333333334,0.20871228691078558,0.21484803097156774,-0.017502388906031792,0.0692820323027553,-0.04564389933594137
2.986111111111111,0.2141704322383275,0.28421485284724274,-0.016470291359412245,0.07517540966287072,0.011339302305456772
2.988888888888889,0.21956206222468574,0.29743668612979485,-0.015437647448012385,0.02736161146605168,0.06595065988706982
2.9916666666666667,0.2248751059161607,0.3109311575501719,-0.014404491427465515,-0.039999999999998405,0.14046054306147515
2.9944444444444445,0.23009742166104702,0.10861268959613173,-0.013370857570393017,-0.07878462024097725,-0.029329254253545035
2.9972222222222222,0.23521684218781289,0.23336151440529856,-0.012336780165267899,-0.06128355544951844,0.07176500783227201
3.0,0.2402212208750431,0.24110655137984505,-0.011302293515276387,-4.076020695169808e-15,0.012187624020082395
3.0027777777777778,0.2450984789735674,0.28855222014858717,-0.010267431937180497,0.061283555449519043,-0.007562382337318794
3.0055555555555555,0.24983665352933826,0.3410187665964428,-0.009232229760180106,0.07878462024097709,0.02162972258630761
3.0083333333333333,0.2544239457454348,0.2893230486046573,-0.008196721324773061,0.039999999999997586,0.0030958241839979593
3.011111111111111,0.25884876951317976,0.22984600334612085,-0.007160940981617281,-0.027361611466052566,0.0055197862806109265
3.013888888888889,0.2630997998358707,0.16138280894127605,-0.0061249230903901225,-0.07517540966287105,-0.020416658141333463
3.0166666666666666,0.2671660208641398,0.12288980355279339,-0.005088702018649072,-0.06928203230275481,-0.06990548298994254
3.0194444444444444,0.2710367732595475,0.17591134677939366,-0.00405231214069215,-0.013891854213357606,-0.07718126012610409
3.022222222222222,0.2747018006027366,0.35577126570530615,-0.003015787836416502,0.05142300877492475,0.03266224416406135
3.025,0.2781512945643708,0.34233712656990595,-0.001979163490179201,0.08,-0.01383500450428567
3.0277777777777777,0.2813759385611649,0.30205202886362836,-0.0009424734896555098,0.05142300877492734,-0.029804444982808334
3.0305555555555554,0.28436694962558806,0.27099462452369283,9.424777530137645e-05,-0.013891854213354288,0.00042528133615767836
3.033333333333333,0.28711611822626,0.2587116644830889,0.0011309659138006565,-0.06928203230275314,0.03974661264578138
3.036111111111111,0.2896158457866148,0.22562627981011824,0.0021676465350557216,-0.0751754096628722,0.00901819715131991
3.0388888888888888,0.29185917966202246,0.2348990766134429,0.0032042552495245135,-0.02736161146605573,-0.03280274683204837
3.0416666666666665,0.2938398453501348,0.39939525080262683,0.004240757670049839,0.03999999999999467,0.06131464778244749
3.0444444444444443,0.2955522757256701,0.4585732905287294,0.005277119413001207,0.0787846202409765,0.0789592751490816
3.047222222222222,0.2969916371090312,0.3893163314241092,0.006313306099414147,0.06128355544952121,0.02472783276614267
3.05,0.29815385199793243,0.3541863109212771,0.007349283356131778,8.388262981696303e-15,0.04868317556720451
3.0527777777777776,0.2990356183124287,0.3082350795205476,0.00838501681694457,-0.06128355544951627,0.06209799984069056
3.0555555555555554,0.29963442502622545,0.2867752427292032,0.009420472123729899,-0.07878462024097783,0.05650496582022568
3.058333333333333,0.29994856408070897,0.30110913786393173,0.010455614927592909,-0.040000000000001326,0.03070495885563118
3.061111111111111,0.29997713850258295,0.3687465132123803,0.011490410890004691,0.027361611466048513,0.029917352353744143
3.063888888888889,0.2997200666711182,0.4134033306852618,0.012524825683942647,0.07517540966287578,0.02598302866732513
3.066666666666667,0.29917808270660184,0.3271520562770302,0.01355882499502812,0.06928203230275243,-0.054866883727352184
3.0694444444444446,0.29835273297739917,0.3618731195563965,0.014592374522665142,0.013891854213352895,0.03503615784297929
3.0722222222222224,0.29724636874888827,0.1936581013988108,0.015625439981178633,-0.05142300877492842,-0.0677906985563277
3.075,0.29586213502317454,0.1927901493678732,0.0166579871009514,-0.08,-0.03972997275625275
3.077777777777778,0.2942039556437231,0.3256491818887713,0.017689981629560505,-0.0514230087749167,0.06517825339040438
3.0805555555555557,0.29227651476364325,0.3669007664446267,0.018721389332914597,0.013891854213359,0.04201100813470988
3.0833333333333335,0.290085234800115,0.45348935758355197,0.01975217599638831,0.06928203230275552,0.07436991448429313
3.0861111111111112,0.28763625102016244,0.37001024892462675,0.02078230742595834,0.07517540966287056,-0.013583719184364613
3.088888888888889,0.28493638292446544,0.2764973017760156,0.021811749449337295,0.027361611466051237,-0.05761244206383838
3.091666666666667,0.28199310261597993,0.2528117106795629,0.022840467917106803,-0.04000000000000669,-0.012021859853517142
3.0944444444444446,0.2788145003586538,0.22899987368355645,0.0238684287038513,-0.07878462024097733,0.005101564862028711
3.0972222222222223,0.27540924754832485,0.24297072562509678,0.02489559770928957,-0.061283555449518134,0.003949435817000485
3.1,0.27178655733285223,0.3543925221300983,0.025921940859405485,5.489388767235767e-15,0.05668402393783509
3.102777777777778,0.26795614313154326,0.33812360143846976,0.02694742410757944,0.06128355544951934,-0.018063521250172278
3.1055555555555556,0.26392817531491436,0.38828653258175405,0.027972013435716512,0.078784620240977,0.017601723590146213
3.1083333333333334,0.2597132363146883,0.2792775536983312,0.028995674855376016,0.039999999999997184,-0.0494313574717303
3.111111111111111,0.25532227444064004,0.2804949012856762,0.030018374408898565,-0.02736161146605301,0.022515863902190653
3.113888888888889,0.25076655668542636,0.2067866527023659,0.031040078170532007,-0.07517540966287431,0.00015542750928183727
3.1166666666666667,0.24605762080086785,0.1713456738314454,0.03206075224755801,-0.06928203230275458,-0.037490666914225874
3.1194444444444445,0.24120722692930568,0.24860426738862093,0.03308036278141503,-0.013891854213357143,-0.011791468108742641
3.1222222222222222,0.23622730907166908,0.3125404064696558,0.034098875948822695,0.051423008774925116,-0.009208787325761083
3.125,0.23112992666981205,0.33273842816586047,0.03511625796290324,0.08,-0.01350775646685481
3.1277777777777778,0.2259272165745853,0.40204976253719144,0.03613247507430192,0.05142300877492001,0.08856706211338418
3.1305555555555555,0.22063134566309253,0.2389646849066513,0.03714749357230748,-0.013891854213354751,-0.004922300115393982
3.1333333333333333,0.21525446435874143,0.1719389063330911,0.03816127978596995,-0.06928203230275337,-0.012194805508866887
3.136111111111111,0.2098086612961672,0.06893450383800523,0.039173800085217154,-0.07517540966287203,-0.1048725478805071
3.138888888888889,0.20430591936001044,0.17241896117695266,0.040185020881971394,-0.027361611466055293,-0.04471036759897387
3.1416666666666666,0.19875807331201825,0.266799310720466,0.041194908631262406,0.04000000000000296,-0.013153671222817643
3.1444444444444444,0.1931767692051698,0.2798721854696555,0.04220342983234125,0.07878462024097659,-0.03429263380883214
3.147222222222222,0.18757342576666,0.3611529119148619,0.04321055102979115,0.06128355544952091,0.06908537966888985
3.15,0.18195919791378942,0.2179285479586141,0.04421623881463679,-1.1771464807092712e-15,-0.008246888769810931
3.1527777777777777,0.17634494254827018,0.22470405939011984,0.04522045982545359,-0.06128355544951657,0.06442221246591262
3.1555555555555554,0.1707411867553497,0.14126497896636422,0.046223180749473874,-0.07878462024097775,0.0030852317025184014
3.158333333333333,0.16515809851465116,0.17424385865942058,0.04722436832369151,-0.04000000000000092,0.0018613918210788319
3.161111111111111,0.15960546000990986,0.23075123842630013,0.04822398933596637,0.027361611466048957,-0.004439822385625048
3.1638888888888888,0.15409264360501831,0.278679876475089,0.049222010626124926,0.07517540966287284,0.00018981258107295663
3.1666666666666665,0.14862859053415034,0.3540687720764613,0.05021839908706125,0.06928203230275674,0.08593975015249297
3.1694444444444443,0.14322179233437632,0.09234623187601163,0.05121312166583484,0.01389185421336139,-0.11598053633756092
3.172222222222222,0.1378802750302611,0.038586124398171995,0.05220614536476665,-0.051423008774921806,-0.10007728722193394
3.175,0.13261158606159668,0.07865048175132568,0.0531974372425347,-0.08,-0.027158541552805695
3.1777777777777776,0.12742278392780143,0.13091313366502227,0.05418696441526572,-0.05142300877492331,0.0007263940968784442
3.1805555555555554,0.122320430505731,0.22589220001490912,0.055174694057626976,0.013891854213350503,0.03450522123820062
3.183333333333333,0.11731058598181275,0.2664075715898525,0.056160593403914744,0.06928203230275122,0.02365435990137376
3.186111111111111,0.11239880632462468,0.22550655009261047,0.05714462974914082,0.0751754096628735,-0.019212295644028512
3.188888888888889,0.10759014321037956,0.24403070978863695,0.05812677045011845,0.027361611466050796,0.05095218466208812
3.191666666666667,0.10288914630131922,0.17350589938549282,0.05910698292654413,-0.0400000000000071,0.05150977015763655
3.1944444444444446,0.09829986776580292,0.08880337375048268,0.0600852346620789,-0.07878462024097742,0.009202891563578277
3.1972222222222224,0.09382586891899213,0.14173668529924957,0.06106149320542737,-0.06128355544951199,0.04813287862434207
3.2,0.08947022885442556,0.16513821819745117,0.06203572617141323,5.959851211912059e-15,0.013632263171606441
3.202777777777778,0.08523555492955125,0.18145286028198127,0.06300790124205458,0.06128355544951965,-0.028074151339144184
3.2055555555555557,0.08112399496237667,0.2587774433209878,0.06397798616763553,0.07878462024097535,0.03489084195000024
3.2083333333333335,0.07713725099182926,0.18761385588853557,0.06494594876777565,0.039999999999996774,0.005530656128933886
3.2111111111111112,0.0732765944511554,0.1118937322553247,0.0659117569324984,-0.027361611466053454,6.699233772434645e-05
3.213888888888889,0.06954288260169886,0.13489053017159836,0.06687537862329523,-0.07517540966287448,0.07364767860947873
3.216666666666667,0.06593657607363951,-0.05805228078192981,0.06783678187418937,-0.06928203230275436,-0.12254360642700433
3.2194444444444446,0.06245775736068946,0.046477629432159016,0.06879593479279576,-0.013891854213347724,-0.07088420850797848
3.2222222222222223,0.05910615011727519,0.1209284431348608,0.06975280556137865,0.05142300877492547,-0.05935352131871851
3.225,0.05588113910930981,0.18842546916877742,0.07070736243790787,0.08,-0.01816303237844028
3.227777777777778,0.05278179067320582,0.16313396471693536,0.0716595737571114,0.05142300877491964,-0.012730408488301507
3.2305555555555556,0.04980687354221477,0.03315814487173258,0.07260940793152541,-0.013891854213355216,-0.07536628238865238
3.2333333333333334,0.04695487990442097,0.0019717794386644935,0.073556833452543,-0.06928203230275816,-0.04925790161554132
3.236111111111111,0.04422404656267737,0.0005083718650853858,0.07450181889145839,-0.07517540966287187,-0.04304208392617851
3.238888888888889,0.04161237607335876,0.21256630211160893,0.07544433290051042,-0.02736161146605485,0.1228712046037946
3.2416666666666667,0.0391176577479375,0.24558909934922027,0.07638434421392208,0.040000000000003366,0.09008709738735733
3.2444444444444445,0.036737488408963265,0.17225645941464465,0.07732182164893718,0.07878462024097665,-0.020587470884232465
3.2472222222222222,0.03446929279996664,0.15583041784100296,0.07825673410685566,0.061283555449520605,-0.018179164515339945
3.25,0.032310343557018104,0.05403919427166659,0.07918905057406485,-1.6476089253855632e-15,-0.05746019985941471
3.2527777777777778,0.03025778065807409,-0.04631355532963842,0.0801187401230677,-0.06128355544951687,-0.09540652066126334
3.2555555555555555,0.028308630274749603,0.024725772626857212,0.0810457719135099,-0.07878462024097609,-0.005844009320426202
3.2583333333333333,0.026459822959697076,0.018537338990696952,0.08197011519320167,-0.04000000000000051,-0.04989259916220129
3.261111111111111,0.02470821111126625,0.13071903529336265,0.08289173929913896,0.027361611466057947,-0.004242526583100489
3.263888888888889,0.023050585665508994,0.10202631653472517,0.08381061365852016,0.07517540966286988,-0.08001029245217388
3.2666666666666666,0.02148369197380556,0.1373937091508091,0.08472670778975991,0.06928203230275651,-0.03809872291551289
3.2694444444444444,0.020004244832376783,0.1269674451143715,0.0856399913035012,0.013891854213351968,0.007431354765141543
3.272222222222222,0.01860894263765016,0.07204684765555414,0.08655043390362231,-0.0514230087749152,0.01831047988919687
3.275,0.017294480648830008,0.04562608397417365,0.08745800538824292,-0.08,0.020873597937100728
3.2777777777777777,0.016057563346036724,-0.013027218986012633,0.08836267565072546,-0.051423008774922944,-0.06602444920785187
3.2805555555555554,0.014894915878999443,0.16078547127981085,0.08926441468067342,0.013891854213359924,0.04273428650677809
3.283333333333333,0.01380329460748114,0.13323793464506783,0.09016319256492777,0.06928203230275144,-0.04001058483009252
3.286111111111111,0.012779496740363024,0.21065678162216053,0.09105897948855882,0.07517540966287335,0.03164289573036532
3.2888888888888888,0.011820369085603306,0.13060179245659878,0.0919517457358548,0.027361611466050352,-0.0005319338309096574
3.2916666666666665,0.01092281592809974,-0.005055097334480762,0.09284146169130865,-0.03999999999999176,-0.0688193749538974
3.2944444444444443,0.010083806056824964,0.009217398427388926,0.09372809784059928,-0.07878462024097592,-0.0158098852290594
3.297222222222222,0.009300378966463569,0.060896635391706144,0.09461162477157173,-0.06128355544951753,0.01826818710318838
3.3,0.008569650262168728,0.13470993246109914,0.0954920131752122,-1.1759580378870214e-14,0.030648269023729954
3.3027777777777776,0.007888816298978148,0.15849221072289152,0.09636923384662019,0.0612835554495141,-0.007049394872220931
3.3055555555555554,0.007255158089899092,0.2598719805469064,0.09724325768597786,0.07878462024097684,0.07658894453005265
3.308333333333333,0.006666044518704403,0.1951556387675439,0.0981140556995152,0.039999999999996365,0.05037553854932795
3.311111111111111,0.006118934895093831,0.06490621660953198,0.09898159900047114,-0.02736161146604535,-0.012832705819987642
3.313888888888889,0.00561138089109028,0.06778792064511294,0.09984585881005317,-0.07517540966287775,0.03750609060684723
3.316666666666667,0.005141027898381224,0.13325547631342666,0.1007068064583902,-0.0692820323027541,0.09668967425940934
3.3194444444444446,0.004705615846806183,0.1904024050580957,0.10156441338548541,-0.013891854213347259,0.09802423003915135
3.3222222222222224,0.004302979524364501,0.09674464540033521,0.10241865114216278,0.0514230087749328,-0.061399994041124874
3.325,0.003931048438994542,0.14087388427214753,0.10326949139101052,0.08,-0.04632665555785753
3.327777777777778,0.0035878462619947744,0.23337370028092858,0.10411690590732196,0.05142300877491929,0.07424593933669255
3.3305555555555557,0.003271489892346922,0.04142644971713143,0.104960866580031,-0.013891854213364634,-0.05291405254188186
3.3333333333333335,0.0029801881803953214,-0.026627555374297226,0.10580134541264524,-0.06928203230275384,-0.06612705666458395
3.3361111111111112,0.002712240348371413,0.009865438674721984,0.10663831452417463,-0.07517540966287171,-0.024309706534952347
3.338888888888889,0.002466034144163466,0.10358750430190256,0.10747174615005567,-0.02736161146604586,0.021011335473729287
3.341666666666667,0.0022400437635578074,0.14542182107607235,0.10830161264307347,0.03999999999999589,-0.005119835330554819
3.3444444444444446,0.0020328275749604374,0.15741715326993594,0.10912788647427835,0.07878462024097675,-0.03252818102027961
3.3472222222222223,0.0018430256793890221,0.13936649827657668,0.10995054023389865,0.06128355544951446,-0.03371062308622545
3.35,0.0016693573373522976,0.07682205074895668,0.11076954663225103,-1.1213018387791139e-14,-0.03561685322063544
3.352777777777778,0.00151061829315564,0.007836459911335868,0.11158487850064454,-0.06128355544951718,-0.04397548143294713
3.3555555555555556,0.001365678026242653,0.14905921044135262,0.1123965087922829,-0.07878462024097602,0.1140816438638031
3.3583333333333334,0.0012334769584611065,0.08931344110090791,0.11320441058316127,-0.03999999999999222,0.014875553559277747
3.361111111111111,0.0011130236456915177,0.1868211449049374,0.11400855707295911,0.027361611466049842,0.04433795272023693
3.363888888888889,0.0010033919821673684,0.16653384982502423,0.1148089215859299,0.07517540966287316,-0.024453873405946187
3.3666666666666667,0.0009037184461224756,0.17649339446135703,0.1156054775717853,0.06928203230275172,-0.009297833859302444
3.3694444444444445,0.0008131994162044973,0.09542555316762374,0.11639819860657653,0.013891854213360462,-0.03567769906851775
3.3722222222222222,0.000731088589479804,-0.06609027853783205,0.11718705839357078,-0.05142300877492253,-0.1325854167459601
3.375,0.0006566945339145716,-0.030271738544355768,0.11797203076412298,-0.08,-0.06890046384239332
3.3777777777777778,0.0005893784110423037,-0.022611474684362264,0.11875308967854473,-0.05142300877492956,-0.09053093399901974
3.3805555555555555,0.0005285519082117746,0.021461426450950522,0.11953020922696769,0.01389185421335143,-0.11248918889758037
3.3833333333333333,0.00047367542443966116,0.13029112264249354,0.1203033636302028,0.06928203230275623,-0.05976794871490514
3.386111111111111,0.00042425655954835505,0.26291997743209616,0.12107252724059615,0.07517540966287008,0.06624778396908154
3.388888888888889,0.0003798489630151801,0.14735732658673495,0.12183767454287901,0.027361611466058457,-0.002221808385217721
3.3916666666666666,0.00034005160683454324,0.14746701987790806,0.12259878015501485,-0.040000000000000036,0.0645281881160587
3.3944444444444444,0.0003045085557059576,0.06542483598881337,0.1233558188290412,-0.07878462024097757,0.020549128845043767
3.397222222222222,0.00027290931796973496,0.10222606060611132,0.1241087654519067,-0.061283555449523075,0.039127941285757965
3.4,0.00024498987182161,0.08005773515289555,0.12485759504630488,-2.1941709164646403e-15,-0.04504484976522876
3.4027777777777777,0.0002205344732773019,0.21330392040393356,0.12560228277150248,0.06128355544952025,0.02619754770963354
3.4055555555555554,0.00019937836486864544,0.24176251423372727,0.126342803924163,0.07878462024097833,0.036435711703717295
3.408333333333333,0.0001814115167687234,0.138428180844255,0.1270791339391671,0.04000000000000384,-0.028832364611684647
3.411111111111111,0.0001665835444761253,0.12859323899965658,0.12781124839042646,-0.02736161146605434,0.02797701853080832
3.4138888888888888,0.00015490995871097202,0.08182801121627904,0.128539122991695,-0.07517540966286858,0.028309387928741648
3.4166666666666665,0.0001464799130086337,0.032649550151120095,0.12926273359737403,-0.06928203230275842,-0.027477631056504144
3.4194444444444443,0.0001414656217000133,0.060093245998107545,0.12998205620331305,-0.013891854213355752,-0.056138421613549754
3.422222222222222,0.0001401336244321464,0.12305379275205133,0.13069706694760663,0.051423008774926185,-0.059206416594913616
3.425,0.0001428580718382221,0.21587587727929655,0.13140774211138523,0.08,0.004325277096073089
3.4277777777777776,0.00015013619898847445,0.20003769653298292,0.1321140581196028,0.05142300877492589,0.016350493439465742
3.4305555555555554,0.0001626061372908206,0.07946045194285731,0.13281599154181836,-0.01389185421335614,-0.03962629152289573
3.433333333333333,0.00018106718991862882,0.0657418210464471,0.13351351909297307,-0.06928203230274953,0.0013292670663049321
3.436111111111111,0.00020650265893837832,0.08776456243715121,0.13420661763416322,-0.07517540966287466,0.02852685180692427
3.438888888888889,0.0002401052624357448,0.1386832937030545,0.13489526417340766,-0.027361611466053964,0.030909535733265044
3.441666666666667,0.00028330511555122926,0.25345674698808957,0.1355794358664097,0.04000000000000418,0.07759400600612443
3.4444444444444446,0.00033780016910768936,0.27923057203730456,0.1362591100173163,0.07878462024097842,0.06384904160990217
3.4472222222222224,0.0004055889024464369,0.14855883679360904,0.13693426407946982,0.06128355544952,-0.05006457163782721
3.45,0.0004890049526563008,0.22227319108571142,0.13760487565615656,-2.588533814738147e-15,0.08417931047690114
3.452777777777778,0.000590753230656346,0.051029295054696874,0.1382709225013496,-0.061283555449523325,-0.02654882522778574
3.4555555555555557,0.0007139469264056644,0.1131053498285991,0.1389323825204464,-0.07878462024097435,0.05224364062272138
3.4583333333333335,0.0008621446425848436,0.10385070971614194,0.13958923377100235,-0.039999999999999696,0.0033993313025544427
3.4611111111111112,0.0010393867211722554,0.1480349837278408,0.14024145446345807,0.02736161146605883,-0.02060746892284838
3.463888888888889,0.0012502296443108153,0.12692981928030328,0.1408890229618627,0.07517540966287643,-0.09038484298874665
3.466666666666667,0.001499777204831123,0.20373550178136127,0.1415319177845915,0.06928203230275604,-0.00857822551081741
3.4694444444444446,0.0017937069591214155,0.07988651701225007,0.14217011760505807,0.013891854213351042,-0.07796916176528046
3.4722222222222223,0.0021382903033043714,0.1418838445729355,0.1428036012524224,-0.051423008774929856,0.04836496179213862
3.475,0.0025404043616348987,0.1418123849308901,0.14343234771229282,-0.08,0.07583963285696241
3.477777777777778,0.003007533753400057,0.05579531164106634,0.14405633612742302,-0.05142300877492223,-0.03984554946483451
3.4805555555555556,0.0035477602218560267,0.17721369735958487,0.14467554579840444,0.01389185421336085,0.015098537125963558
3.4833333333333334,0.004169738076768452,0.18247215046347376,0.14528995618435214,0.06928203230275191,-0.03626957610039877
3.486111111111111,0.004882653431824211,0.1945333734914447,0.14589954690358697,0.07517540966287302,-0.03142423650683948
3.488888888888889,0.0056961653199542545,0.21828680971358366,0.14650429773431134,0.02736161146604947,0.03872473519326857
3.4916666666666667,0.006620326952792,0.11179760247589288,0.14710418861527982,-0.04000000000000832,-0.0019269130921706257
3.4944444444444445,0.007665485662759782,0.16356246716479936,0.14769919964646508,-0.07878462024097609,0.08698240209655059
3.4972222222222222,0.008842160432983092,0.07173629213803791,0.1482893110897178,-0.06128355544951693,-0.024111623935146053
3.5,0.01016089638377599,0.20900221637692898,0.14887450336942115,7.371238545940934e-15,0.04996681662372446
3.5027777777777778,0.011632096143655202,0.22724107931419993,0.14945475707314093,0.06128355544951471,0.0048706706478891
3.5055555555555555,0.013265828682463506,0.28186940236292046,0.1500300529522686,0.07878462024097668,0.03978890048721166
3.5083333333333333,0.015071616914439185,0.183314105970598,0.1506003719226606,0.03999999999999555,-0.022357882866497338
3.511111111111111,0.0170582061754058,0.13838434789705142,0.151165695065271,-0.027361611466046234,-0.0024779418775791357
3.513888888888889,0.019233316521275197,0.09000896652023566,0.15172600362677904,-0.07517540966287185,-0.005774943964946738
3.5166666666666666,0.021603382660666772,0.06279977363583546,0.15228127902021169,-0.06928203230275364,-0.04180285574228936
3.5194444444444444,0.024173286194266164,0.1962170115355491,0.15283150282555955,-0.013891854213364245,0.033104076729087634
3.522222222222222,0.02694608565558429,0.26425820149981066,0.15337665679038856,0.051423008774919586,0.03251245027891821
3.525,0.02992275059735262,0.29351720817307614,0.1539167228304452,0.08,0.029677734745278336
3.5277777777777777,0.03310190660873259,0.31582488110978946,0.15445168303025605,0.05142300877491856,0.07684828269588223
3.5305555555555554,0.03647959864457003,0.2500365041367603,0.15498151964372278,-0.013891854213347647,0.07246724006181518
3.533333333333333,0.04004908036433943,0.10752602866383876,0.1555062150947104,-0.0692820323027543,-0.018747234492456768
3.536111111111111,0.04380063728365377,0.1433035955201215,0.15602575197763022,-0.07517540966287138,0.01865261592170891
3.5388888888888888,0.047721451408675473,0.14571991853772043,0.15654011305801765,-0.02736161146606207,-0.031180034462910636
3.5416666666666665,0.0517955146335122,0.2500125617123402,0.1570492812731035,0.03999999999999671,0.0011677658057277728
3.5444444444444443,0.05600359752099957,0.2623539850384135,0.15755323973238028,0.0787846202409769,-0.02998747245594324
3.547222222222222,0.06032327915597809,0.3606623217804686,0.15805197171816243,0.061283555449525545,0.08100351545680257
3.55,0.06472904256564108,0.2414594107689359,0.15854546068614067,6.035950758314844e-15,0.01818490751714814
3.5527777777777776,0.06919243876328017,0.1560411171744725,0.15903369026593123,-0.06128355544951778,-0.010901456405221107
3.5555555555555554,0.07368232082058308,0.21409527343404472,0.15951664426161866,-0.07878462024097585,0.05968092859281885
3.558333333333333,0.07816514755121144,0.08962868371372666,0.15999430665229297,-0.04000000000000716,-0.10853077048977058
3.561111111111111,0.0826053544463048,0.16972849776167245,0.1604666615925814,0.027361611466050727,-0.1007051297432645
3.563888888888889,0.08696578750087462,0.36286682333791065,0.16093369341317385,0.07517540966287349,0.0397919327609887
3.566666666666667,0.09120819357526401,0.32490903490522616,0.1613953866213425,0.06928203230275125,0.003023422405868403
3.5694444444444446,0.09529375901852849,0.2835596541463645,0.16185172590145636,0.01389185421334162,0.012522315013038033
3.5722222222222224,0.09918368651247696,0.1437435686871148,0.16230269611548853,-0.05142300877492325,-0.06631980516592743
3.575,0.10283979854634388,0.1844263953073447,0.16274828230351912,-0.08,-0.0011616855425183102
3.577777777777778,0.10622515466778468,0.3181660860971678,0.16318846968423087,-0.0514230087749149,0.1001754705200671
3.5805555555555557,0.10930466873351949,0.32802974759206494,0.16362324365539996,0.013891854213352357,0.041209980989793144
3.5833333333333335,0.11204571184917306,0.3538656612034506,0.16405258979438023,0.0692820323027567,0.008485327257140607
3.5861111111111112,0.11441868657627251,0.3321178945924768,0.16447649385858146,0.07517540966286976,-0.021952695505246884
3.588888888888889,0.11639755831352634,0.28892546897205634,0.16489494178594213,0.027361611466057575,-0.019728642593469695
3.591666666666667,0.11796033053162859,0.13680835576702266,0.16530791969539582,-0.040000000000000854,-0.10645989446000088
3.5944444444444446,0.11908945174118026,0.2189022664335919,0.16571541388733135,-0.07878462024097775,0.01288202104605803
3.5972222222222223,0.11977214367038415,0.2668801544890139,0.16611741084404785,-0.06128355544951077,0.0422741554240927
3.6,0.12000064207559878,0.20773357294726924,0.1665138972302025,-1.2532460271120565e-15,-0.07878096635853077
3.602777777777778,0.11977234384212873,0.3148899145695623,0.16690485989325346,0.061283555449520855,-0.0330708446153408
3.6055555555555556,0.11908985648148643,0.3072915309746863,0.16729028586389594,0.07878462024097502,-0.05787323161167111
3.6083333333333334,0.11796094871262897,0.27736355132868606,0.16767016235649224,0.04000000000000302,-0.04826755974043818
3.611111111111111,0.11639840344070222,0.25975535008523837,0.16804447676949638,-0.02736161146605522,0.002674081341095011
3.613888888888889,0.11441977702810084,0.10343747630167356,0.16841321668587156,-0.07517540966287511,-0.10422010774942372
3.6166666666666667,0.11204707120152593,0.24225493069012358,0.16877636987350242,-0.06928203230275796,0.0307135219178532
3.6194444444444445,0.10930632617303573,0.302241149741966,0.16913392428560095,-0.013891854213354827,0.03769275349668411
3.6222222222222222,0.10622714549954576,0.31458089293373254,0.16948586806110547,0.051423008774926914,-0.012555129401845624
3.625,0.1028421648023355,0.22863892882818326,0.16983218952507487,0.08,-0.12403542549922708
3.6277777777777778,0.09918647766851281,0.27096143233239395,0.17017287718907545,0.051423008774925165,-0.049820931300119484
3.6305555555555555,0.09529703282855896,0.31355819507189875,0.17050791975156201,-0.013891854213357067,0.06164509670513483
3.6333333333333333,0.09121201703329887,0.05386757679236426,0.1708373060982531,-0.06928203230275909,-0.13889971403642862
3.636111111111111,0.0869702379421199,0.16557968297206874,0.17116102530249913,-0.07517540966287434,-0.017376170609675962
3.638888888888889,0.08261052080055833,0.16772793703678784,0.17147906662564555,-0.02736161146605308,-0.05900003892336295
3.6416666666666666,0.07817113176307892,0.33019106635971424,0.17179141951738852,0.04000000000000499,0.04022851507924183
3.6444444444444444,0.07368923945269197,0.29081623570261933,0.17209807361612503,0.0787846202409754,-0.03375569760717307
3.647222222222222,0.06920042480034855,0.3230807000359454,0.17239901874929686,0.0612835554495194,0.020197701036780577
3.65,0.06473824743905603,0.2657055133312349,0.17269424493372773,-3.5294587040907307e-15,0.028273020958454655
3.6527777777777777,0.06033387501041693,0.2638453539233603,0.17298374237595457,-0.061283555449512236,0.09181129198650101
3.6555555555555554,0.05601577974661203,0.1403515637944187,0.17326750147255254,-0.07878462024097735,-0.010147097183768512
3.658333333333333,0.05180950468926642,0.20415723598085142,0.1735455128104533,-0.03999999999999888,0.01880221848113057
3.661111111111111,0.047737499964658314,0.17466410464158677,0.17381776716725764,0.027361611466042622,-0.0742527739563718
3.6638888888888888,0.043819027712406644,0.35259937105150546,0.17408425551154108,0.07517540966287053,0.0595206781646872
3.6666666666666665,0.04007013261370177,0.2456716915160427,0.1743449690031536,0.06928203230275556,-0.038025442403568234
3.6694444444444443,0.036503673526991944,0.1969577185294678,0.17459989899351303,0.013891854213350117,-0.02803770820438728
3.672222222222222,0.033129410544600245,0.15544304905311473,0.17484903702589166,-0.05142300877491664,-0.001112389742460537
3.675,0.029954140852538745,0.046902298421243264,0.175092374835697,-0.08,-0.07814421726699249
3.6777777777777776,0.026981876116182704,0.16232727313845408,0.17532990435074597,-0.05142300877492151,0.0114385014464469
3.6805555555555554,0.024214053724282987,0.26204083927540966,0.17556161769153228,0.013891854213343864,0.04837331364625054
3.683333333333333,0.02164977409130787,0.28136600474041323,0.17578750717148842,0.06928203230275239,0.01464669117486458
3.686111111111111,0.01928605632337269,0.1910241530745493,0.17600756529724018,0.0751754096628727,-0.07944487820893625
3.688888888888889,0.017118104869434013,0.21451103638785501,0.1762217847688554,0.027361611466048586,-0.006190464716482979
3.691666666666667,0.01513958027537464,0.1886711839044261,0.17643015848008609,-0.04000000000000913,0.03710144514897453
3.6944444444444446,0.013342867798827505,0.017291488778160023,0.17663267951860415,-0.07878462024097624,-0.09389943829829539
3.6972222222222224,0.011719338387934422,0.07352682341376322,0.17682934116623084,-0.06128355544951632,-0.0537383006908857
3.7,0.010259597325837588,0.23110691442908127,0.17702013689915938,8.312163435293519e-15,0.043827180204076
3.702777777777778,0.008953716583591561,0.26094710413115435,0.17720506038817146,0.06128355544952701,0.013504771709864328
3.7055555555555557,0.007791447238695042,0.28455875208485665,0.1773841054988474,0.07878462024097652,0.020598579106337694
3.7083333333333335,0.00676240683940606,0.31729441351233556,0.1775572662917692,0.03999999999999474,0.09297474038116559
3.7111111111111112,0.005856228552515838,0.17964679303447983,0.1777245370227181,-0.02736161146606421,0.02342763892531013
3.713888888888889,0.005062629338587865,0.14066753234023932,0.17788591214286464,-0.07517540966287217,0.03289440052165897
3.716666666666667,0.004371261982700278,0.24866789233981654,0.17804138629895314,-0.06928203230275318,0.1355372763609163
3.7194444444444446,0.0037709632983879003,0.15737983551399695,0.17819095433347898,-0.013891854213345406,-0.010690227904524535
3.7222222222222223,0.0032474106095456527,0.19311089248840108,0.17833461128485986,0.05142300877492031,-0.03989413818092476
3.725,0.0027769864315690014,0.2826391587315259,0.1784723523876003,0.08,0.02138981991235664
3.727777777777778,0.0023126788180321553,0.2542894121348446,0.17860417307244983,0.05142300877491784,0.021949551469444745
3.7305555555555556,0.0017556297304386387,0.14025807488633402,0.17873006896655436,-0.013891854213348574,-0.02633576959731041
3.7333333333333334,0.0009055741320878009,0.05885372674519216,0.17885003589360152,-0.06928203230275477,-0.05161985097774238
3.736111111111111,-0.0006108505572609556,0.21867003075833089,0.178964069873959,-0.07517540966287106,0.11549222110450391
3.738888888888889,-0.0034180040001875484,0.16463472517797606,0.17907216712480656,-0.027361611466044093,0.016342173519401145
3.7416666666666667,-0.00843040608351478,0.1741296489066406,0.17917432406026165,0.039999999999997524,-0.03661426907010378
3.7444444444444445,-0.016778329884822984,0.2870733427616324,0.17927053729149833,0.07878462024097707,0.04579651511397993
3.7472222222222222,-0.029541528719856804,0.20564557277844922,0.1793608036268595,0.06128355544951324,-0.005457257578066726
3.75,-0.047268230520312746,0.11953281723576385,0.17944512007196306,5.09502586896226e-15,-0.012644072315891564
3.7527777777777778,-0.06937853347807019,0.07697503849793708,0.179523483829801,-0.061283555449518384,0.028113643595724665
3.7555555555555555,-0.09369085948496793,-0.057473700836695715,0.1795958923008324,-0.07878462024097568,-0.0645941134115845
3.7583333333333333,-0.11636454980558561,0.04092915347333609,0.17966234308306944,-0.04000000000000635,0.01763136019585862
3.761111111111111,-0.1324284339917209,0.17030375183307558,0.17972283397215727,0.02736161146605161,0.09564774038658762
3.763888888888889,-0.1367764291328516,0.14148522660133478,0.17977736296144703,0.07517540966287381,0.02330888310986554
3.7666666666666666,-0.1252148735956551,0.10508248175999399,0.17982592824206245,0.06928203230275988,-0.018810605189173227
3.7694444444444444,-0.09506386258316424,0.07334125581174211,0.17986852820295984,0.01389185421335861,-0.0253552640214121
3.772222222222222,-0.04505987841605101,0.06290527557275113,0.17990516143098156,-0.051423008774923964,-0.020516998667255468
3.775,0.025237241663117013,0.11247493447163079,0.17993582671090283,-0.08,-0.012698133902389053
3.7777777777777777,0.11595953190905939,0.22560671952168987,0.1799605230254722,-0.051423008774928114,-0.0188903266379136
3.7805555555555554,0.2267806007584294,0.4664672765809561,0.17997924955544503,0.013891854213353283,0.04581557205372834
3.783333333333333,0.35590122400967106,0.51851480683159,0.17999200567961096,0.06928203230275717,-0.08666045516044917
3.786111111111111,0.49855105196953325,0.7968252551278299,0.17999879097481433,0.07517540966287566,0.0431000025206067
3.7888888888888888,0.6458203704350534,0.8341972608599503,0.17999960521596828,0.02736161146605669,-0.018984326257128058
3.7916666666666665,0.7846694610281311,0.9435112986889601,0.17999444837606213,-0.04000000000000166,0.018847389284768614
3.7944444444444443,0.8995524529290293,0.9444017578041739,0.1799833206261625,-0.07878462024097474,-0.05634939551004319
3.797222222222222,0.9754135784749736,1.160527798703331,0.17996622233540738,-0.06128355544952187,0.0664315533424718
3.8,1.0011733198018906,1.2433982218814779,0.17994315407099398,-3.123211377594728e-16,0.06228174800859365
3.8027777777777776,0.9725197813647755,1.2616969796999489,0.17991411659816,0.061283555449509766,0.04797952628750368
3.8055555555555554,0.8930124448277176,1.0759384371591767,0.17987911088015812,0.07878462024097801,-0.07573773878967698
3.808333333333333,0.7731218817054785,1.0344160733370074,0.17983813807822407,0.0400000000000022,0.041456053553302646
3.811111111111111,0.6275979811250924,0.80027032359236,0.17979119955153824,-0.027361611466056104,0.020242754381785445
3.813888888888889,0.47213578055067257,0.4964351053883491,0.1797382968571804,-0.07517540966287543,-0.08026356235662839
3.816666666666667,0.32044836859605536,0.4296308988548443,0.1796794317500781,-0.06928203230274839,-0.0012148691885407745
3.8194444444444446,0.18253786918678253,0.36648734560804036,0.1796146061829486,-0.0138918542133539,0.018226724451663127
3.8222222222222224,0.064372472922912,0.3231430676952311,0.17954382230623395,0.051423008774927635,0.027803763691157543
3.825,-0.03137764877331702,0.23695250204215537,0.17946708246802962,0.08,0.008863068347442786
3.827777777777778,-0.1041851770019569,0.14118379182934324,0.1793843892140067,0.05142300877492445,0.014561570842368985
3.8305555555555557,-0.15468741953563742,0.08439704115098684,0.17929574528732747,-0.013891854213357995,0.07368056961265478
3.8333333333333335,-0.1841958584719664,-0.012975041650637592,0.17920115362855438,-0.06928203230275956,0.06130169549553399
3.8361111111111112,-0.1946614120908234,-0.2340889520672822,0.17910061737555238,-0.07517540966287402,-0.14335274768913717
3.838888888888889,-0.18883311760173419,-0.05307251694628551,0.17899413986338497,-0.027361611466052198,-0.0158719277418841
3.841666666666667,-0.17031013847376905,0.04033903477324283,0.17888172462420363,0.04000000000000581,-0.008232551377197564
3.8444444444444446,-0.14331322908902713,0.02662983790273335,0.17876337538713033,0.07878462024097874,-0.08760492863634856
3.8472222222222223,-0.11219241605341033,0.13243938838585834,0.17863909607813427,0.061283555449518794,0.004709152911615609
3.85,-0.08083490049922809,0.16011187894119405,0.1785088908199013,-4.470383593443315e-15,0.06243788862052533
3.852777777777778,-0.0521787895948049,0.010582025907838272,0.17837276393169724,-0.06128355544952454,-0.054328392979529516
3.8555555555555556,-0.02797720806963892,0.08828893855310224,0.17823071992922473,-0.07878462024097718,0.016820046934493616
3.8583333333333334,-0.008844769479959259,0.08344682017969406,0.17808276352447328,-0.039999999999998065,-0.04579117386482189
3.861111111111111,0.005483358950183717,0.17717826885782345,0.17792889962556302,0.027361611466060597,-0.033595601183983845
3.863888888888889,0.015799938946122756,0.3426141636540772,0.17776913333658184,0.07517540966287085,0.07386968170850176
3.8666666666666667,0.023094989480725654,0.24285260073530576,0.17760346995741624,0.06928203230275509,-0.02712789100559125
3.8694444444444445,0.02831593518279537,0.24275032883025102,0.17743191498357522,0.01389185421334919,0.023110624450531234
3.8722222222222222,0.0322376692027008,0.06450822873074234,0.17725447410600825,-0.05142300877491736,-0.09356090580304936
3.875,0.03542447839451924,0.2256115096751797,0.17707115321091646,-0.08,0.09311587806974402
3.8777777777777778,0.03824977286428926,0.19384134478425052,0.17688195837955709,-0.051423008774920786,0.030132622315324948
3.8805555555555555,0.04094087378503057,0.22239463175392232,0.17668689588804212,0.013891854213362705,-0.009124992132513084
3.8833333333333333,0.043626232310689274,0.31817156232056687,0.17648597220713,0.06928203230275286,0.02877732549999474
3.886111111111111,0.04637378297473978,0.22733741519223227,0.17627919400201067,0.07517540966287238,-0.07049097144739051
3.888888888888889,0.049217504954701424,0.31177222164046703,0.176066568132085,0.0273616114660477,0.05912653708763286
3.8916666666666666,0.0521737336956269,0.17182259657154786,0.1758481016507367,-0.0399999999999942,-0.01619923877482151
3.8944444444444444,0.05525021942150657,0.1418859252332073,0.17562380180509887,-0.0787846202409764,-0.010203475752421736
3.897222222222222,0.058450726401108447,0.1479780662391315,0.17539367603581302,-0.06128355544951571,-0.024582780748274222
3.9,0.06177718035998166,0.20790234219947618,0.17515773197678272,-8.936805710812464e-15,-0.029032570137279237
3.9027777777777777,0.0652305911174424,0.336163654603299,0.17491597745492027,0.061283555449515914,0.03473353058142043
3.9055555555555554,0.0688114140680995,0.33505979730417357,0.17466842048988662,0.07878462024097635,0.012795342505211145
3.908333333333333,0.07251967446688028,0.31952215083086805,0.17441506929382608,0.040000000000009674,0.032587407070152
3.911111111111111,0.07635499900145194,0.22270958533221874,0.17415593227109338,-0.027361611466048,-0.00043973447427857263
3.9138888888888888,0.08031661401511249,0.2046922129240739,0.17389101801797485,-0.07517540966287249,0.025659990553859053
3.9166666666666665,0.08440333301004121,0.16779919883344022,0.17362033532240362,-0.0692820323027527,-0.02094243719625192
3.9194444444444443,0.0886135415109817,0.3595521725317646,0.17334389316366786,-0.013891854213362394,0.11148659207047742
3.922222222222222,0.09294518204761804,0.23903337071312689,0.17306170071211274,0.05142300877492103,-0.07839652082152493
3.925,0.0973957402079368,0.41321637371492265,0.17277376732883665,0.08,0.06304686617814922
3.9277777777777776,0.10196223214328495,0.39426071601964496,0.17248010256538043,0.051423008774931056,0.06839537253604853
3.9305555555555554,0.10664119373505658,0.22232211538683794,0.17218071616341055,-0.0138918542133495,-0.04260794029827969
3.933333333333333,0.11142867158246225,0.3254859378619014,0.17187561805439572,-0.06928203230275524,0.11146368052779868
3.936111111111111,0.11632021595330296,0.2624841387969697,0.1715648183592778,-0.07517540966287696,0.049774514147265914
3.938888888888889,0.12131087582982582,0.3137545420930642,0.17124832738813603,-0.02736161146604321,0.04855695034114558
3.941666666666667,0.12639519617276398,0.33872246116390103,0.17092615563984484,0.03999999999999834,0.0014011093512938345
3.9444444444444446,0.1315672175168987,0.3700888436486675,0.17059831380172538,0.07878462024097724,-0.010861307910933822
3.9472222222222224,0.13682047800047595,0.3578984048471997,0.17026481274919156,0.06128355544951264,-0.010470441351980407
3.95,0.14214801791861909,0.33160021127996975,0.16992566354538882,-1.4035793055848889e-14,0.01952652981597586
3.952777777777778,0.1475423868774368,0.3258990226204401,0.1695808774408275,-0.06128355544951899,0.07005931375169482
3.9555555555555557,0.15299565361096013,0.25250721013606453,0.16923046587300897,-0.07878462024097553,0.009065710893070981
3.9583333333333335,0.15849941850740892,0.2418016778166017,0.16887444046604705,-0.03999999999998978,-0.04557218115686452
3.9611111111111112,0.16404482887468377,0.40114060649026717,0.16851281303028195,0.027361611466052493,0.04122135311924899
3.963888888888889,0.16962259695751764,0.4590011395020197,0.16814559556188835,0.07517540966287413,0.04605753731973961
3.966666666666667,0.1752230207005136,0.4450108296681311,0.16777280024247787,0.0692820323027503,0.03273297642238931
3.9694444444444446,0.18083600723248103,0.39939724621078265,0.1673944394386948,0.013891854213357683,0.037274945326249136
3.9722222222222223,0.18645109902819923,0.2884922094471897,0.16701052570180552,-0.051423008774924686,-0.013546406507890405
3.975,0.192057502684139,0.23222911609489277,0.16662107176728277,-0.08,-0.04644945835652898
3.977777777777778,0.1976441202249185,0.2690375304723349,0.1662260905543828,-0.051423008774927385,-0.04340967153203899
3.9805555555555556,0.20319958283752648,0.3011438697937044,0.1658255951657166,0.013891854213354211,-0.0817731624228929
3.9833333333333334,0.20871228691078558,0.45526134867765644,0.16541959888681576,0.06928203230275763,0.011847430577297488
3.986111111111111,0.2141704322383275,0.4501815179255584,0.16500811518569147,0.0751754096628691,-0.004172439161329681
3.988888888888889,0.21956206222468574,0.389515446176644,0.1645911577123879,0.027361611466055806,-0.021999385226485438
3.9916666666666667,0.2248751059161607,0.20126290499743354,0.16416874029852882,-0.04000000000000248,-0.1477809412172535
3.9944444444444445,0.23009742166104702,0.2526878048922202,0.16374087695685968,-0.07878462024097807,-0.06236587348470845
3.9972222222222222,0.23521684218781289,0.39328290118923215,0.16330758188078223,-0.061283555449521264,0.05604203257015834
4.0,0.2402212208750431,0.3698587903157706,0.16286886944388346,6.28603751593111e-16,-0.03323130000315655
4.002777777777778,0.24509847897356818,0.4868363725053917,0.16242475419945937,0.06128355544952207,0.018029583882842072
4.0055555555555555,0.24983665352933826,0.42106225315158535,0.16197525088003206,0.07878462024097785,-0.06953427149876282
4.008333333333334,0.2544239457454355,0.5278795942602429,0.16152037439686023,0.03999999999998564,0.07193527411796156
4.011111111111111,0.25884876951317976,0.3853459148838351,0.16106013983944611,-0.02736161146605699,-0.0072013830027338206
4.013888888888889,0.26309979983587134,0.36302097247220544,0.16059456247503312,-0.07517540966287575,0.01450201982417676
4.016666666666667,0.2671660208641398,0.47429663590356785,0.1601236577481008,-0.06928203230275702,0.11628898959408425
4.019444444444445,0.27103677325954806,0.4926143653555167,0.15964744127985148,-0.013891854213352973,0.07582200502947019
4.022222222222222,0.2747018006027366,0.46996245718100493,0.1591659288676929,0.05142300877492836,-0.01532828106435289
4.025,0.2781512945643714,0.4871694218055671,0.15867913648471368,0.08,-0.02966100924351796
4.027777777777778,0.2813759385611649,0.47470877703926573,0.1581870802791537,0.05142300877492373,-0.01627725057597659
4.030555555555556,0.28436694962558856,0.45365978440992427,0.15768977657386787,-0.013891854213358921,0.025494912423826784
4.033333333333333,0.28711611822626,0.3697601210767511,0.15718724186578562,-0.06928203230275094,-0.005261206712543556
4.036111111111111,0.2896158457866152,0.3513577216989367,0.15667949282536256,-0.07517540966286747,-0.019762207250173584
4.038888888888889,0.29185917966202246,0.4940231770274517,0.1561665462960284,-0.027361611466051313,0.07335906253545212
4.041666666666667,0.2938398453501351,0.48377777005487765,0.15564841929362777,0.04000000000000663,-0.005710494588891845
4.044444444444444,0.2955522757256701,0.6444414796243677,0.15512512900585587,0.07878462024097574,0.11497945465186597
4.0472222222222225,0.2969916371090314,0.5174090135378462,0.15459669279168786,0.06128355544951818,0.004537128187608651
4.05,0.29815385199793243,0.5414828998899855,0.15406312818080398,1.2778585552662667e-14,0.08926591971123637
4.052777777777778,0.2990356183124288,0.40914248687144167,0.15352445287300667,-0.06128355544952514,0.01786597113553134
4.055555555555555,0.29963442502622545,0.42197851818535626,0.15298068473763543,-0.07878462024097702,0.04814802866247239
4.058333333333334,0.29994856408070897,0.37614985331779716,0.15243184181297162,-0.039999999999997246,-0.03623055257588622
4.061111111111111,0.29997713850258295,0.43652873114489876,0.15187794230564206,0.027361611466044388,-0.042687961129370594
4.063888888888889,0.2997200666711182,0.5491997786747588,0.15131900459001377,0.0751754096628774,0.022985297750749378
4.066666666666666,0.29917808270660196,0.5686428243402077,0.1507550472075854,0.06928203230275462,0.04942766212326576
4.069444444444445,0.29835273297739917,0.46444350115714217,0.15018608886637155,0.013891854213348263,0.002012825100023143
4.072222222222222,0.2972463687488885,0.331115841660068,0.1496121484402825,-0.05142300877491808,-0.06431966675418486
4.075,0.29586213502317454,0.2968824616772057,0.14903324496849754,-0.08,-0.06801291831446636
4.0777777777777775,0.2942039556437234,0.31987352441431177,0.14844939765483442,-0.051423008774934,-0.07135682010931206
4.080555555555556,0.29227651476364325,0.36564788919714875,0.14786062586711088,0.013891854213363631,-0.08838110564696905
4.083333333333333,0.2900852348001154,0.5121084842117273,0.14726694913650415,0.06928203230275333,0.0054742679723543755
4.086111111111111,0.28763625102016244,0.5657322439253365,0.1466683871569007,0.07517540966287206,0.05625219608540127
4.088888888888889,0.2849363829244659,0.45769216482853436,0.14606495978424497,0.02736161146606391,-0.0006707893462404384
4.091666666666667,0.28199310261597993,0.2744290517849557,0.14545668703587916,-0.04000000000001076,-0.11302073786689262
4.094444444444444,0.2788145003586543,0.3353354461908309,0.1448435890898806,-0.07878462024097657,-0.009538023016727437
4.097222222222222,0.27540924754832485,0.35021142855157017,0.14422568628439075,-0.06128355544951511,-0.008139949831630355
4.1,0.2717865573328528,0.5201894939610595,0.14360299911694274,-7.995880821459881e-15,0.10479993751127198
4.102777777777778,0.26795614313154326,0.3993583511788608,0.14297554824377884,0.06128355544951652,-0.07285689564597782
4.105555555555555,0.263928175314915,0.465522269905102,0.1423433544791674,0.07878462024097935,-0.019533880129959786
4.108333333333333,0.2597132363146883,0.5267123091366204,0.14170643879471084,0.03999999999999311,0.08529263402722821
4.111111111111111,0.25532227444064076,0.3915244023605704,0.14106482231865108,-0.027361611466048884,0.022498917067327404
4.113888888888889,0.25076655668542636,0.34417532703354287,0.1404185263351681,-0.07517540966287281,0.028165653675821235
4.116666666666666,0.24605762080086863,0.32227238263297536,0.13976757228367415,-0.06928203230276132,0.005729221851193911
4.1194444444444445,0.24120722692930568,0.3829245314069092,0.13911198175810177,-0.013891854213361466,0.01649717693286323
4.122222222222222,0.23622730907166992,0.46498257086670736,0.13845177650618895,0.051423008774921744,0.0388804765139268
4.125,0.23112992666981205,0.40844258915392945,0.1377869784287557,0.08,-0.04047431594463832
4.127777777777778,0.22592721657458442,0.45837076387389075,0.13711760957897995,0.0514230087749164,0.043902928945409994
4.1305555555555555,0.22063134566309253,0.2745330327671292,0.13644369216166408,-0.013891854213350428,-0.06865015084427696
4.133333333333334,0.21525446435874054,0.29815607923005116,0.13576524853249852,-0.06928203230276482,0.016418398641576907
4.136111111111111,0.2098086612961672,0.27865260099493455,0.13508230119732142,-0.07517540966287042,0.008937048164316359
4.138888888888889,0.20430591936000952,0.280524526295732,0.13439487281137016,-0.027361611466042324,-0.0308146544096054
4.141666666666667,0.19875807331201825,0.3713267957242674,0.13370298617853235,0.039999999999999154,-0.0011342637662823368
4.144444444444445,0.1931767692051689,0.37384104606345503,0.13300666425058638,0.0787846202409774,-0.031127007633277654
4.147222222222222,0.18757342576666,0.32757784499953924,0.13230593012644268,0.061283555449523734,-0.05358506634308722
4.15,0.18195919791378848,0.2958792678844667,0.13160080705137542,-1.4976717945201472e-14,-0.01768073708068222
4.152777777777778,0.17634494254827018,0.19075327374642076,0.13089131841625326,-0.0612835554495196,-0.05519943176858308
4.155555555555556,0.1707411867553488,0.23827392747579718,0.1301774877567613,-0.07878462024097535,0.016139873204662408
4.158333333333333,0.16515809851465116,0.19711316255965136,0.1294593387526231,-0.04000000000000472,-0.05750427470761818
4.161111111111111,0.159605460009909,0.351302817852327,0.12873689522681203,0.027361611466053377,0.03559885114955257
4.163888888888889,0.15409264360501831,0.2982042810162153,0.12801018114476356,0.07517540966287445,-0.059073953396441004
4.166666666666667,0.14862859053414945,0.31687509767142746,0.1272792206135785,0.06928203230274985,-0.028314745779050316
4.169444444444444,0.14322179233437632,0.25242751401819863,0.12654403788122448,0.013891854213356756,-0.031230170410758953
4.1722222222222225,0.1378802750302602,0.27851926003480787,0.1258046573357311,-0.051423008774925415,0.06625733644374195
4.175,0.13261158606159668,0.1941871868468074,0.12506110350438115,-0.08,0.016514497280829595
4.177777777777778,0.12742278392780063,0.18972648607856418,0.124313401052896,-0.05142300877491273,-0.010586690127219713
4.180555555555555,0.122320430505731,0.28470983155719143,0.1235615747846191,0.013891854213355138,0.024935972053486168
4.183333333333334,0.11731058598181197,0.20403865055777676,0.1228056496396911,0.0692820323027581,-0.10535961736648441
4.186111111111111,0.11239880632462468,0.3074631871996795,0.1220456506942252,0.07517540966287502,-0.0021566794820453723
4.188888888888889,0.10759014321037956,0.35610906672614484,0.1212816031594722,0.027361611466054925,0.09987570889023814
4.191666666666666,0.10288914630131996,0.19002000400245284,0.1205135323809868,-0.039999999999987546,0.006617325320133628
4.194444444444445,0.09829986776580292,0.14265236982107632,0.11974146383778488,-0.07878462024097824,0.003395658458466775
4.197222222222222,0.09382586891899286,0.1789141555930818,0.1189654231414998,-0.06128355544952066,0.027406418982109805
4.2,0.08947022885442556,0.25243592705567636,0.11818543603553193,1.5695286409456947e-15,0.04478026216571728
4.2027777777777775,0.0852355549295519,0.16404730412876503,0.11740152839419515,0.06128355544951098,-0.099873334644493
4.205555555555556,0.08112399496237667,0.19240601733565735,0.11661372622185749,0.07878462024097453,-0.08411632408955134
4.208333333333333,0.0771372509918299,0.24347387119821806,0.11582205565208026,0.04000000000000058,0.010514564554307328
4.211111111111111,0.0732765944511554,0.12519769783697093,0.1150265429467489,-0.02736161146605787,-0.03574382809487549
4.213888888888889,0.06954288260169944,0.17419595054503006,0.11422721449520477,-0.07517540966286985,0.06560126311099572
4.216666666666667,0.06593657607363951,0.09431992108998802,0.11342409681336625,-0.06928203230275655,-0.015758719494261195
4.219444444444444,0.06245775736069,0.06445658290451636,0.11261721654285221,-0.01389185421336996,-0.0967265367856559
4.222222222222222,0.05910615011727519,0.1589350635001002,0.11180660045009579,0.05142300877492907,-0.06340069584219986
4.225,0.05588113910931033,0.10938961355324028,0.11099227542545873,0.08,-0.13748380098152876
4.227777777777778,0.05278179067320582,0.20267279106632008,0.11017426848233688,0.05142300877492301,-0.011706276864145628
4.230555555555555,0.049806873542215226,0.1358484197219214,0.10935260675626729,-0.013891854213341935,-0.00941920636321917
4.233333333333333,0.04695487990442097,0.0649770296165899,0.10852731750402432,-0.0692820323027605,-0.02122313548909489
4.236111111111111,0.04422404656267779,0.13069101695401003,0.1076984281027187,-0.07517540966287338,0.053943951951486935
4.238888888888889,0.04161237607335876,0.18104272248202988,0.10686596604888686,-0.02736161146605043,0.05992599182583468
4.241666666666666,0.03911765774793791,0.1766281955377048,0.10602995895758079,0.03999999999999168,-0.00851942116780556
4.2444444444444445,0.036737488408963265,0.11397785983754717,0.10519043456145082,0.0787846202409759,-0.1067346833738428
4.247222222222222,0.034469292799966994,0.2309643479839353,0.10434742070982614,0.06128355544952927,0.030864079024612925
4.25,0.032310343557018104,0.1635793003502306,0.10350094536779007,-6.352233372148482e-15,0.027768011425428774
4.252777777777778,0.03025778065807377,0.08709484033164908,0.1026510366152538,-0.061283555449525746,0.015469578507847252
4.2555555555555555,0.028308630274749603,0.10039572014520239,0.10179772264602387,-0.07878462024097686,0.04907398746540579
4.258333333333334,0.026459822959696785,0.029159449903515638,0.10094103176686729,-0.039999999999996434,-0.058241404823052005
4.261111111111111,0.02470821111126625,0.2525885842831411,0.10008099239657266,0.027361611466045273,0.10043776930925695
4.263888888888889,0.023050585665508737,0.14947224073629953,0.09921763306500646,0.07517540966287772,-0.047971387657093405
4.266666666666667,0.02148369197380556,0.22657785304877087,0.09835098241216841,0.06928203230275415,0.03746114636004273
4.269444444444445,0.02000424483237656,0.04700978351229543,0.09748106918723912,0.013891854213347337,-0.08436738472066758
4.272222222222222,0.01860894263765016,0.01728062174685829,0.09660792224762949,-0.05142300877491881,-0.04651323436350255
4.275,0.017294480648829807,0.10884448354311638,0.09573157055801976,-0.08,0.07581843233626681
4.277777777777778,0.016057563346036724,0.04644160661047676,0.09485204318940188,-0.05142300877491934,-0.013044991150042496
4.280555555555556,0.014894915878999264,0.16475226966711645,0.09396936931811273,0.013891854213364557,0.041996130256639896
4.283333333333333,0.01380329460748114,0.18801667457106558,0.09308357822486833,0.0692820323027538,0.011847769435962306
4.286111111111111,0.01277949674036287,0.1749016978970162,0.09219469929379023,0.07517540966287173,-0.005247907800008634
4.288888888888889,0.011820369085603306,0.19867725880973472,0.0913027620114339,0.02736161146606303,0.06819251624663449
4.291666666666667,0.010922815928099605,0.049497670661299856,0.09040779596580685,-0.04000000000001158,-0.011832941232595017
4.294444444444444,0.010083806056824964,-0.06822788871693503,0.08950983084539028,-0.07878462024097674,-0.08903690537817353
4.2972222222222225,0.009300378966463442,-0.0035362846424844135,0.08860889643815191,-0.061283555449514505,-0.04016200459758526
4.3,0.008569650262168728,0.12383425932780603,0.08770502263055964,-7.054955932107296e-15,0.027559586435084712
4.302777777777778,0.007888816298978047,0.1757460664732097,0.08679823940658908,0.061283555449517135,0.01977545531812541
4.305555555555555,0.007255158089899092,0.09357544266583262,0.08588857684672944,0.07878462024097602,-0.07835291251177191
4.308333333333334,0.006666044518704314,0.09542498367527116,0.0849760651269846,0.03999999999999229,-0.036217125970410054
4.311111111111111,0.006118934895093831,0.033731990486805745,0.084060734517874,-0.027361611466049766,-0.02908606746011233
4.313888888888889,0.00561138089109028,-0.0046948930940681555,0.08314261538342595,-0.07517540966287313,-0.018273479705711252
4.316666666666666,0.005141027898381297,-0.050714945654283326,0.0822217381801738,-0.06928203230276085,-0.06879567943007757
4.319444444444445,0.004705615846806183,0.04069333968363123,0.0812981334561416,-0.013891854213342625,-0.03141855540597393
4.322222222222222,0.00430297952436457,0.0996672958861449,0.08037183184983424,0.051423008774922466,-0.036430524262976376
4.325,0.003931048438994542,0.2019505755163089,0.0794428640892184,0.08,0.03857666298809597
4.3277777777777775,0.0035878462619948286,0.1739781815771419,0.07851126099070527,0.05142300877492961,0.04045606554951219
4.330555555555556,0.003271489892346922,0.05966616623268196,0.0775770534581272,-0.013891854213351354,-0.0072905229044408
4.333333333333333,0.002980188180395366,-0.009263561434184386,0.07664027248171301,-0.06928203230275619,-0.019601989793536577
4.336111111111111,0.002712240348371413,0.010233995424515861,0.07570094913705888,-0.0751754096628701,0.00699621560195567
4.338888888888889,0.002466034144163504,0.009034781889425674,0.07475911458409945,-0.027361611466058533,-0.04082875537277875
4.341666666666667,0.0022400437635578074,0.05871323972125762,0.0738148000660719,0.03999999999999997,-0.05734160410837205
4.344444444444444,0.00203282757496047,0.10667442427813054,0.07286803690848151,0.0787846202409744,-0.04701106044628585
4.347222222222222,0.0018430256793890221,0.103304779448389,0.07191885651806139,0.06128355544951143,-0.03174065819857284
4.35,0.0016693573373523227,0.014462957729472217,0.07096729038173118,2.2722512009045087e-15,-0.05817368998961356
4.352777777777778,0.00151061829315564,0.018343410862330538,0.07001337006555136,-0.0612835554495202,0.008102977953143738
4.355555555555555,0.0013656780262426749,0.028123968688127995,0.06905712721367825,-0.07878462024097835,0.03648578368918542
4.358333333333333,0.0012334769584611065,-0.05002284453414338,0.06809859354731151,-0.0400000000000039,-0.0793549150399121
4.361111111111111,0.0011130236456915355,0.0968688715361759,0.06713780086364554,0.027361611466037168,0.0012564355608016674
4.363888888888889,0.0010033919821673684,0.1313567929165358,0.06617478103481043,0.07517540966287477,-0.01099678976331678
4.366666666666666,0.0009037184461224908,0.15247075103253938,0.06520956600681829,0.06928203230275846,0.017075434276840145
4.3694444444444445,0.0008131994162044973,0.07830030302288174,0.06424218779850081,0.01389185421335583,-0.0006469384051794032
4.372222222222222,0.0007310885894798164,-0.06009920568156471,0.06327267850044921,-0.051423008774912196,-0.07267996399658154
4.375,0.0006566945339145716,-0.08016170013499518,0.06230107027394853,-0.08,-0.06311946494285828
4.377777777777778,0.0005893784110422933,0.011964943765289917,0.061327395349911,-0.051423008774912016,0.0014711787792486362
4.3805555555555555,0.0005285519082117746,0.1262111381366505,0.06035168602780719,0.013891854213356064,0.05143904598727547
4.383333333333334,0.000473675424439652,0.018420313849641417,0.05937397467459335,0.06928203230275858,-0.11070936855215015
4.386111111111111,0.00042425655954835505,0.1512802889361415,0.05839429372363947,0.07517540966287468,0.017286328990078998
4.388888888888889,0.0003798489630151735,0.14463523636708653,0.057412675673652235,0.027361611466036946,0.059481100264382164
4.391666666666667,0.00034005160683454324,0.009117910884117295,0.05642915308759752,-0.040000000000004116,-0.007651293810310655
4.394444444444445,0.0003045085557059521,0.0044737717076685675,0.055443758591618965,-0.07878462024097839,0.02751012480132204
4.397222222222222,0.00027290931796973496,-0.0417075753024826,0.05445652487395782,-0.06128355544952004,-0.03515345404489011
4.4,0.00024498987182160583,0.04774416459184614,0.05346748468386586,2.5104535302982787e-15,-0.005968309963843841
4.402777777777778,0.0002205344732773019,0.03293508483790396,0.05247667083052265,0.061283555449511584,-0.08104567591540758
4.405555555555556,0.00019937836486864235,0.013250949366842145,0.05148411618194284,0.07878462024097437,-0.1172171654209437
4.408333333333333,0.0001814115167687234,0.1378095552419219,0.05048985366388963,0.03999999999999976,0.047138290061263764
4.411111111111111,0.0001665835444761232,-0.02695085804902502,0.049493916258779705,-0.027361611466058755,-0.04924974638622209
4.413888888888889,0.00015490995871097202,-0.049300554949739187,0.04849633700459154,-0.07517540966287017,-0.02277639225017153
4.416666666666667,0.00014647991300863257,-0.09096051605948124,0.047497148993766766,-0.06928203230274697,-0.06932211266350967
4.419444444444444,0.0001414656217000133,-0.03775248837372891,0.04649638537211599,-0.013891854213351118,-0.0704984851541938
4.4222222222222225,0.00014013362443214666,0.08836533673234616,0.04549407933771504,0.05142300877492979,-0.008691885004730818
4.425,0.0001428580718382221,0.08815426250486325,0.04449026413980735,0.08,-0.03647885970678232
4.427777777777778,0.00015013619898847602,0.11395666795134385,0.04348497307769817,0.051423008774922285,0.018898549899734926
4.430555555555555,0.0001626061372908206,0.051375912372579755,0.042478239499652196,-0.013891854213342861,0.022626920948979598
4.433333333333334,0.00018106718991863234,-0.011588385994825975,0.04147009680178601,-0.06928203230276098,0.016042482316230358
4.436111111111111,0.00020650265893837832,-0.02257828903055161,0.04046057842696087,-0.07517540966287305,0.011930039546422185
4.438888888888889,0.0002401052624357448,0.09121662190665263,0.03944971786367211,-0.027361611466049544,0.07888841024659432
4.441666666666666,0.00028330511555122156,0.02534116530823974,0.03843754864494033,0.0399999999999925,-0.053379688452244306
4.444444444444445,0.00033780016910768936,0.1137997814471342,0.03742410434719633,0.07878462024097607,-0.0027467433101458875
4.447222222222222,0.0004055889024464248,0.15473305396711376,0.03640941858917091,0.061283555449516976,0.05663449102597944
4.45,0.0004890049526563008,0.09910952045032621,0.035393525030775384,-7.293158261501066e-15,0.06322699046690182
4.4527777777777775,0.0005907532306563278,-0.09740452731409834,0.034376457371988633,-0.06128355544951465,-0.07108818246722864
4.455555555555556,0.0007139469264056644,-0.060330196045628066,0.033358249351736445,-0.07878462024097668,-0.015617772082793496
4.458333333333333,0.0008621446425848186,0.06110713418271125,0.032338934746774774,-0.04000000000001137,0.06790605479336302
4.461111111111111,0.0010393867211722554,0.08512350081775523,0.03131854737056647,0.02736161146606325,0.025403955259953266
4.463888888888889,0.0012502296443107793,0.11648591195333459,0.03029712107216334,0.07517540966287183,0.009763151573988639
4.466666666666667,0.001499777204831123,0.08917226457093083,0.029274689735078883,0.06928203230275368,-0.010884234671732837
4.469444444444444,0.0017937069591213667,0.024746802163266506,0.028251287276168085,0.013891854213364323,-0.01919004628538727
4.472222222222222,0.0021382903033043714,-0.007646817672599522,0.02722694764449942,-0.051423008774919524,0.01441095315451621
4.475,0.0025404043616348306,-0.0638765970673584,0.026201704820230935,-0.08,-0.01261870624922417
4.477777777777778,0.003007533753400057,-0.025368813260259068,0.025175592813481706,-0.05142300877491862,-0.0021289310522222093
4.480555555555555,0.003547760221855931,0.045518195404159696,0.024148645663204325,0.013891854213347571,0.003929935305751869
4.483333333333333,0.004169738076768452,0.06266909139090218,0.023120897436054413,0.06928203230275427,-0.03390357642467496
4.486111111111111,0.004882653431824089,0.12875691401403644,0.022092382225262795,0.07517540966287764,0.02660646869407192
4.488888888888889,0.0056961653199542545,0.19983314335627195,0.02106313414950165,0.02736161146604505,0.145712232420771
4.491666666666666,0.006620326952791845,-0.10219581766175202,0.020033187351756535,-0.03999999999999664,-0.08884933196630376
4.4944444444444445,0.007665485662759782,-0.03591593237052881,0.0190025759981893,-0.07878462024097689,0.016200626209498994
4.497222222222222,0.008842160432982893,-0.07247956517047946,0.017971334277008522,-0.061283555449525594,-0.03800950443094528
4.5,0.01016089638377599,0.05597052165706491,0.016939496397332544,-6.114031042754712e-15,0.0288701288759625
4.502777777777778,0.01163209614365545,0.09115062184763448,0.01590709658805655,0.061283555449529424,0.002327873666393046
4.5055555555555555,0.013265828682463506,0.14501735672228,0.014874169096717429,0.07878462024097586,0.03809273870212318
4.508333333333334,0.015071616914439498,0.1276876939282248,0.013840748188354816,0.03999999999999148,0.05877532882543898
4.511111111111111,0.0170582061754058,0.012124518742142164,0.012806868144377948,-0.02736161146605065,0.009621055888409067
4.513888888888889,0.019233316521275558,0.012433084540536564,0.011772563261425563,-0.07517540966287346,0.05660261442070891
4.516666666666667,0.021603382660666772,-0.15415567648128795,0.010737867850230443,-0.06928203230275129,-0.11721489468943387
4.519444444444445,0.0241732861942666,0.099506863111206,0.009702816234479935,-0.013891854213341699,0.07952261489580116
4.522222222222222,0.02694608565558429,0.10578964477480247,0.00866744274967799,0.05142300877492319,0.018753107594617006
4.525,0.02992275059735311,0.1714467001266171,0.0076317817420048905,0.08,0.053892167787259096
4.527777777777778,0.03310190660873259,0.030126995708765508,0.006595867567180104,0.05142300877492889,-0.06099378724207608
4.530555555555556,0.0364795986445706,-0.013391015059746297,0.005559734589320084,-0.013891854213370193,-0.04153849408026679
4.533333333333333,0.04004908036433943,-0.017412620051378003,0.00452341717980053,-0.06928203230275666,0.007296914707238707
4.536111111111111,0.04380063728365439,-0.02873971712997362,0.0034869497161149326,-0.07517540966286979,-0.0008518944668731509
4.538888888888889,0.047721451408675473,0.036963635923852114,0.002450366580734807,-0.02736161146605765,0.01415342940049948
4.541666666666667,0.051795514633512875,0.14743497483997983,0.0014137021599678584,0.040000000000000785,0.05422575804649831
4.544444444444444,0.05600359752099957,0.0469041928396512,0.00037699084281953005,0.07878462024097456,-0.08826101576514246
4.5472222222222225,0.060323279155978786,0.16963805521120442,-0.0006597329801506515,0.06128355544951083,0.048690953585865455
4.55,0.06472904256564108,0.06344670314557269,-0.0016964349179660694,1.3313263115519246e-15,0.0004140954978963509
4.552777777777778,0.06919243876328088,-0.005013290322845643,-0.002733080580378335,-0.061283555449520806,-0.010189093056227387
4.555555555555555,0.07368232082058308,-0.0824276967186439,-0.0037696355790042715,-0.0787846202409782,-0.07355576171924452
4.558333333333334,0.07816514755121216,0.058511515441598536,-0.004806065528469548,-0.03999999999998734,0.025152433418843254
4.561111111111111,0.0826053544463048,-0.016580762686739012,-0.005842336047547096,0.027361611466055147,-0.12070539255155187
4.563888888888889,0.08696578750087462,0.18768248496538642,-0.006878412760298913,0.07517540966287509,0.03241970056193563
4.566666666666666,0.09120819357526334,0.07797067280715597,-0.007914261297215763,0.06928203230275799,-0.07460529177364959
4.569444444444445,0.09529375901852849,0.10290866156639851,-0.008949847296358589,0.013891854213354902,0.002672895630873702
4.572222222222222,0.09918368651247635,0.031817099466671245,-0.009985136404496156,-0.05142300877491292,-0.005958441866396022
4.575,0.10283979854634388,0.07029661163279055,-0.011020094278247511,-0.08,0.058476907364694186
4.5777777777777775,0.10622515466778415,0.03381470085694699,-0.012054686585217423,-0.05142300877492523,-0.008932758450694508
4.580555555555556,0.10930466873351949,0.07540071588445345,-0.01308887900513975,0.013891854213356992,-0.03470692805728328
4.583333333333333,0.11204571184917266,0.14187497212235034,-0.014122637231012102,0.06928203230274996,-0.025330134798560153
4.586111111111111,0.11441868657627251,0.23808230770663708,-0.01515592697023678,0.07517540966286815,0.06364413843773319
4.588888888888889,0.11639755831352606,0.15438530429286812,-0.016188713945755794,0.027361611466053155,0.026814848459044683
4.591666666666667,0.11796033053162859,0.04145786755827481,-0.01722096389719079,-0.04000000000000492,-0.019281499076158067
4.594444444444444,0.11908945174118012,0.010229867920003258,-0.01825264258197577,-0.0787846202409754,-0.011822320998225673
4.597222222222222,0.11977214367038415,-0.03915398208490507,-0.01928371577649743,-0.06128355544951944,-0.07835885452927235
4.6,0.12000064207559878,0.11911020284093445,-0.020314149277226648,-1.4738515615807704e-14,0.01942371004257705
4.602777777777778,0.11977234384212873,0.07172120500502334,-0.021343908901855987,0.06128355544952388,-0.08799078538477328
4.605555555555555,0.11908985648148658,0.21309133952380538,-0.02237296049043137,0.07878462024097736,0.03758982329177281
4.608333333333333,0.11796094871262897,0.14099075843070466,-0.023401269906486534,0.039999999999998946,0.006431079624563293
4.611111111111111,0.11639840344070251,0.1839555789151813,-0.024428803038174796,-0.027361611466042546,0.11934758997869613
4.613888888888889,0.11441977702810084,-0.04121793612038689,-0.025455525799401923,-0.07517540966287051,-0.05500677768621529
4.616666666666666,0.11204707120152635,0.011150530215784493,-0.026481404130954605,-0.0692820323027556,-0.005133104552031647
4.6194444444444445,0.10930632617303573,0.1578224530042055,-0.027506404001633192,-0.013891854213350192,0.08991438504615314
4.622222222222222,0.10622714549954627,0.18868914487965682,-0.028530491409376756,0.051423008774916575,0.05956948201457072
4.625,0.1028421648023355,0.11847792984094503,-0.02955363238239549,0.08,-0.03481060257899499
4.627777777777778,0.0991864776685122,0.13123206488179806,-0.030575792980294166,0.05142300877490763,0.011198371418672387
4.6305555555555555,0.09529703282855896,0.049908207140752336,-0.031596939295199286,-0.0138918542133617,9.996782075436166e-05
4.633333333333334,0.0912120170332982,0.003410740647359453,-0.03261703745288516,-0.06928203230276145,0.014097793369707859
4.636111111111111,0.0869702379421199,-0.05677524713388847,-0.033636053613894164,-0.07517540966287273,-0.03493402179924149
4.638888888888889,0.08261052080055763,0.016128935224808585,-0.03465395397466366,-0.027361611466048662,-0.004466020135036726
4.641666666666667,0.07817113176307892,0.0025978082305929545,-0.03567070476864358,0.03999999999999331,-0.0799026187638357
4.644444444444445,0.07368923945269125,0.1225437600196553,-0.03668627226741944,0.07878462024097939,0.006756172593404103
4.647222222222222,0.06920042480034855,0.1152843911391279,-0.03770062278182861,0.061283555449516365,0.022501033671091603
4.65,0.06473824743905532,0.014653554143772105,-0.03871372266308078,-8.23408315085365e-15,-0.0113709706321942
4.652777777777778,0.06033387501041693,-0.12142776327220811,-0.03972553830387035,-0.06128355544951527,-0.0807525445292394
4.655555555555556,0.05601577974661134,-0.014078283491287778,-0.0407360361394957,-0.07878462024097653,0.049426593142573125
4.658333333333333,0.05180950468926642,-0.011709426060057156,-0.04174518264896888,-0.039999999999994804,0.018226251899640115
4.661111111111111,0.04773749996465768,-0.003954587810457384,-0.042752944356130355,0.027361611466064133,-0.036300754885048844
4.663888888888889,0.043819027712406644,0.06120512720261821,-0.04375928783075738,0.07517540966287214,-0.014030022341903198
4.666666666666667,0.040070132613701175,-0.010445484912311724,-0.044764179689674166,0.06928203230275322,-0.07503347013909195
4.669444444444444,0.036503673526991944,-0.046642565246398586,-0.045767586597858706,0.013891854213363395,-0.05127050638889522
4.6722222222222225,0.03312941054459973,-0.09195364081774124,-0.04676947526954981,-0.05142300877493418,-0.026890567317856974
4.675,0.029954140852538745,-0.03639463100280282,-0.04776981246934913,-0.08,0.06142104061400756
4.677777777777778,0.02698187611618225,-0.10518486721643586,-0.048768565013326416,-0.0514230087749179,-0.03197516954437379
4.680555555555555,0.024214053724282987,0.020350891133952734,-0.04976569977011669,0.013891854213348499,0.032010682966437935
4.683333333333334,0.02164977409130747,0.013254812588959695,-0.05076118366202353,0.06928203230275475,-0.02691581014307899
4.686111111111111,0.01928605632337269,0.055103860362731016,-0.051754983666112725,0.07517540966287731,0.012397378042593743
4.688888888888889,0.017118104869434013,-0.015337125587022375,-0.052747066815310446,0.027361611466044166,-0.007069775107190109
4.691666666666666,0.015139580275374938,-0.03494498991948011,-0.053737400199494766,-0.039999999999997454,0.043652830004637176
4.694444444444445,0.013342867798827505,-0.146908270319666,-0.05472595096658855,-0.07878462024097706,-0.026740566910927896
4.697222222222222,0.011719338387934668,-0.183903315885361,-0.05571268632364866,-0.06128355544952498,-0.07862641250012205
4.7,0.010259597325837588,-0.11553542778028605,-0.056697573537955036,1.3016787882056438e-14,-0.06909745156818163
4.7027777777777775,0.00895371658359176,-0.014037182602122103,-0.057680579938094334,0.06128355544951834,-0.02659387469713787
4.705555555555556,0.007791447238695042,-0.03453860396927841,-0.05866167291504651,0.0787846202409757,-0.06245299853390264
4.708333333333333,0.006762406839406214,0.007632187700127272,-0.05964081992326292,0.04000000000000641,0.020510600783977567
4.711111111111111,0.005856228552515838,-0.1054117796381897,-0.060617988481750124,-0.027361611466051535,-0.02328840824290389
4.713888888888889,0.005062629338587981,-0.01297559899810181,-0.06159314617514381,-0.07517540966286756,0.11873032750132158
4.716666666666667,0.004371261982700278,-0.2143627607316939,-0.06256626065478678,-0.06928203230275082,-0.0868857297568566
4.719444444444444,0.00377096329838799,-0.06347653161928027,-0.06353729963979962,-0.013891854213358685,0.010181658935490062
4.722222222222222,0.0032474106095456527,-0.06623346270896822,-0.06450623091815434,0.0514230087749239,-0.05639765117528345
4.725,0.0027769864315690764,-0.007366102935304016,-0.06547302234773916,0.08,-0.02467006701913393
4.727777777777778,0.0023126788180321553,-0.0056309805974555606,-0.06643764185742916,0.051423008774914236,0.007070973667027209
4.730555555555555,0.0017556297304387439,-0.1958048506747752,-0.06740005744814642,-0.013891854213353207,-0.11626856874371434
4.733333333333333,0.0009055741320878009,-0.12489538952519219,-0.06836023719392424,-0.06928203230275713,0.011841305839401375
4.736111111111111,-0.0006108505572606294,-0.049959036349392104,-0.06931814924296417,-0.07517540966287568,0.0951453731137084
4.738888888888889,-0.0034180040001875484,-0.12372529220336774,-0.07027376181869378,-0.027361611466056767,-0.022671914918429643
4.741666666666666,-0.008430406083513739,-0.026667056464072615,-0.0712270432208202,0.039999999999985845,0.012990392840275476
4.7444444444444445,-0.016778329884822984,0.04107441318604205,-0.07217796182638282,0.07878462024097789,0.051246084656269966
4.747222222222222,-0.02954152871985437,-0.04958213436248265,-0.07312648609080036,0.06128355544952191,-0.008197675001349828
4.75,-0.047268230520312746,-0.15038882449580637,-0.07407258454891985,3.90401422199341e-16,-0.029048009426574165
4.752777777777778,-0.06937853347807398,-0.3194651349297402,-0.07501622581605721,-0.06128355544952142,-0.11378682018608761
4.7555555555555555,-0.09369085948496793,-0.21638332234523838,-0.07595737858904106,-0.07878462024097803,0.03204953596974867
4.758333333333334,-0.11636454980558882,-0.2389189819392709,-0.0768960116472507,-0.039999999999986526,-0.005658420486444862
4.761111111111111,-0.1324284339917209,-0.23353310894872314,-0.07783209385365018,0.027361611466056028,-0.05063419256940809
4.763888888888889,-0.13677642913285112,-0.13403677811191478,-0.07876559415582375,0.0751754096628754,0.0063298355138846785
4.766666666666667,-0.1252148735956551,-0.16481334072020914,-0.07969648158700247,0.06928203230275752,-0.02918401784030907
4.769444444444445,-0.09506386258315783,-0.18821804019269361,-0.08062472526709556,0.013891854213336064,-0.02642130655577628
4.772222222222222,-0.04505987841605101,-0.14771862378925443,-0.08155029440371125,-0.05142300877492757,0.03031455780543541
4.775,0.02523724166312985,-0.20415503719624326,-0.08247315829318087,-0.08,-0.06691912056619223
4.777777777777778,0.11595953190905939,0.033509001116247716,-0.08339328632157508,-0.051423008774924506,0.052365764303687924
4.780555555555556,0.22678060075844875,0.08647749885016448,-0.084310647965722,0.013891854213357917,-0.06988430815592019
4.783333333333333,0.35590122400967106,0.306822973100442,-0.08522521279421633,0.06928203230275043,-0.033135070417763195
4.786111111111111,0.4985510519695566,0.5837368208673206,-0.08613695046843275,0.07517540966286783,0.09614730970332887
4.788888888888889,0.6458203704350534,0.6425038892396977,-0.08704583074352909,0.02736161146605227,0.056367738082121116
4.791666666666667,0.7846694610281518,0.6615978371834661,-0.087951823469452,-0.04000000000000574,0.00488019962477201
4.794444444444444,0.8995524529290293,0.6848864233210576,-0.08885489859193524,-0.07878462024097556,-0.04702651077506083
4.7972222222222225,0.9754135784749819,0.7979113815369706,-0.0897550261534978,-0.061283555449518835,-0.026463615334994663
4.8,1.0011733198018906,0.9141849092367428,-0.09065217629443705,4.3923033090034464e-15,0.0036637657292848203
4.802777777777778,0.9725197813647666,0.9441331791774507,-0.09154631925382037,0.061283555449524484,0.0018761616169799213
4.805555555555555,0.8930124448277176,0.874816093216926,-0.09243742537047059,0.0787846202409772,-0.004543546481298143
4.808333333333334,0.7731218817054567,0.7182547909172934,-0.09332546508395227,0.039999999999998134,-0.0015416257042092166
4.811111111111111,0.6275979811250924,0.4953072052382441,-0.09421040893554906,-0.02736161146604343,-0.010718755485255705
4.813888888888889,0.47213578055067257,0.22976920653655009,-0.09509222756924479,-0.07517540966287704,-0.07209893678200065
4.816666666666666,0.3204483685960787,0.12936990745258797,-0.09597089173269396,-0.06928203230275513,-0.02582553710804164
4.819444444444445,0.18253786918678253,0.11753084539458096,-0.09684637227819463,-0.013891854213349266,0.04573120269934233
4.822222222222222,0.06437247292292916,-0.050339873343362734,-0.09771864016365332,0.0514230087749173,-0.06841671487755588
4.825,-0.03137764877331702,-0.05944309080383061,-0.09858766645354966,0.08,-0.009477775576963927
4.8277777777777775,-0.10418517700194702,-0.19320328698545003,-0.09945342231989558,0.051423008774934775,-0.0409876964385422
4.830555555555556,-0.15468741953563742,-0.26332763132228726,-0.10031587904319278,-0.013891854213362627,0.0055675214699055665
4.833333333333333,-0.1841958584719633,-0.3740845578414405,-0.10117500801338349,-0.06928203230275283,-0.01943165905334091
4.836111111111111,-0.1946614120908234,-0.297997919235764,-0.10203078073080168,-0.07517540966287241,0.07386968324873346
4.838888888888889,-0.18883311760173627,-0.2937487401654052,-0.10288316880711675,-0.027361611466064865,0.02532915770951269
4.841666666666667,-0.17031013847376905,-0.29963244072889583,-0.10373214396627611,0.040000000000009875,-0.06559015828886057
4.844444444444444,-0.1433132290890319,-0.13554488631281336,-0.10457767804544278,0.07878462024097639,0.03356140058068493
4.847222222222222,-0.11219241605341033,-0.19506119641292835,-0.10541974299593061,0.06128355544951576,-0.03873259281310315
4.85,-0.08083490049923296,-0.21594302995223358,-0.10625831088413293,9.014885995252332e-15,-0.02884981856887668
4.852777777777778,-0.0521787895948049,-0.20486474793141624,-0.10709335389245155,-0.06128355544951587,0.015690951005356092
4.855555555555555,-0.027977208069642386,-0.23927404361734503,-0.1079248443202164,-0.07878462024097953,-0.024587370986506738
4.858333333333333,-0.008844769479959259,-0.11295473324841353,-0.10875275458460806,-0.03999999999999399,0.04464279081614777
4.861111111111111,0.005483358950181764,-0.11545758988100976,-0.10957705722156967,0.027361611466047923,-0.03872550307566977
4.863888888888889,0.015799938946122756,-0.05036970390729325,-0.11039772488672031,0.07517540966287246,-0.03094732762956816
4.866666666666666,0.02309498948072468,-0.051656253250179224,-0.1112147303562603,0.06928203230276184,-0.03281854467740544
4.8694444444444445,0.02831593518279537,-0.09810219454948724,-0.11202804652787524,0.013891854213344558,-0.028281937417751948
4.872222222222222,0.03223766920270024,-0.07706340821646475,-0.11283764642163469,-0.05142300877492097,0.05495957777739065
4.875,0.03542447839451924,-0.1267792101058537,-0.11364350318088806,-0.08,0.031439814680515155
4.877777777777778,0.03824977286428971,-0.04212162828317799,-0.11444559007315408,-0.05142300877491718,0.08549719770060356
4.8805555555555555,0.04094087378503057,0.05297105770233418,-0.11524388049100855,0.013891854213349424,0.11338221019496274
4.883333333333334,0.0436262323106897,-0.05466593493612974,-0.11603834795296675,0.06928203230276431,-0.05153585159661699
4.886111111111111,0.04637378297473978,0.008241182899613356,-0.11682896610436164,0.07517540966287077,0.0035209563663644444
4.888888888888889,0.04921750495470189,-0.09984660812964566,-0.11761570871821918,0.027361611466043278,-0.05881001583217165
4.891666666666667,0.0521737336956269,-0.14510511238791124,-0.11839854969612651,-0.039999999999998266,-0.03888029638741336
4.894444444444445,0.05525021942150707,-0.17421598940135355,-0.11917746306909993,-0.07878462024097722,-0.03150412551278347
4.897222222222222,0.058450726401108447,-0.1756429957537733,-0.11995242299844361,-0.06128355544952438,-0.05285774370691372
4.9,0.061777180359982226,-0.11154058706153436,-0.12072340377660985,1.3957712771409022e-14,-0.052594363644920684
4.902777777777778,0.0652305911174424,-0.0021904521871006083,-0.12149037982804921,0.061283555449518946,-0.007214218926012744
4.905555555555556,0.06881141406810008,-0.03549321232030568,-0.12225332571006094,0.07878462024097553,-0.06083592091932036
4.908333333333333,0.07251967446688028,0.0316138063101324,-0.12301221611363512,0.04000000000000561,0.042106347956881646
4.911111111111111,0.07635499900145257,-0.12066131519978707,-0.12376702586429442,-0.02736161146606951,-0.045887676870875714
4.913888888888889,0.08031661401511249,0.021101922934131753,-0.12451772992292624,-0.0751754096628741,0.1404784485048196
4.916666666666667,0.08440333301004188,-0.132712225227545,-0.12526430338661676,-0.06928203230275035,-0.02256922254821976
4.919444444444444,0.0886135415109817,-0.04768415209599759,-0.12600672148947414,-0.013891854213357759,0.003600882095852611
4.9222222222222225,0.09294518204761874,-0.047143828004210644,-0.12674495960345225,0.05142300877492463,-0.06476705922330177
4.925,0.0973957402079368,0.13522133487515292,-0.12747899323916584,0.08,0.08530458790638197
4.927777777777778,0.10196223214328572,0.08115147691164094,-0.1282087980467041,0.051423008774913515,0.05597503404014581
4.930555555555555,0.10664119373505658,-0.021339216757929755,-0.12893434981643784,-0.013891854213354133,0.014845793536805627
4.933333333333334,0.11142867158246302,-0.15484911263909623,-0.12965562447982337,-0.0692820323027576,-0.06734012743897828
4.936111111111111,0.11632021595330296,-0.07869444793354098,-0.13037259811019958,-0.07517540966287536,0.010533343886231014
4.938888888888889,0.12131087582982582,-0.09320753486067627,-0.13108524692358348,-0.02736161146605588,-0.05607155230086275
4.941666666666666,0.12639519617276315,0.10771941206697698,-0.13179354727945664,0.040000000000002416,0.07311776317366804
4.944444444444445,0.1315672175168987,0.11831409866898306,-0.13249747568155235,0.07878462024097806,0.04045973659265864
4.947222222222222,0.13682047800047512,0.06967897659575062,-0.1331970087786326,0.061283555449521306,0.004771951924386807
4.95,0.14214801791861909,-0.1135628886090122,-0.1338921233652646,-5.505234671532429e-16,-0.12181878316236612
4.9527777777777775,0.14754238687743587,-0.09749476388761472,-0.13458279638258872,-0.06128355544951033,-0.04917079893295154
4.955555555555556,0.15299565361096013,-0.02666991496910648,-0.1352690049190855,-0.07878462024097471,0.03438805657999362
4.958333333333333,0.15849941850740806,0.04319287688223129,-0.1359507262113331,-0.04000000000000146,0.06064418458615779
4.961111111111111,0.16404482887468377,0.11023699327058188,-0.13662793764476538,0.027361611466056913,0.055458490574606584
4.963888888888889,0.16962259695751675,0.027896739753894007,-0.13730061675441946,0.07517540966286951,-0.07960065011207278
4.966666666666667,0.1752230207005136,0.12161392711823285,-0.137968741225683,0.06928203230275705,0.015077615340645204
4.969444444444444,0.18083600723248017,0.10687133337494682,-0.13863228889503287,0.01389185421335305,0.050775760824146476
4.972222222222222,0.18645109902819923,-0.0871799257766126,-0.13929123775077126,-0.051423008774928294,-0.08291677827911226
4.975,0.19205750268413813,-0.028283289018279062,-0.13994556593375537,-0.08,-0.0003952257686618174
4.977777777777778,0.1976441202249185,0.01931797962729409,-0.14059525173812346,-0.05142300877492379,0.013692119915422813
4.980555555555555,0.20319958283752562,0.06081293419651643,-0.14124027361201338,0.01389185421334093,-0.015038229242336746
4.983333333333333,0.20871228691078558,0.043505616285206106,-0.14188061015827938,0.06928203230275999,-0.09260809277006009
4.986111111111111,0.21417043223832663,0.13054469626231435,-0.14251624013519956,0.07517540966287373,-0.016284905503686435
4.988888888888889,0.21956206222468574,0.0874112597208028,-0.14314714245718313,0.027361611466051382,-0.0163652715127512
4.991666666666666,0.2248751059161599,0.03369818949331371,-0.14377329619546764,-0.03999999999999081,-0.00740362022738771
4.9944444444444445,0.23009742166104702,-0.021255450429997214,-0.14439468057881505,-0.07878462024097573,-0.02817357127125348
4.997222222222222,0.23521684218781208,0.0067714040820095744,-0.14501127499419922,-0.06128355544952993,-0.022150607662073368
5.0,0.2402212208750431,0.09261284777020887,-0.14562305898749067,5.33322819835603e-15,-0.001985314117348895
5.002777777777778,0.24509847897356818,0.182274752407444,-0.14623001226413482,0.06128355544952509,0.02212273024848556
5.0055555555555555,0.24983665352933826,0.16656782093765693,-0.146832114689825,0.07878462024097703,-0.01522133814283336
5.008333333333334,0.2544239457454355,0.12651215303586155,-0.14742934629117116,0.039999999999997315,-0.020482446418400094
5.011111111111111,0.25884876951317976,0.0880831727034799,-0.14802168725636133,-0.027361611466061406,0.004617701912722904
5.013888888888889,0.26309979983587134,-0.05673052405758461,-0.14860911793581952,-0.07517540966287738,-0.09604579629475908
5.016666666666667,0.2671660208641398,0.07254412607985083,-0.14919161884285723,-0.06928203230275466,0.023851756361322904
5.019444444444445,0.27103677325954806,0.10734759353573117,-0.1497691706543206,-0.013891854213348341,-2.8154856147940413e-05
5.022222222222222,0.2747018006027366,0.17776773149630254,-0.15034175421123014,0.051423008774918025,0.0019846763298780913
5.025,0.2781512945643714,0.2552786594246769,-0.15090935051941765,0.08,0.048036715379723205
5.027777777777778,0.2813759385611649,0.08368623008351739,-0.15147194075015522,0.05142300877492012,-0.09764077650241242
5.030555555555556,0.28436694962558856,0.01975389567849639,-0.15202950624078043,-0.013891854213363555,-0.0986916934929482
5.033333333333333,0.28711611822626,0.07894224969436761,-0.15258202849531505,-0.0692820323027533,0.013690192266175977
5.036111111111111,0.2896158457866152,0.06095510418223793,-0.1531294891850794,-0.07517540966287209,-0.00035584275642578864
5.038888888888889,0.29185917966202246,0.11933454520625597,-0.15367187014929912,-0.027361611466063984,0.008508847159596612
5.041666666666667,0.2938398453501351,0.15652433819581438,-0.15420915339570912,0.040000000000010694,-0.02310635375862228
5.044444444444444,0.2955522757256701,0.25281325857749476,-0.15474132110114847,0.07878462024097656,0.033217683711996564
5.0472222222222225,0.2969916371090314,0.24963877909594873,-0.15526835561215388,0.06128355544951516,0.046631942149556
5.05,0.29815385199793243,0.16656272724997342,-0.15579023944554343,8.073961105899748e-15,0.02419911469757635
5.052777777777778,0.2990356183124288,0.06840368465367352,-0.15630695528899796,-0.06128355544952816,-0.013041422920229157
5.055555555555555,0.29963442502622545,-0.04135315059710509,-0.1568184860016342,-0.0787846202409762,-0.10538446938072016
5.058333333333334,0.29994856408070897,0.14108555986799803,-0.15732481461457415,-0.03999999999999317,0.03846181040185641
5.061111111111111,0.29997713850258295,0.23059925894800393,-0.1578259243315075,0.027361611466048808,0.061086433310879644
5.063888888888889,0.2997200666711182,0.24880159840394045,-0.15832179852924957,0.07517540966287278,0.032227920599199
5.066666666666666,0.29917808270660196,0.1656655728826964,-0.15881242075829158,0.06928203230276136,-0.04398212136837533
5.069444444444445,0.29835273297739917,0.18663653213078296,-0.15929777474334772,0.01389185421334363,0.033689719683387895
5.072222222222222,0.2972463687488885,0.12907200098814584,-0.15977784438389325,-0.05142300877492168,0.04302648539807227
5.075,0.29586213502317454,0.13355033365842808,-0.16025261375470073,-0.08,0.07794081238995429
5.0777777777777775,0.2942039556437234,0.0382533835510287,-0.16072206710636644,-0.0514230087749304,-0.043805496211397885
5.080555555555556,0.29227651476364325,0.13365945088395248,-0.1611861888658342,0.01389185421335035,-0.011322729227206924
5.083333333333333,0.2900852348001154,0.23508590602313306,-0.16164496363691078,0.06928203230275569,0.03736360255717276
5.086111111111111,0.28763625102016244,0.20358378805416283,-0.16209837620077797,0.07517540966287045,0.0028705035719078895
5.088888888888889,0.2849363829244659,0.09388520277146589,-0.16254641151649574,0.027361611466059487,-0.05586638010256374
5.091666666666667,0.28199310261597993,0.09973486214581295,-0.16298905472150305,-0.039999999999999085,0.02073081425133515
5.094444444444444,0.2788145003586543,0.06553667067632904,-0.16342629113210935,-0.07878462024097423,0.028933081690758335
5.097222222222222,0.27540924754832485,0.05466573067138006,-0.1638581062439828,-0.06128355544951209,0.0043981448165501
5.1,0.2717865573328528,0.11848131795921613,-0.16428448573263058,-3.2912563746969607e-15,0.010979246358997208
5.102777777777778,0.26795614313154326,0.15159898804290187,-0.16470541545387443,0.06128355544951955,-0.012935295084286508
5.105555555555555,0.263928175314915,0.2515058608973767,-0.16512088144431986,0.07878462024097853,0.07391394678580297
5.108333333333333,0.2597132363146883,0.08914775720723966,-0.1655308699218196,0.04000000000000479,-0.04503460918563383
5.111111111111111,0.25532227444064076,0.032659257550468446,-0.16593536728593006,-0.0273616114660533,-0.029366038138188943
5.113888888888889,0.25076655668542636,0.009806062580564656,-0.16633436011836356,-0.07517540966287442,0.000549275676376281
5.116666666666666,0.24605762080086863,0.053995454699722306,-0.166727835183432,-0.06928203230275896,0.043947701385044634
5.1194444444444445,0.24120722692930568,-0.014669065217265687,-0.16711577942848768,-0.013891854213356834,-0.07486865850472683
5.122222222222222,0.23622730907166992,0.0546373003739547,-0.16749817998435468,0.05142300877491142,-0.06551483748827196
5.125,0.23112992666981205,0.0413684771173192,-0.16787502416575695,0.08,-0.1018864253867359
5.127777777777778,0.22592721657458442,0.11073868714042226,-0.1682462994717385,0.05142300877491279,0.0016347612626635396
5.1305555555555555,0.22063134566309253,-0.017787792996667523,-0.16861199358607779,-0.01389185421335506,-0.0559152908603272
5.133333333333334,0.21525446435874054,-0.04222716782261085,-0.16897209437769745,-0.06928203230275808,-0.019227505500895838
5.136111111111111,0.2098086612961672,-0.0016244287731878582,-0.16932658990106542,-0.07517540966287505,0.0330689094945854
5.138888888888889,0.20430591936000952,-0.024808296541762892,-0.16967546839659217,-0.0273616114660379,-0.03207713603914233
5.141666666666667,0.19875807331201825,0.08030345615816963,-0.17001871829102008,0.04000000000000323,0.011564101137168228
5.144444444444445,0.1931767692051689,0.08663816586075296,-0.17035632819780805,0.07878462024097821,-0.014966895387586103
5.147222222222222,0.18757342576666,0.11177441005349428,-0.17068828691750826,0.0612835554495207,0.033605715754821845
5.15,0.18195919791378848,0.03470101784304844,-0.171014583438139,-1.4914483565058265e-15,0.02375640336740044
5.152777777777778,0.17634494254827018,-0.09087050464553156,-0.17133520693554863,-0.061283555449522624,-0.0345966848087305
5.155555555555556,0.1707411867553488,-0.0881261679294241,-0.1716501467737757,-0.07878462024097453,-0.008432587670022631
5.158333333333333,0.16515809851465116,0.005385875895274089,-0.17195939250540115,-0.04000000000000064,0.052187169886024724
5.161111111111111,0.159605460009909,0.034372981116776585,-0.17226293387189506,0.0273616114660578,0.019668843512704853
5.163888888888889,0.15409264360501831,-0.013140810423625332,-0.17256076080395688,0.07517540966286983,-0.06984810288755658
5.166666666666667,0.14862859053414945,0.07783866247361627,-0.1728528634218498,0.06928203230274749,0.032780903058569136
5.169444444444444,0.14322179233437632,-0.07025611660981143,-0.17313923203572795,0.013891854213352123,-0.05423053112181191
5.1722222222222225,0.1378802750302602,-0.016336937392576967,-0.17341985714595848,-0.05142300877492901,0.0706256534980503
5.175,0.13261158606159668,-0.06987820138978781,-0.17369472944343572,-0.08,0.05120494199205125
5.177777777777778,0.12742278392780063,-0.08346979086109366,-0.17396383980989125,-0.05142300877492307,0.01449427379592004
5.180555555555555,0.122320430505731,-0.030153252427312635,-0.17422717931819517,0.013891854213341857,0.007861642171809671
5.183333333333334,0.11731058598181197,0.0016562662505481551,-0.17448473923265329,0.06928203230276046,-0.010451612801371002
5.186111111111111,0.11239880632462468,0.04676390254820345,-0.17473651100929605,0.07517540966287341,0.033926197570001405
5.188888888888889,0.10759014321037956,-0.058569640092835426,-0.17498248629616242,0.0273616114660505,-0.018538908473103084
5.191666666666666,0.10288914630131996,-0.1005550171002538,-0.17522265693357683,-0.03999999999999162,0.011778493531994694
5.194444444444445,0.09829986776580292,-0.11234504910362351,-0.17545701495441995,-0.07878462024097906,0.04359671832597256
5.197222222222222,0.09382586891899286,-0.17123356629119701,-0.17568555258439278,-0.06128355544951763,-0.028090327176279486
5.2,0.08947022885442556,-0.11724767038737781,-0.1759082622422749,6.274153087708614e-15,-0.03080963699953473
5.2027777777777775,0.0852355549295519,-0.08932430019733234,-0.17612513654017528,0.061283555449514006,-0.05971827403622296
5.205555555555556,0.08112399496237667,-0.06965119038673338,-0.1763361682837783,0.07878462024097686,-0.053223637306308615
5.208333333333333,0.0771372509918299,-0.15082386505281448,-0.1765413504725815,0.040000000000012255,-0.09141976557207512
5.211111111111111,0.0732765944511554,-0.09433425386425894,-0.17674067630012852,-0.027361611466062294,0.03649143945077648
5.213888888888889,0.06954288260169944,-0.09212093911126784,-0.17693413915423437,-0.07517540966287146,0.09044572710413855
5.216666666666667,0.06593657607363951,-0.10920074167280464,-0.1771217326172052,-0.06928203230275419,0.07126644717351528
5.219444444444444,0.06245775736069,-0.21004177175005181,-0.17730345046605064,-0.013891854213365327,-0.08130422443132583
5.222222222222222,0.05910615011727519,-0.030707394202686998,-0.17747928667269092,0.051423008774918746,0.03624273357781
5.225,0.05588113910931033,0.029337221201331927,-0.17764923540415622,0.08,0.07110531749617782
5.227777777777778,0.05278179067320582,-0.09644899061158868,-0.1778132910227807,0.0514230087749194,-0.022840499036933203
5.230555555555555,0.049806873542215226,-0.13698405722501789,-0.177971448086389,-0.013891854213346566,0.0050723715325024735
5.233333333333333,0.04695487990442097,-0.3008455062870435,-0.17812370134847721,-0.06928203230275376,-0.10039465254023353
5.236111111111111,0.04422404656267779,-0.19588460045975464,-0.1782700457583865,-0.07517540966287799,0.013336808398832077
5.238888888888889,0.04161237607335876,-0.21733769832589434,-0.1784104764614712,-0.027361611466046005,-0.053177986471735876
5.241666666666666,0.03911765774793791,-0.08944558015574985,-0.17854498879925926,0.03999999999999576,0.009981750895575727
5.2444444444444445,0.036737488408963265,-0.1412116157691113,-0.17867357830960726,0.07878462024097672,-0.07806014610944402
5.247222222222222,0.034469292799966994,-0.05590048125347494,-0.17879624072684797,0.061283555449526246,0.027142911223879795
5.25,0.032310343557018104,-0.09537699465357265,-0.17891297198193237,7.133036216547163e-15,0.05122563377133449
5.252777777777778,0.03025778065807377,-0.2492085360797776,-0.17902376820256422,-0.061283555449528765,-0.03915899308575838
5.2555555555555555,0.028308630274749603,-0.28645074475007687,-0.17912862571332872,-0.07878462024097604,-0.05684612907052172
5.258333333333334,0.026459822959696785,-0.3005688702036091,-0.17922754103581445,-0.03999999999999236,-0.10780115212749906
5.261111111111111,0.02470821111126625,-0.1405713650151714,-0.1793205108887285,0.027361611466049696,-0.013320676703758853
5.263888888888889,0.023050585665508737,-0.11026123357369783,-0.17940753218800565,0.07517540966287933,-0.029079696714080255
5.266666666666667,0.02148369197380556,-0.16627384838775588,-0.1794886020469105,0.0692820323027518,-0.07755097061740274
5.269444444444445,0.02000424483237656,-0.12301668091480544,-0.1795637177761333,0.013891854213342703,0.022650937815608584
5.272222222222222,0.01860894263765016,-0.23494546211438377,-0.17963287688387908,-0.0514230087749224,-0.022498519093232458
5.275,0.017294480648829807,-0.2961883943593822,-0.1796960770759504,-0.08,-0.053786797932261626
5.277777777777778,0.016057563346036724,-0.24284738196673858,-0.1797533162558233,-0.05142300877492967,-0.027728620282022356
5.280555555555556,0.014894915878999264,-0.09745259548586788,-0.17980459252471712,0.01389185421336919,0.05356522694648078
5.283333333333333,0.01380329460748114,-0.0666177300836588,-0.17984990418165722,0.06928203230275616,0.030146847187761113
5.286111111111111,0.01277949674036287,-0.09843564639522306,-0.17988924972353157,0.07517540966287013,-0.006501303074924492
5.288888888888889,0.011820369085603306,-0.10978539637023593,-0.1799226278451405,0.027361611466058606,0.03095525092324263
5.291666666666667,0.010922815928099605,-0.26707281933047733,-0.1799500374392401,-0.0399999999999999,-0.05804559781933695
5.294444444444444,0.010083806056824964,-0.24705378674437994,-0.1799714775965789,-0.07878462024097754,0.0016185050363515267
5.2972222222222225,0.009300378966463442,-0.22460400756465246,-0.17998694760592795,-0.06128355544951148,0.007366116524323528
5.3,0.008569650262168728,-0.19491862211687466,-0.17999644695410466,-2.3503314853443766e-15,-0.023491825424936344
5.302777777777778,0.007888816298978047,-0.08905468677962045,-0.17999997532598955,0.061283555449520154,0.021772916797870894
5.305555555555555,0.007255158089899092,-0.13297942700588192,-0.1799975326045368,0.07878462024097836,-0.03902167273222257
5.308333333333334,0.006666044518704314,-0.10783203896327981,-0.17998911887077823,0.03999999999998822,0.025491035388805896
5.311111111111111,0.006118934895093831,-0.17362447239821624,-0.17997473440382045,-0.02736161146605419,0.0275929385765646
5.313888888888889,0.00561138089109028,-0.3953764024874735,-0.17995437968083577,-0.07517540966287474,-0.1458579940348533
5.316666666666666,0.005141027898381297,-0.1845537746059175,-0.17992805537704618,-0.0692820323027585,0.05951528517550589
5.319444444444445,0.004705615846806183,-0.3414636289998885,-0.1798957623657011,-0.013891854213355906,-0.1523816282676377
5.322222222222222,0.00430297952436457,-0.154933964696578,-0.17985750171804843,0.051423008774912134,-0.030802451277806266
5.325,0.003931048438994542,-0.04461482455141651,-0.1798132747032988,0.08,0.05126740171288775
5.3277777777777775,0.0035878462619948286,-0.14061656401428504,-0.17976308278858383,0.05142300877492601,-0.015864336262622035
5.330555555555556,0.003271489892346922,-0.26363659108339316,-0.17970692763890703,-0.013891854213355988,-0.0733092991234771
5.333333333333333,0.002980188180395366,-0.30063350832527647,-0.17964481111708885,-0.06928203230274944,-0.054686853085833535
5.336111111111111,0.002712240348371413,-0.20069461728217103,-0.17957673528370496,-0.0751754096628685,0.05134528731603099
5.338888888888889,0.002466034144163504,-0.30047350624634006,-0.17950270239701754,-0.02736161146605411,-0.09607522652743192
5.341666666666667,0.0022400437635578074,-0.08073311610123805,-0.17942271491290077,0.04000000000000404,0.05644955504810087
5.344444444444444,0.00203282757496047,-0.10127443262093781,-0.17933677548475904,0.07878462024097523,-0.002755104952114467
5.347222222222222,0.0018430256793890221,-0.17573807235665162,-0.17924488696343907,0.0612835554495201,-0.05961976652212168
5.35,0.0016693573373523227,-0.20663344867490196,-0.1791470523971355,1.5757520789600155e-14,-0.029155753615134557
5.352777777777778,0.00151061829315564,-0.289677429242739,-0.17904327503128933,-0.06128355544952323,-0.050861217055082064
5.355555555555555,0.0013656780262426749,-0.21304124048028922,-0.17893355830848082,-0.07878462024097753,0.04331126004292643
5.358333333333333,0.0012334769584611065,-0.1809630384217116,-0.17881790586831478,-0.03999999999999983,0.03662139048814191
5.361111111111111,0.0011130236456915355,-0.23617974312936935,-0.17869632154730017,0.02736161146604159,-0.08595805669380234
5.363888888888889,0.0010033919821673684,-0.12256961365964568,-0.17856880937872271,0.07517540966287638,-0.020179605925966706
5.366666666666666,0.0009037184461224908,-0.15140890596084644,-0.1784353735925112,0.0692820323027561,-0.043159283117213856
5.3694444444444445,0.0008131994162044973,-0.09891546656257255,-0.17829601861509678,0.013891854213351196,0.06467549842296852
5.372222222222222,0.0007310885894798164,-0.29634762516102386,-0.1781507490692668,-0.051423008774915804,-0.06750495590632105
5.375,0.0006566945339145716,-0.1771314200058455,-0.17799956977401077,-0.08,0.0802114552342507
5.377777777777778,0.0005893784110422933,-0.23034085308407407,-0.17784248574436107,-0.05142300877490841,-0.0016647369758468783
5.3805555555555555,0.0005285519082117746,-0.2213558163886581,-0.1776795021912262,0.013891854213360698,-0.05809672031900438
5.383333333333334,0.000473675424439652,-0.14161862599448125,-0.17751062452121794,0.06928203230276093,-0.033863709200463894
5.386111111111111,0.00042425655954835505,-0.1418171341524735,-0.1773358583364724,0.07517540966287307,-0.04008094203842253
5.388888888888889,0.0003798489630151735,-0.21314466910617394,-0.17715520943446345,0.027361611466049617,-0.0637309201007753
5.391666666666667,0.00034005160683454324,-0.21188728921445052,-0.17696868380781142,-0.03999999999999243,0.004741342986518783
5.394444444444445,0.0003045085557059521,-0.3166521768639487,-0.17677628764408324,-0.07878462024097921,-0.06139577753459217
5.397222222222222,0.00027290931796973496,-0.3466069838940446,-0.1765780273255879,-0.061283555449517024,-0.10901831043690945
5.4,0.00024498987182160583,-0.19511274309974422,-0.1763739094291644,7.215077977061197e-15,-0.018983823542408657
5.402777777777778,0.0002205344732773019,-0.20480266062406605,-0.1761639407259638,0.06128355544951461,-0.09014280982089413
5.405555555555556,0.00019937836486864235,-0.1345721729787581,-0.17594812818122427,0.07878462024097355,-0.03760804340337602
5.408333333333333,0.0001814115167687234,-0.181000211867444,-0.17572647895404062,0.03999999999999569,-0.04545514443016779
5.411111111111111,0.0001665835444761232,-0.24625483192000377,-0.17549900039712601,-0.02736161146606318,-0.043560803601290714
5.413888888888889,0.00015490995871097202,-0.15023804468122193,-0.17526570005656883,-0.0751754096628718,0.10004815507950769
5.416666666666667,0.00014647991300863257,-0.24134155970284826,-0.17502658567158175,-0.06928203230275372,0.0028205783584785383
5.419444444444444,0.0001414656217000133,-0.17626350331614316,-0.17478166517424537,-0.0138918542133644,0.012268550449766609
5.4222222222222225,0.00014013362443214666,-0.21178771910699418,-0.174530946689245,0.0514230087749334,-0.08881991481711474
5.425,0.0001428580718382221,-0.126829737143609,-0.17427443853360114,0.08,-0.0326981566818461
5.427777777777778,0.00015013619898847602,-0.11167387274541066,-0.1740121492163934,0.051423008774918684,0.0107651314970756
5.430555555555555,0.0001626061372908206,-0.2386997811601856,-0.1737440874384786,-0.013891854213347495,-0.05122644564565032
5.433333333333334,0.00018106718991863234,-0.19716808502913793,-0.17347026209220162,-0.06928203230275423,0.045403142175899275
5.436111111111111,0.00020650265893837832,-0.3082944185600859,-0.1731906822611013,-0.07517540966287144,-0.06013482929505151
5.438888888888889,0.0002401052624357448,-0.21434517021647595,-0.1729053572196078,-0.027361611466045124,-0.014318306793258781
5.441666666666666,0.00028330511555122156,-0.1616335733159665,-0.17261429643273635,0.03999999999999657,-0.029302581998777933
5.444444444444445,0.00033780016910768936,-0.08497905617659168,-0.17231750955577205,0.07878462024097688,0.0082160329690958
5.447222222222222,0.0004055889024464248,-0.14235036567474985,-0.17201500643395062,0.06128355544952564,-0.0320245035927713
5.45,0.0004890049526563008,-0.1847624735030333,-0.17170679710213074,-1.1997782708263985e-14,-0.013544681353546868
5.4527777777777775,0.0005907532306563278,-0.2438921985922231,-0.17139289178446246,-0.06128355544951768,-0.011806504588899279
5.455555555555556,0.0007139469264056644,-0.285863362078182,-0.1710733008940467,-0.07878462024097586,-0.03671938786956505
5.458333333333333,0.0008621446425848186,-0.18563119696515765,-0.1707480350325908,-0.0400000000000073,0.024254693424855634
5.461111111111111,0.0010393867211722554,-0.1300966880609621,-0.17041710499005625,0.02736161146605058,0.011919418741871265
5.463888888888889,0.0012502296443107793,-0.09808557969978143,-0.17008052174430105,0.0751754096628672,-0.0044306972626583655
5.466666666666667,0.001499777204831123,-0.12047940362623095,-0.1697382964607155,0.06928203230275133,-0.021522916673097907
5.469444444444444,0.0017937069591213667,-0.11387767779337102,-0.16939044049185195,0.01389185421335969,0.039827201525999854
5.472222222222222,0.0021382903033043714,-0.23011339603937542,-0.1690369653770476,-0.05142300877492313,-0.01179171219070907
5.475,0.0025404043616348306,-0.2614723428717046,-0.1686778828420426,-0.08,-0.01533486439129686
5.477777777777778,0.003007533753400057,-0.21149417832569883,-0.16831320479859016,-0.05142300877491501,0.0052345014944063005
5.480555555555555,0.003547760221855931,-0.06567399476031185,-0.16794294334406254,0.013891854213352204,0.08482933414854255
5.483333333333333,0.004169738076768452,-0.16113315078258345,-0.16756711076104835,0.06928203230275663,-0.0670178104010602
5.486111111111111,0.004882653431824089,-0.0486348117694785,-0.16718571951694636,0.07517540966287603,0.038492844652767734
5.488888888888889,0.0056961653199542545,-0.2283995635394442,-0.16679878226355094,0.02736161146605772,-0.09465855806190526
5.491666666666666,0.006620326952791845,-0.1889223269723951,-0.1664063118366332,-0.039999999999984964,0.010863657911431198
5.4944444444444445,0.007665485662759782,-0.158373314453296,-0.16600832125551462,-0.07878462024097771,0.07875414138043654
5.497222222222222,0.008842160432982893,-0.19361279251580985,-0.16560482372263552,-0.06128355544952257,0.02443342622336536
5.5,0.01016089638377599,-0.14650368231235233,-0.16519583262311655,-1.409406595991793e-15,0.00853125392698964
5.502777777777778,0.01163209614365545,-0.11988818337129295,-0.16478136152431538,0.06128355544952076,-0.02802247344015378
5.5055555555555555,0.013265828682463506,-0.07075861522751001,-0.16436142417537628,0.07878462024097505,0.001552360024427712
5.508333333333334,0.015071616914439498,-0.12146755836251479,-0.16393603450677388,0.0399999999999874,-0.012603140770167815
5.511111111111111,0.0170582061754058,-0.21310744231706855,-0.16350520662985152,-0.027361611466055074,-0.03929883039656777
5.513888888888889,0.019233316521275558,-0.23350482875169534,-0.16306895483635234,-0.07517540966287506,-0.014493780773743492
5.516666666666667,0.021603382660666772,-0.2003868852087155,-0.16262729359794623,-0.06928203230275803,0.009919058031321978
5.519444444444445,0.0241732861942666,-0.1902596590113512,-0.16218023756574873,-0.013891854213337065,-0.03836085342653202
5.522222222222222,0.02694608565558429,-0.123672798173559,-0.16172780156983588,0.05142300877492679,-0.04031409103423421
5.525,0.02992275059735311,-0.11935942190100729,-0.16127000061875169,0.08,-0.06801217187960872
5.527777777777778,0.03310190660873259,-0.05674568321090802,-0.1608068498990107,0.05142300877492529,0.019536251304444807
5.530555555555556,0.0364795986445706,-0.11048445724502676,-0.16033836477459346,-0.013891854213356914,0.02726616309835302
5.533333333333333,0.04004908036433943,-0.17751449051302257,-0.159864560786438,-0.06928203230274992,0.011583022211825875
5.536111111111111,0.04380063728365439,-0.1425017013947034,-0.1593854536519229,-0.07517540966286818,0.04825852463643329
5.538888888888889,0.047721451408675473,-0.1341478374676891,-0.15890105926434772,-0.027361611466053228,0.004393381854036376
5.541666666666667,0.051795514633512875,-0.04701533219059804,-0.15841139369240362,0.04000000000000486,0.019600546868287837
5.544444444444444,0.05600359752099957,-0.007936384135789128,-0.15791647317964222,0.07878462024097538,0.015191871281878142
5.5472222222222225,0.060323279155978786,-0.040386480509359134,-0.15741631414393534,0.06128355544950781,-0.004577000970910394
5.55,0.06472904256564108,-0.11872298201777615,-0.15691093317693147,-3.3732981352109944e-15,-0.026541091406482364
5.552777777777778,0.06919243876328088,-0.03778383294015206,-0.15640034704350467,-0.06128355544952383,0.11070763078959556
5.555555555555555,0.07368232082058308,-0.1835844210942686,-0.15588457268119887,-0.07878462024097738,-0.022597548992675427
5.558333333333334,0.07816514755121216,-0.150492365204474,-0.15536362719966534,-0.039999999999999016,-0.03329388555602182
5.561111111111111,0.0826053544463048,-0.023170070795243553,-0.15483752788009617,0.027361611466042476,0.02170049117250535
5.563888888888889,0.08696578750087462,0.020427625753852,-0.15430629217464958,0.0751754096628767,0.012592720764750258
5.566666666666666,0.09120819357526334,-0.06351928920837042,-0.15376993770587302,0.06928203230275563,-0.07023957738051638
5.569444444444445,0.09529375901852849,0.012091043693949532,-0.15322848226611616,0.01389185421335027,0.056133912728186935
5.572222222222222,0.09918368651247635,-0.10963099484692461,-0.15268194381694275,-0.051423008774916526,-0.0047097287675416655
5.575,0.10283979854634388,-0.18483709670297538,-0.15213034048853324,-0.08,-0.05554655476078603
5.5777777777777775,0.10622515466778415,-0.03733233896852842,-0.15157369057908465,-0.05142300877492162,0.059439205717693705
5.580555555555556,0.10930466873351949,0.003468288972486619,-0.15101201255420219,0.013891854213361624,0.0312837785798077
5.583333333333333,0.11204571184917266,-0.03234468049175933,-0.15044532504628857,0.0692820323027523,-0.06322709959739571
5.586111111111111,0.11441868657627251,0.12857959139810782,-0.14987364685392368,0.07517540966287276,0.08885914201288622
5.588888888888889,0.11639755831352606,0.027402041256658613,-0.14929699694124293,0.027361611466065826,0.03293986841830964
5.591666666666667,0.11796033053162859,-0.07126486968693939,-0.14871539443730666,-0.040000000000009,-0.0005098057812523066
5.594444444444444,0.11908945174118012,-0.0283130868541739,-0.1481288586354668,-0.07878462024097621,0.07951094028108897
5.597222222222222,0.11977214367038415,-0.08108393158037631,-0.14753740899272608,-0.06128355544951642,0.00796488919148203
5.6,0.12000064207559878,-0.028344576808705904,-0.14694106512909305,-1.0033891169044783e-14,-0.0014041537552015992
5.602777777777778,0.11977234384212873,0.001701046663613981,-0.14633984682693052,0.06128355544951521,-0.03301500580109945
5.605555555555555,0.11908985648148658,0.08123322465751982,-0.14573377403030038,0.0787846202409797,0.029092521965353932
5.608333333333333,0.11796094871262897,0.03666823023452219,-0.14512286684430065,0.03999999999999487,0.023830148366198997
5.611111111111111,0.11639840344070251,-0.054736346565259414,-0.14450714553440053,-0.02736161146604697,0.0007340069944855644
5.613888888888889,0.11441977702810084,-0.1441415808539171,-0.1438866305257657,-0.07517540966287212,-0.03949931769338015
5.616666666666666,0.11204707120152635,-0.09399981079551514,-0.14326134240258284,-0.06928203230276235,0.006496492708303693
5.6194444444444445,0.10930632617303573,-0.05070676923579201,-0.14263130190737527,-0.01389185421334556,-0.0034899392881068943
5.622222222222222,0.10622714549954627,-0.051020091602559645,-0.14199652994031603,0.05142300877492018,-0.06667371593671005
5.625,0.1028421648023355,-0.03210550032240768,-0.1413570475585339,0.08,-0.07359061756620928
5.627777777777778,0.0991864776685122,0.038154279408503536,-0.1407128759754151,0.05142300877491796,0.028257668940488475
5.6305555555555555,0.09529703282855896,-0.18875327369727363,-0.14006403655989969,-0.013891854213348421,-0.13009441575258446
5.633333333333334,0.0912120170332982,-0.10721003975717452,-0.13941055083577192,-0.0692820323027638,0.010270526348062999
5.636111111111111,0.0869702379421199,-0.15086176508939014,-0.1387524404809477,-0.07517540966287112,-0.023904152887691224
5.638888888888889,0.08261052080055763,-0.017428487648244728,-0.13808972732675362,-0.02736161146604424,0.0654123303439955
5.641666666666667,0.07817113176307892,-0.04392471205182266,-0.1374224333572052,0.03999999999999739,-0.02467341045769379
5.644444444444445,0.07368923945269125,0.04869748969798845,-0.13675058070827464,0.07878462024097704,0.0329742107125948
5.647222222222222,0.06920042480034855,-0.025435903479186922,-0.13607419166715923,0.06128355544951335,-0.019845692061889582
5.65,0.06473824743905532,-0.06496763355819038,-0.13539328867153994,-1.2938707597616568e-14,0.005687407674307173
5.652777777777778,0.06033387501041693,-0.09881574820193742,-0.13470789430883862,-0.06128355544951829,0.036841826546002564
5.655555555555556,0.05601577974661134,-0.17991465762606126,-0.13401803131546788,-0.07878462024097571,-0.02312778581622901
5.658333333333333,0.05180950468926642,-0.07168647366189723,-0.13332372257607739,-0.04000000000000648,0.0498277442249202
5.661111111111111,0.04773749996465768,-0.10721077354739153,-0.1326249911227936,0.027361611466068556,-0.04968489385532416
5.663888888888889,0.043819027712406644,0.0018022193687417948,-0.13192186013445756,0.07517540966287375,0.014729642127918954
5.666666666666667,0.040070132613701175,0.024269798119990915,-0.13121435293585376,0.06928203230275086,0.04613198613939264
5.669444444444444,0.036503673526991944,-0.04710509066707177,-0.13050249299693922,0.013891854213358763,0.03300187458951675
5.6722222222222225,0.03312941054459973,-0.052257658325615346,-0.12978630393206175,-0.051423008774923853,0.09582224383677052
5.675,0.029954140852538745,-0.21728363451217347,-0.1290658094991792,-0.08,-0.03817196586553303
5.677777777777778,0.02698187611618225,-0.22173962882523085,-0.12834103359906943,-0.05142300877491429,-0.06895746256742939
5.680555555555555,0.024214053724282987,-0.13922284776165889,-0.12761200027453903,0.01389185421335313,-0.049716755424755975
5.683333333333334,0.02164977409130747,-0.0029247989881383864,-0.1268787337096248,0.06928203230275709,0.03302212832742185
5.686111111111111,0.01928605632337269,-0.006783645529074633,-0.12614125822879196,0.07517540966287571,0.02489614671346893
5.688888888888889,0.017118104869434013,-0.07580704897828183,-0.12539959829612637,0.027361611466039742,0.005112832982370789
5.691666666666666,0.015139580275374938,-0.20566205069450763,-0.12465377851452453,-0.04000000000000153,-0.0561478524553565
5.694444444444445,0.013342867798827505,-0.1510022114005727,-0.1239038236248754,-0.07878462024097788,0.03834336466645304
5.697222222222222,0.011719338387934668,-0.2339492144493568,-0.12314975850524248,-0.061283555449521965,-0.06123523888252702
5.7,0.010259597325837588,-0.05418453172535312,-0.12239160817003523,-4.684817066392091e-16,0.05794747911884499
5.7027777777777775,0.00895371658359176,0.09147979542091259,-0.12162939776918211,0.06128355544950967,0.14287192115699326
5.705555555555556,0.007791447238695042,-0.015964527779046642,-0.12086315258729409,0.07878462024097488,0.018322557328577526
5.708333333333333,0.006762406839406214,-0.04417508442053226,-0.12009289804282797,0.040000000000002346,0.029155406782887156
5.711111111111111,0.005856228552515838,-0.16546703104555896,-0.11931865968724086,-0.02736161146605596,-0.02464298844477797
5.713888888888889,0.005062629338587981,-0.2791639095827675,-0.11854046320414546,-0.07517540966286916,-0.09051066605434083
5.716666666666667,0.004371261982700278,-0.21280507288002323,-0.11775833440845482,-0.06928203230275756,-0.03013596815151112
5.719444444444444,0.00377096329838799,-0.18173795221543226,-0.11697229924552874,-0.013891854213354054,-0.05464476205493747
5.722222222222222,0.0032474106095456527,-0.13386219322658865,-0.11618238379031103,0.05142300877492751,-0.07235022882075079
5.725,0.0027769864315690764,0.05350636928488544,-0.1153886142464661,0.08,0.08611799709978246
5.727777777777778,0.0023126788180321553,-0.04721220345126355,-0.11459101694550893,0.05142300877492457,0.01364312590128865
5.730555555555555,0.0017556297304387439,-0.10694146379813382,-0.11378961834593182,-0.013891854213339928,0.018984379030699185
5.733333333333333,0.0009055741320878009,-0.19681202146281013,-0.11298444503232596,-0.06928203230275949,-0.015451118259812477
5.736111111111111,-0.0006108505572606294,-0.19660533805680763,-0.1121755237145011,-0.07517540966287407,-0.008643554122171817
5.738888888888889,-0.0034180040001875484,-0.09391496258087056,-0.11136288122659735,-0.027361611466052344,0.048227534111966675
5.741666666666666,-0.008430406083513739,-0.08059380654448256,-0.11054654452619797,0.03999999999998992,-0.001616855934760772
5.7444444444444445,-0.016778329884822984,-0.021185553436042472,-0.10972654069343167,0.07878462024097554,0.026534696901236637
5.747222222222222,-0.02954152871985437,-0.08696108509266355,-0.10890289693007728,0.06128355544951889,-0.009800214892250794
5.75,-0.047268230520312746,-0.17245151561557848,-0.10807564055865906,-4.314223024563578e-15,-0.01710764453660236
5.752777777777778,-0.06937853347807398,-0.30825259622923346,-0.10724479902154191,-0.061283555449524435,-0.07034570828009311
5.7555555555555555,-0.09369085948496793,-0.37777333272432284,-0.10641039988002131,-0.07878462024097721,-0.09888745311835641
5.758333333333334,-0.11636454980558882,-0.2750151156722981,-0.10557247081340672,-0.039999999999982445,-0.013078095053320091
5.761111111111111,-0.1324284339917209,-0.206973027544105,-0.10473103961810616,0.02736161146606045,0.0028248345996616346
5.763888888888889,-0.13677642913285112,-0.2297936555121155,-0.10388613420670186,0.07517540966287702,-0.06430650183543955
5.766666666666667,-0.1252148735956551,-0.1606943671516579,-0.10303778260702634,0.06928203230275518,-0.001723743251731644
5.769444444444445,-0.09506386258315783,-0.18067039318151376,-0.10218601296123038,0.013891854213349342,0.0026876281495251016
5.772222222222222,-0.04505987841605101,-0.3056141410187898,-0.10133085352485258,-0.05142300877491724,-0.10780040030296896
5.775,0.02523724166312985,-0.20099132397672348,-0.10047233266587828,-0.08,-0.04575623297397506
5.777777777777778,0.11595953190905939,-0.014710761042889958,-0.09961047886380185,-0.051423008774920904,0.020363194686773427
5.780555555555556,0.22678060075844875,0.16128007073291906,-0.09874532070867943,0.013891854213362552,0.019352936469787196
5.783333333333333,0.35590122400967106,0.2696226235922534,-0.09787688690018241,0.06928203230275277,-0.05768374581998803
5.786111111111111,0.4985510519695566,0.48464365791077146,-0.09700520624664433,0.07517540966287244,0.007922402524986749
5.788888888888889,0.6458203704350534,0.628172035505019,-0.0961303076641058,0.027361611466047847,0.051120361268023606
5.791666666666667,0.7846694610281518,0.6882708888023328,-0.0952522201753541,-0.04000000000000981,0.03885364794954491
5.794444444444444,0.8995524529290293,0.7216325704283938,-0.09437097290896242,-0.07878462024097638,-0.004764289350696728
5.7972222222222225,0.9754135784749819,0.7972446122609304,-0.09348659509832105,-0.06128355544951582,-0.02339881566621462
5.8,1.0011733198018906,0.8771069795044854,-0.09259911608067098,-9.0929662796922e-15,-0.03146722421672522
5.802777777777778,0.9725197813647666,0.9654857606636502,-0.09170856529612678,0.06128355544952751,0.023390989145482856
5.805555555555555,0.8930124448277176,0.8907372914391349,-0.0908149722867034,0.07878462024097638,0.009755198657144401
5.808333333333334,0.7731218817054567,0.7546737153152272,-0.08991836669533355,0.03999999999999406,0.03147020030511002
5.811111111111111,0.6275979811250924,0.5178112820502156,-0.0890187782648865,-0.027361611466047854,0.0065936906560576
5.813888888888889,0.47213578055067257,0.34978233156799216,-0.08811623683718008,-0.07517540966287244,0.0409381975173721
5.816666666666666,0.3204483685960787,0.16868519058921033,-0.08721077235199151,-0.06928203230276188,0.0047296266478850085
5.819444444444445,0.18253786918678253,0.12157803593395924,-0.08630241484606298,-0.013891854213344632,0.039234435806584325
5.822222222222222,0.06437247292292916,0.07394542576407476,-0.08539119445210726,0.051423008774920904,0.04354113851833195
5.825,-0.03137764877331702,-0.07608112168236353,-0.08447714139780582,0.08,-0.04022633151124068
5.8277777777777775,-0.10418517700194702,-0.22672965657536126,-0.08356028600480812,0.05142300877493117,-0.0904072023435373
5.830555555555556,-0.15468741953563742,-0.17404528963600163,-0.08264065868772462,-0.013891854213367262,0.07717464280072767
5.833333333333333,-0.1841958584719633,-0.32236324419222373,-0.08171828995311835,-0.06928203230275518,0.012832936535613085
5.836111111111111,-0.1946614120908234,-0.43635432692699216,-0.08079321039849187,-0.0751754096628708,-0.08572429477480609
5.838888888888889,-0.18883311760173627,-0.3317511546400065,-0.0798654507112742,-0.027361611466060448,-0.03569097486093555
5.841666666666667,-0.17031013847376905,-0.17065146552307972,-0.0789350416678003,0.039999999999998204,0.038593714618491426
5.844444444444444,-0.1433132290890319,-0.15651446453699608,-0.07800201413229356,0.07878462024097405,-0.01398384155664465
5.847222222222222,-0.11219241605341033,-0.15357833062569187,-0.07706639905583791,0.06128355544951274,-0.025603070965956355
5.85,-0.08083490049923296,-0.0869190349589349,-0.07612822747535458,4.310261548489413e-15,0.07004409301564833
5.852777777777778,-0.0521787895948049,-0.2410142328760842,-0.07518753051256988,-0.06128355544951889,-0.05236435731919053
5.855555555555555,-0.027977208069642386,-0.22091383557134764,-0.07424433937298486,-0.07878462024097871,-0.039907667887741693
5.858333333333333,-0.008844769479959259,-0.11157413107239053,-0.07329868534483898,-0.04000000000000567,0.010569323752413378
5.861111111111111,0.005483358950181764,-0.01998288277914454,-0.07235059979807276,0.027361611466052347,0.019522746602694114
5.863888888888889,0.015799938946122756,0.04439238614274741,-0.071400114183286,0.07517540966287407,0.02481715171703658
5.866666666666666,0.02309498948072468,0.06749166398123503,-0.07044726003069648,0.06928203230275949,0.045561902228447346
5.8694444444444445,0.02831593518279537,-0.01735534851886244,-0.06949206894909149,0.013891854213357837,0.009928931034075843
5.872222222222222,0.03223766920270024,-0.06325071525007256,-0.06853457262478263,-0.051423008774910635,0.024469196946920457
5.875,0.03542447839451924,-0.12511078739178566,-0.06757480282055074,-0.08,-0.012960462965754161
5.877777777777778,0.03824977286428971,-0.07665111212338356,-0.0666127913745954,-0.05142300877491358,0.003134915161835712
5.8805555555555555,0.04094087378503057,-0.005439133198411217,-0.06564857019947756,0.013891854213354055,0.0053767090026817215
5.883333333333334,0.0436262323106897,0.058981000123338935,-0.06468217128106013,0.06928203230275756,0.010754906790951806
5.886111111111111,0.04637378297473978,0.0964625563393046,-0.06371362667744859,0.07517540966287538,0.03862699037913804
5.888888888888889,0.04921750495470189,0.04159343200005593,-0.06274296851792638,0.02736161146603886,0.027757284097241555
5.891666666666667,0.0521737336956269,-0.047385645161256,-0.061770229001889713,-0.040000000000002346,0.002210850145009155
5.894444444444445,0.05525021942150707,-0.1247861404643012,-0.06079544039777822,-0.07878462024097804,-0.04045629924705199
5.897222222222222,0.058450726401108447,-0.05926790118728403,-0.0598186350420066,-0.06128355544952136,0.0033835629031354775
5.9,0.061777180359982226,0.001536445777324473,-0.05883984533788922,1.866233721817194e-14,-0.0014008892447871968
5.902777777777778,0.0652305911174424,0.0783141218030554,-0.057859103754568875,0.061283555449521965,0.009659078990659918
5.905555555555556,0.06881141406810008,0.20104585684015952,-0.0568764428259354,0.07878462024097471,0.11032626535702011
5.908333333333333,0.07251967446688028,0.030439140390269903,-0.055891895149550126,0.04000000000000153,-0.02618863892706177
5.911111111111111,0.07635499900145257,0.015202345106101939,-0.05490549338556176,-0.02736161146605684,0.021114450956267978
5.913888888888889,0.08031661401511249,0.004647037458832798,-0.05391727025562511,-0.0751754096628695,0.05342310336221491
5.916666666666667,0.08440333301004188,-0.03290586212955131,-0.05292725854181435,-0.06928203230274799,0.004900095704969145
5.919444444444444,0.0886135415109817,0.1396784521707006,-0.051935491085536245,-0.013891854213353125,0.11689225595860826
5.9222222222222225,0.09294518204761874,0.07452422544953374,-0.0509420007864394,0.05142300877492823,-0.01890196458657384
5.925,0.0973957402079368,0.14365338072261405,-0.04994682060132511,0.08,0.016204461116002353
5.927777777777778,0.10196223214328572,0.0644949701305092,-0.04894998354305126,0.05142300877492384,-0.0399402872446491
5.930555555555555,0.10664119373505658,0.02722158008509222,-0.04795152267944094,-0.013891854213358769,-0.017576236757164656
5.933333333333334,0.11142867158246302,0.007641863667354795,-0.04695147113218115,-0.06928203230275996,0.012446695519832896
5.936111111111111,0.11632021595330296,0.037510147330087895,-0.045949862075727786,-0.07517540966287375,0.04231520311538649
5.938888888888889,0.12131087582982582,0.0649572773287507,-0.04494672873620237,-0.02736161146605146,0.01595474170117871
5.941666666666666,0.12639519617276315,0.18540883424919838,-0.043942104390292294,0.03999999999999073,0.0629557424667368
5.944444444444445,0.1315672175168987,0.1626675498640998,-0.0429360223641442,0.07878462024097888,-0.004748265529633588
5.947222222222222,0.13682047800047512,0.139567090925781,-0.041928516032262136,0.06128355544951829,-0.016608426491950268
5.95,0.14214801791861909,0.23642765446618705,-0.04091961881639612,-5.255147913916162e-15,0.13519925536396935
5.9527777777777775,0.14754238687743587,0.06606134971558689,-0.03990936418443717,-0.06128355544951335,0.01971188247210154
5.955555555555556,0.15299565361096013,-0.0006608295782485618,-0.03889778564930426,-0.07878462024097704,-0.03597407729892738
5.958333333333333,0.15849941850740806,0.04590131362715666,-0.037884916767834814,-0.040000000000013136,-0.03471318811240345
5.961111111111111,0.16404482887468377,0.10740165347450781,-0.03687079113967027,0.027361611466061336,-0.04713399572656703
5.963888888888889,0.16962259695751675,0.2557710320070852,-0.03585544240614212,0.07517540966287112,0.0468284677928394
5.966666666666667,0.1752230207005136,0.19144728410945153,-0.03483890424915467,0.0692820323027547,-0.018218864644662092
5.969444444444444,0.18083600723248017,0.16727477483860084,-0.033821210390069946,0.01389185421336633,0.006368123782824281
5.972222222222222,0.18645109902819923,0.09905026194276771,-0.03280239458858618,-0.051423008774931896,-0.003175433721913436
5.975,0.19205750268413813,0.11684963243956312,-0.03178249064162174,-0.08,0.03657462039704673
5.977777777777778,0.1976441202249185,0.07312237442360775,-0.03076153238218956,-0.05142300877492018,-0.04233720464420101
5.980555555555555,0.20319958283752562,0.1335732690654418,-0.02973955367827858,0.013891854213345562,-0.05377861430715078
5.983333333333333,0.20871228691078558,0.2604925961408911,-0.02871658843172743,0.06928203230275325,0.011214865359079715
5.986111111111111,0.21417043223832663,0.2917011355590978,-0.027692670577102008,0.07517540966287833,0.030047964234994853
5.988888888888889,0.21956206222468574,0.23688245526504623,-0.02666783408056853,0.027361611466046966,0.01662661565488204
5.991666666666666,0.2248751059161599,0.11876030652253125,-0.025642112938767392,-0.03999999999999487,-0.04047268645486638
5.9944444444444445,0.23009742166104702,0.160571502346956,-0.02461554117768417,-0.07878462024097654,0.03387424210456969
5.997222222222222,0.23521684218781208,0.1131520875319804,-0.023588152851523065,-0.061283555449526905,-0.03719304635478171
6.0,0.2402212208750431,0.19158430659414105,-0.022559982041574722,-8.152041390339616e-15,-0.02607693223931917
6.002777777777778,0.24509847897356818,0.23765329533190863,-0.02153106285508756,0.06128355544952812,-0.04719767623610011
6.0055555555555555,0.24983665352933826,0.37317776177877937,-0.020501429424136648,0.07878462024097621,0.06505791743260154
6.008333333333334,0.2544239457454355,0.30662390689230756,-0.019471115904488603,0.03999999999999324,0.03167107705136746
6.011111111111111,0.25884876951317976,0.24329667035660263,-0.01844015647447204,-0.027361611466048735,0.030249668783943667
6.013888888888889,0.26309979983587134,0.23287637589627397,-0.017408585333840924,-0.07517540966287899,0.06236057105712252
6.016666666666667,0.2671660208641398,0.3221400142706814,-0.016376436702642293,-0.0692820323027523,0.14063246241193617
6.019444444444445,0.27103677325954806,0.15633986903061675,-0.015343744820079807,-0.013891854213343706,-0.08546130519550778
6.022222222222222,0.2747018006027366,0.27489543639042424,-0.014310543943378594,0.05142300877492163,-0.036918829043855406
6.025,0.2781512945643714,0.3140656720089976,-0.013276868346647555,0.08,-0.030808754208726193
6.027777777777778,0.2813759385611649,0.27801521389721606,-0.012242752319744634,0.05142300877493045,-0.042540981119134645
6.030555555555556,0.28436694962558856,0.20538770286489827,-0.011208230167136459,-0.013891854213368186,-0.053879162380185634
6.033333333333333,0.28711611822626,0.19267809651397189,-0.010173336206764189,-0.06928203230275563,-0.014982653202768282
6.036111111111111,0.2896158457866152,0.14447214559037383,-0.009138104768900642,-0.07517540966287048,-0.060830185764470246
6.038888888888889,0.29185917966202246,0.2731471163778183,-0.008102570195015285,-0.027361611466059563,0.01675211837687066
6.041666666666667,0.2938398453501351,0.3293579945849484,-0.007066766836632157,0.040000000000014774,0.002584916071430732
6.044444444444444,0.2955522757256701,0.3923576001506377,-0.00603072905419258,0.07878462024097738,0.024051433238182766
6.0472222222222225,0.2969916371090314,0.37866712392454216,-0.004994491215914045,0.06128355544951214,0.025386422581912628
6.05,0.29815385199793243,0.32434610697261884,-0.003958087696650761,3.3693366591368286e-15,0.030150342671333825
6.052777777777778,0.2990356183124288,0.2161600631449631,-0.002921552876752075,-0.061283555449519495,-0.018670446841194118
6.055555555555555,0.29963442502622545,0.32502205377600607,-0.0018849211409242134,-0.07878462024097854,0.10605717013168336
6.058333333333334,0.29994856408070897,0.27082189302773796,-0.0008482268770867719,-0.0399999999999891,0.011721555824104888
6.061111111111111,0.29997713850258295,0.23440300786216062,0.0001884955247641908,0.02736161146605323,-0.09312423763123975
6.063888888888889,0.2997200666711182,0.3260019007193832,0.0012252116737014377,0.07517540966287439,-0.05011878728831087
6.066666666666666,0.29917808270660196,0.28369685273697376,0.00226188717900356,0.06928203230275902,-0.08702514945139078
6.069444444444445,0.29835273297739917,0.3164098062996201,0.003298487651298689,0.013891854213356909,0.0008667314575653665
6.072222222222222,0.2972463687488885,0.24406807747499926,0.004334978703702729,-0.05142300877492529,-0.006090261202666682
6.075,0.29586213502317454,0.19781217608116458,0.005371325952962937,-0.08,-0.02342128489497289
6.0777777777777775,0.2942039556437234,0.349734747509417,0.0064074950205946805,-0.05142300877492679,0.10054630562002571
6.080555555555556,0.29227651476364325,0.3410609642148701,0.007443451534026341,0.013891854213354983,0.027449143703845543
6.083333333333333,0.2900852348001154,0.4041513463029167,0.008479161127735701,0.06928203230274894,0.03630491807231672
6.086111111111111,0.28763625102016244,0.3257725757303189,0.009514589444392834,0.07517540966286884,-0.046553674397105164
6.088888888888889,0.2849363829244659,0.2728904519599679,0.010549702135997582,0.02736161146605507,-0.04995724456655062
6.091666666666667,0.28199310261597993,0.25541784243584476,0.011584464865020258,-0.040000000000003165,0.0018402749548477376
6.094444444444444,0.2788145003586543,0.22129908040583063,0.012618843305540074,-0.07878462024097505,0.008650356982611292
6.097222222222222,0.27540924754832485,0.13496291688746637,0.013652803144385103,-0.06128355544952076,-0.09281557835572285
6.1,0.2717865573328528,0.2774575162726276,0.014686310082268315,-1.6776525963392606e-14,-0.009015351142476704
6.102777777777778,0.26795614313154326,0.3456626325596693,0.015719329834928235,0.06128355544952257,0.0007036041436752404
6.105555555555555,0.263928175314915,0.34870716540159874,0.01675182813426243,0.07878462024097771,-0.010757458288556447
6.108333333333333,0.2597132363146883,0.2768274864268239,0.017783770729468743,0.04000000000000071,-0.040669520617333824
6.111111111111111,0.25532227444064076,0.21979902726672076,0.018815123388177642,-0.02736161146604063,-0.026976759096057002
6.113888888888889,0.25076655668542636,0.18659403924150123,0.019845851897590694,-0.07517540966287603,-0.008842959678639802
6.116666666666666,0.24605762080086863,0.20219151174422764,0.020875922065613253,-0.06928203230275662,0.004540001180502388
6.1194444444444445,0.24120722692930568,0.2794602515654719,0.02190529972198998,-0.013891854213352199,0.0302395791275284
6.122222222222222,0.23622730907166992,0.36462707881356626,0.022933950719437733,0.05142300877491502,0.054042810247543566
6.125,0.23112992666981205,0.32037438142822916,0.023961840934779596,0.08,-0.014717386176362491
6.127777777777778,0.22592721657458442,0.2795313518138006,0.024988936270074927,0.051423008774909185,-0.022807809805767895
6.1305555555555555,0.22063134566309253,0.25463747778019963,0.026015202653751446,-0.013891854213359693,0.02188278367671531
6.133333333333334,0.21525446435874054,0.20355528391825956,0.027040606041736723,-0.06928203230276042,0.030542245820542713
6.136111111111111,0.2098086612961672,0.14098834238893357,0.028065112418584073,-0.07517540966287344,-0.02171002166294428
6.138888888888889,0.20430591936000952,0.2455526695408729,0.029088687798605333,-0.027361611466050574,0.039519673848308616
6.141666666666667,0.19875807331201825,0.31784863859681867,0.030111298226994473,0.0400000000000073,0.048979267057798655
6.144444444444445,0.1931767692051689,0.36767862251003847,0.031132909780956845,0.07878462024097903,0.06458432328293366
6.147222222222222,0.18757342576666,0.369926515123001,0.03215348857083224,0.06128355544951768,0.08891604533599112
6.15,0.18195919791378848,0.17181139172203072,0.03317300074122038,-6.196072803268746e-15,-0.043320806932971946
6.152777777777778,0.17634494254827018,0.1499477100374852,0.034191412472103395,-0.06128355544951395,0.0006949104666255596
6.155555555555556,0.1707411867553488,0.12772914132527702,0.03520868997996894,-0.07878462024097373,0.0005638848309330069
6.158333333333333,0.16515809851465116,0.1564792196069579,0.036224799518928694,-0.039999999999996566,-0.00490367842662538
6.161111111111111,0.159605460009909,0.1917436328773051,0.037239707381840674,0.02736161146606222,-0.032463145980506806
6.163888888888889,0.15409264360501831,0.19324333300775975,0.038253379901423565,0.07517540966287144,-0.07427810016155358
6.166666666666667,0.14862859053414945,0.26181037858973183,0.039265783451377975,0.06928203230275423,0.00463397230145019
6.169444444444444,0.14322179233437632,0.15897274801784428,0.04027688444749818,0.013891854213365402,-0.03841778297739563
6.1722222222222225,0.1378802750302602,0.13204358964149782,0.041286649348788965,-0.05142300877493262,0.00429967403738125
6.175,0.13261158606159668,0.05520445363523013,0.04229504465857613,-0.08,-0.03970217708494267
6.177777777777778,0.12742278392780063,0.06431889478628297,0.043302036925618875,-0.05142300877491946,-0.054982917292217076
6.180555555555555,0.122320430505731,0.19223479548314126,0.0443075927452189,0.01389185421334649,0.011714918018844885
6.183333333333334,0.11731058598181197,0.23945037338522931,0.04531167876032973,0.06928203230276282,0.007546076340324798
6.186111111111111,0.11239880632462468,0.26285257621620417,0.046314261662661074,0.07517540966287178,0.028964098566046648
6.188888888888889,0.10759014321037956,0.2915602511910932,0.047315308193786286,0.02736161146604608,0.10929318832088127
6.191666666666666,0.10288914630131996,0.12506840800811006,0.04831478514624345,-0.03999999999999569,0.013864476560542342
6.194444444444445,0.09829986776580292,0.09308199524267084,0.04931265936463815,-0.07878462024097671,0.02425408835320648
6.197222222222222,0.09382586891899286,0.028973144772843087,0.0503088977467428,-0.0612835554495263,-0.05387806644336627
6.2,0.08947022885442556,0.0764283240722137,0.05130346724459589,1.0978777534471534e-14,-0.06434537202681873
6.2027777777777775,0.0852355549295519,0.27795691758333174,0.05229633486559614,0.061283555449517024,0.0791414723386667
6.205555555555556,0.08112399496237667,0.16702209388028733,0.053287467673599785,0.07878462024097604,-0.04617398899666519
6.208333333333333,0.0771372509918299,0.11921688020841535,0.05427683279000937,0.04000000000000818,-0.052197203573432105
6.211111111111111,0.0732765944511554,0.09922443431914692,0.05526439739486878,-0.02736161146604962,-0.001954946060827649
6.213888888888889,0.06954288260169944,0.04610798099790526,0.05625012872794831,-0.07517540966287307,-0.004509620668869418
6.216666666666667,0.06593657607363951,0.008763212538557157,0.05723399408983408,-0.06928203230275184,-0.04512532532216459
6.219444444444444,0.06245775736069,0.09153320305468506,0.05821596084301075,-0.013891854213360692,-0.015248660935655002
6.222222222222222,0.05910615011727519,0.23119394118764805,0.05919599641294528,0.05142300877492235,0.06146878588250522
6.225,0.05588113910931033,0.1557555269568875,0.06017406828916703,0.08,-0.04029968044158988
6.227777777777778,0.05278179067320582,0.09567131925616039,0.061150144026347344,0.0514230087749158,-0.06968362421830858
6.230555555555555,0.049806873542215226,0.14516889161922744,0.0621241912453738,-0.0138918542133512,0.047129681044989616
6.233333333333333,0.04695487990442097,0.06538387083299367,0.06309617763442697,-0.0692820323027561,0.024614845596901837
6.236111111111111,0.04422404656267779,0.002088776817417058,0.06406607095004872,-0.07517540966287638,-0.03102593103243308
6.238888888888889,0.04161237607335876,0.0001762528191702195,0.06503383901821604,-0.02736161146605868,-0.0791083508063459
6.241666666666666,0.03911765774793791,0.10788593966139848,0.06599944973540464,0.03999999999998408,-0.03723116782192816
6.2444444444444445,0.036737488408963265,0.17974975787713401,0.06696287106965676,0.07878462024097754,-0.0027352218424635654
6.247222222222222,0.034469292799966994,0.2219605238053224,0.06792407106164124,0.06128355544952323,0.058283604494190955
6.25,0.032310343557018104,0.04936426263925413,0.06888301782571644,2.428411769784245e-15,-0.05182909874348285
6.252777777777778,0.03025778065807377,0.034587910683964704,0.0698396795509847,-0.0612835554495201,-0.004225994075573672
6.2555555555555555,0.028308630274749603,0.05407526753086957,0.07079402450235028,-0.07878462024097523,0.0337572329947449
6.258333333333334,0.026459822959696785,-0.06085752302481581,0.07174602102157174,-0.03999999999998829,-0.11906336700609604
6.261111111111111,0.02470821111126625,0.1764547685025758,0.07269563752831042,0.027361611466054116,0.051689308396944994
6.263888888888889,0.023050585665508737,0.11274630923924225,0.07364284252118068,0.07517540966287471,-0.05912252861032187
6.266666666666667,0.02148369197380556,0.1819531035282022,0.07458760457879136,0.06928203230275855,0.01659977467284673
6.269444444444445,0.02000424483237656,0.12176014888704406,0.07552989236079223,0.013891854213338068,0.012334157480537204
6.272222222222222,0.01860894263765016,0.09788492804482649,0.07646967460891009,-0.05142300877492601,0.05422931957319225
6.275,0.017294480648829807,0.0422476198414952,0.07740692014798838,-0.08,0.02754621904467702
6.277777777777778,0.016057563346036724,-0.07588837212836919,0.07834159788701922,-0.051423008774926074,-0.11886452458649906
6.280555555555556,0.014894915878999264,0.06882148455473164,0.07927367682017604,0.01389185421335591,-0.03923896235779957
6.283333333333333,0.01380329460748114,0.17019870940574514,0.08020312602784149,0.0692820323027585,0.006910256467664005
6.286111111111111,0.01277949674036287,0.15933582677487634,0.0811299146776343,0.07517540966286852,-0.009748994305989349
6.288888888888889,0.011820369085603306,0.14511652906492606,0.08205401202543004,0.027361611466054186,0.023880536487838524
6.291666666666667,0.010922815928099605,0.09336653112796453,0.08297538741638363,-0.04000000000000397,0.039468327783485274
6.294444444444444,0.010083806056824964,0.04561578292327646,0.08389401028594275,-0.0787846202409752,0.030422586821483955
6.2972222222222225,0.009300378966463442,0.02211292655009747,0.08480985016086574,-0.061283555449508455,-0.010713747127723262
6.3,0.008569650262168728,0.001975676366376187,0.08572287666022912,2.3542929614185424e-15,-0.09231685055602402
6.302777777777778,0.007888816298978047,0.13303136880219835,0.08663305949643797,0.06128355544952317,-0.022774062442740866
6.305555555555555,0.007255158089899092,0.19439855421405267,0.08754036847622827,0.07878462024097754,0.02081840740694776
6.308333333333334,0.006666044518704314,0.08058845539285148,0.08844477350167115,0.0399999999999999,-0.054522362627523885
6.311111111111111,0.006118934895093831,0.0996673045062991,0.08934624457116798,-0.027361611466041515,0.03156373650607882
6.313888888888889,0.00561138089109028,0.06610038787202849,0.09024475178044933,-0.07517540966287635,0.045419664863365225
6.316666666666666,0.005141027898381297,0.03334260973398116,0.0911402653235639,-0.06928203230275616,0.006343348814792128
6.319444444444445,0.004705615846806183,-0.07034247618829542,0.09203275549386948,-0.013891854213351275,-0.1531889933156198
6.322222222222222,0.00430297952436457,0.08474376284870688,0.09292219268501675,0.05142300877491574,-0.06390441813559017
6.325,0.003931048438994542,0.2720490537587309,0.09380854739193224,0.08,0.0943094579278041
6.3277777777777775,0.0035878462619948286,0.12237575559729513,0.09469179021179679,0.0514230087749224,-0.0273268896514189
6.330555555555556,0.003271489892346922,-0.014255633632441714,0.09557189184502178,-0.01389185421336062,-0.0992071611564498
6.333333333333333,0.002980188180395366,0.09190934838937653,0.09644882309621935,-0.0692820323027518,0.06176236941551362
6.336111111111111,0.002712240348371413,0.02552716513785524,0.09732255487517329,-0.0751754096628731,0.0006677795771836427
6.338888888888889,0.002466034144163504,0.12854450532378367,0.0981930581978007,-0.027361611466066783,0.055247024447886275
6.341666666666667,0.0022400437635578074,0.15514828171165163,0.09906030418711743,0.04000000000000812,0.013847933760968266
6.344444444444444,0.00203282757496047,0.20366966870073755,0.09992426407419258,0.07878462024097604,0.02292795681060844
6.347222222222222,0.0018430256793890221,0.1820619527137373,0.10078490919910539,0.06128355544951708,0.01815046238572583
6.35,0.0016693573373523227,0.1381859839453074,0.10164221101189404,1.1052896342837235e-14,0.03487441559605
6.352777777777778,0.00151061829315564,0.15659472634494992,0.10249614107350391,-0.061283555449514554,0.11387152242780492
6.355555555555555,0.0013656780262426749,0.07447804563995558,0.10334667105673022,-0.07878462024097671,0.0485503167979594
6.358333333333333,0.0012334769584611065,-0.013589716186652383,0.10419377274715902,-0.039999999999995754,-0.07901696589227675
6.361111111111111,0.0011130236456915355,0.15584512891978383,0.10503741804410112,0.027361611466046012,0.022333075763945172
6.363888888888889,0.0010033919821673684,0.23913041901172682,0.10587757896152677,0.07517540966287177,0.05707403840516089
6.366666666666666,0.0009037184461224908,0.2370350187046834,0.10671422762899077,0.06928203230276285,0.060135040326807304
6.3694444444444445,0.0008131994162044973,0.10092214076915687,0.10754733629256077,0.013891854213346565,-0.021330249152954978
6.372222222222222,0.0007310885894798164,0.11593217938970152,0.10837687731573471,-0.0514230087749194,0.05824722225940639
6.375,0.0006566945339145716,0.07624663769183485,0.10920282318036002,-0.08,0.04638711997756026
6.377777777777778,0.0005893784110422933,0.1878173879721547,0.11002514648754466,-0.051423008774918746,0.1286258718484865
6.3805555555555555,0.0005285519082117746,0.08776413926770057,0.11084381995856697,0.013891854213347416,-0.03750008681242558
6.383333333333334,0.000473675424439652,0.15604449534296208,0.11165881643578039,0.0692820323027633,-0.025370028820021262
6.386111111111111,0.00042425655954835505,0.17276382268293627,0.11247010888351415,0.07517540966287146,-0.015305952422997697
6.388888888888889,0.0003798489630151735,0.11650802331609254,0.11327767038897095,0.027361611466045196,-0.024511107501938766
6.391666666666667,0.00034005160683454324,0.029920488281776077,0.11408147416311819,-0.039999999999996504,-0.044501037488180156
6.394444444444445,0.0003045085557059521,-0.10173239342738254,0.11488149354157871,-0.07878462024098003,-0.13813377528368717
6.397222222222222,0.00027290931796973496,0.0329320821678115,0.11567770198551247,-0.061283555449514,-0.021734973686156706
6.4,0.00024498987182160583,0.135182965939329,0.11647007308250024,1.1919702423824118e-14,0.018467902984995222
6.402777777777778,0.0002205344732773019,0.15410157819491635,0.11725858054741695,0.06128355544951763,-0.024661092275295535
6.405555555555556,0.00019937836486864235,0.2937962560056058,0.11804319822330579,0.07878462024097589,0.0967690591764555
6.408333333333333,0.0001814115167687234,0.1596741022348134,0.11882390008224417,0.04000000000000736,0.0006687906357931289
6.411111111111111,0.0001665835444761232,0.1569570850638235,0.11960066022620819,-0.0273616114660676,0.06455145275920678
6.413888888888889,0.00015490995871097202,0.058423973820267136,0.12037345288793115,-0.07517540966287341,0.013071020636498419
6.416666666666667,0.00014647991300863257,0.09332706553667956,0.1211422524317594,-0.06928203230275137,0.0413203654946629
6.419444444444444,0.0001414656217000133,0.12211872245951937,0.121907033354501,-0.013891854213359768,0.013962077696678114
6.4222222222222225,0.00014013362443214666,0.24267014428080724,0.12266777028627388,0.05142300877492307,0.06843923159517815
6.425,0.0001428580718382221,0.2063642635698029,0.12342443799134463,0.08,0.0027969675066200363
6.427777777777778,0.00015013619898847602,0.20055619174731174,0.12417701136896889,0.051423008774915076,0.024806035404439288
6.430555555555555,0.0001626061372908206,0.12951286406066206,0.12492546545422116,-0.013891854213352126,0.018316646682502186
6.433333333333334,0.00018106718991863234,0.04215453739962135,0.12566977541882524,-0.06928203230275658,-0.014414272906365941
6.436111111111111,0.00020650265893837832,0.07169012551427187,0.1264099165719757,-0.07517540966287604,0.02024911594623384
6.438888888888889,0.0002401052624357448,0.21174367046743844,0.1271458643611593,-0.027361611466040704,0.1117193123098841
6.441666666666666,0.00028330511555122156,0.15464105238374629,0.12787759437296653,0.040000000000000646,-0.013519847104772102
6.444444444444445,0.00033780016910768936,0.2287007473866526,0.12860508233390477,0.0787846202409777,0.020973244642662415
6.447222222222222,0.0004055889024464248,0.25390639600664194,0.12932830411120075,0.061283555449522624,0.06288894754347214
6.45,0.0004890049526563008,0.18754890471347485,0.13004723571360305,1.4874868804316613e-15,0.057012664047214015
6.4527777777777775,0.0005907532306563278,0.07065487195929211,0.13076185329217654,-0.06128355544950902,0.0005858208859682625
6.455555555555556,0.0007139469264056644,-0.06576797532134322,0.13147213314109427,-0.07878462024097506,-0.1191694351478681
6.458333333333333,0.0008621446425848186,0.11887533727342835,0.13217805169842345,-0.04000000000000323,0.02583514093242331
6.461111111111111,0.0010393867211722554,0.05030687080298272,0.1328795855469081,0.027361611466054998,-0.11097371293115264
6.463888888888889,0.0012502296443107793,0.28349921226898517,0.13357671141474403,0.07517540966286881,0.07349686154706156
6.466666666666667,0.001499777204831123,0.21352490924359618,0.13426940617635302,0.06928203230274897,0.008473693559663029
6.469444444444444,0.0017937069591213667,0.20062690901922325,0.13495764685314737,0.013891854213355058,0.04998370099359945
6.472222222222222,0.0021382903033043714,0.041251135233620076,0.135641410614295,-0.051423008774926726,-0.04510555690905256
6.475,0.0025404043616348306,-0.018764294525893552,0.13632067477747434,-0.08,-0.07762537366500272
6.477777777777778,0.003007533753400057,0.1016176609951619,0.13699541680962882,-0.051423008774925345,0.01303771920705836
6.480555555555555,0.003547760221855931,0.15342505676510027,0.13766561432771252,0.013891854213338923,-0.001680171997807099
6.483333333333333,0.004169738076768452,0.18720597417110316,0.138331245099434,0.06928203230275898,-0.02457704130785829
6.486111111111111,0.004882653431824089,0.22328341417532963,0.1389922870439929,0.07517540966287442,0.004233064036638189
6.488888888888889,0.0056961653199542545,0.3110782896204341,0.13964871823281358,0.0273616114660533,0.138371794601613
6.491666666666666,0.006620326952791845,0.14864712121152673,0.14030051689027104,-0.03999999999998904,0.041726277368452885
6.4944444444444445,0.007665485662759782,0.12230345710936512,0.14094766139441478,-0.07878462024097538,0.052474930293165946
6.497222222222222,0.008842160432982893,0.1313455798388159,0.14159013027768477,-0.06128355544951955,0.042196844577667786
6.5,0.01016089638377599,0.22636190580401333,0.1422279022276244,3.2952178507711264e-15,0.07397310719260965
6.502777777777778,0.01163209614365545,0.2062730240357292,0.14286095608758723,0.06128355544952378,-0.009503583645037245
6.5055555555555555,0.013265828682463506,0.13280165439711475,0.14348927085743854,0.07878462024097739,-0.10273806538376469
6.508333333333334,0.015071616914439498,0.18975513595837531,0.14411282569425296,0.03999999999998333,-0.00942930665030049
6.511111111111111,0.0170582061754058,0.17501498012217584,0.14473159991300444,-0.027361611466059494,0.04058678549982509
6.513888888888889,0.019233316521275558,0.04091346008989863,0.14534557298725342,-0.07517540966287667,-0.048490019755753684
6.516666666666667,0.021603382660666772,0.0894577773832719,0.14595472454982733,-0.06928203230275569,-0.008818297524466518
6.519444444444445,0.0241732861942666,0.12225197922431538,0.14655903439349688,-0.013891854213332434,-0.03458848715011566
6.522222222222222,0.02694608565558429,0.3006290394943164,0.14715848247164517,0.0514230087749304,0.07510146259215653
6.525,0.02992275059735311,0.29514865026661563,0.14775304889893434,0.08,0.037472850770328185
6.527777777777778,0.03310190660873259,0.2654446603678291,0.14834271395196297,0.05142300877493562,0.03257703103219795
6.530555555555556,0.0364795986445706,0.20259526815718057,0.14892745806992297,-0.013891854213361548,0.031080065656048567
6.533333333333333,0.04004908036433943,0.11841184728922716,0.14950726185524635,-0.06928203230275227,-0.0018624626276063474
6.536111111111111,0.04380063728365439,0.12858514782141306,0.15008210607425007,-0.07517540966286657,0.009877814126375176
6.538888888888889,0.047721451408675473,0.11175258257378398,0.1506519716577732,-0.027361611466048808,-0.05925922902661588
6.541666666666667,0.051795514633512875,0.13369025539778745,0.15121683970180977,0.03999999999999318,-0.10932209893752838
6.544444444444444,0.05600359752099957,0.2940689657473597,0.15177669146813588,0.07878462024097305,0.007504056517251204
6.5472222222222225,0.060323279155978786,0.2901378558040343,0.15233150838493184,0.06128355544951647,0.01619951281360722
6.55,0.06472904256564108,0.2780735430343171,0.152881272047397,1.0111971453484652e-14,0.06046322842126888
6.552777777777778,0.06919243876328088,0.23990163833623435,0.15342596421836194,-0.06128355544952686,0.07856679080411838
6.555555555555555,0.07368232082058308,0.22736319165844515,0.15396556682889131,-0.07878462024097656,0.07849992424994734
6.558333333333334,0.07816514755121216,0.14276402986542475,0.15450006197888566,-0.039999999999979184,-0.049901179664693894
6.561111111111111,0.0826053544463048,0.24738314610255346,0.15502943193767316,0.027361611466063987,-0.017613251747488467
6.563888888888889,0.08696578750087462,0.341711571102415,0.15555365914459932,0.07517540966287209,0.02401671479406898
6.566666666666666,0.09120819357526334,0.44315818597474277,0.1560727262096082,0.06928203230276238,0.1265952338871089
6.569444444444445,0.09529375901852849,0.33977718933139067,0.15658661591382073,0.013891854213345637,0.0740049601856958
6.572222222222222,0.09918368651247635,0.2608258470475792,0.157095311210104,-0.05142300877492012,0.055969858099919015
6.575,0.10283979854634388,0.16104919599251832,0.15759879522363898,-0.08,-0.01938939777746453
6.5777777777777775,0.10622515466778415,0.16873921558758836,0.15809705125247844,-0.05142300877491802,-0.04415998155775623
6.580555555555556,0.10930466873351949,0.3212319798841321,0.15859006276810225,0.013891854213348343,0.03944539416916198
6.583333333333333,0.11204571184917266,0.28537249435616513,0.1590778134159649,0.06928203230274557,-0.055033063211718004
6.586111111111111,0.11441868657627251,0.3372325657061669,0.1595602870160384,0.07517540966287115,-0.011921817549015133
6.588888888888889,0.11639755831352606,0.29805773989284,0.16003746756334863,0.027361611466061406,-0.005738897450096132
6.591666666666667,0.11796033053162859,0.3181152742162631,0.16050933922850721,-0.040000000000013074,0.0796456044561404
6.594444444444444,0.11908945174118012,0.18354585271045448,0.16097588635823526,-0.07878462024097703,-0.017734865147983878
6.597222222222222,0.11977214367038415,0.09796319976811234,0.16143709347588406,-0.06128355544952509,-0.12196248192863078
6.6,0.12000064207559878,0.30711581974064556,0.16189294528194684,-2.3519160757740428e-14,0.02522223238312342
6.602777777777778,0.11977234384212873,0.30844823329101884,0.1623434266545682,0.06128355544951823,-0.034951092655196324
6.605555555555555,0.11908985648148658,0.3627945505943967,0.1627885226500439,0.07878462024097888,0.0021315512218873407
6.608333333333333,0.11796094871262897,0.31685393217383184,0.16322821850331823,0.0399999999999908,-0.004335235042106182
6.611111111111111,0.11639840344070251,0.23901409181223499,0.1636624996284723,-0.02736161146605139,-0.013685199790888414
6.613888888888889,0.11441977702810084,0.2428527480736779,0.16409135161920937,-0.0751754096628675,0.0395170290892352
6.616666666666666,0.11204707120152635,0.13063655523047113,0.16451476024933104,-0.0692820323027509,-0.07664324391763537
6.6194444444444445,0.10930632617303573,0.23449647218516997,0.1649327114732111,-0.013891854213358841,-0.02585071124771801
6.622222222222222,0.10622714549954627,0.3571972413565849,0.16534519142625972,0.05142300877490985,0.03420189565586906
6.625,0.1028421648023355,0.31789011246050186,0.16575218642538475,0.08,-0.030704238767218412
6.627777777777778,0.0991864776685122,0.23632283394935877,0.16615368296944474,0.05142300877490042,-0.0804403354634986
6.6305555555555555,0.09529703282855896,0.28138261351772154,0.16654966773969673,-0.013891854213370967,0.03342776716283679
6.633333333333334,0.0912120170332982,0.24502484385285725,0.16694012760023916,-0.06928203230275705,0.05615473152207695
6.636111111111111,0.0869702379421199,0.17687011749554013,0.16732504959844627,-0.07517540966287573,-0.002249760382150317
6.638888888888889,0.08261052080055763,0.12491105037644006,0.1677044209653989,-0.02736161146603982,-0.09804227992347664
6.641666666666667,0.07817113176307892,0.32154784821432836,0.16807822911630715,0.040000000000001465,0.03529848733494081
6.644444444444445,0.07368923945269125,0.23792592727361633,0.1684464616509285,0.07878462024098103,-0.08299439407098441
6.647222222222222,0.06920042480034855,0.3147330504462459,0.1688091063539787,0.06128355544951032,0.015439963842408286
6.65,0.06473824743905532,0.18953120739748552,0.16916615119553763,5.465619910790774e-16,-0.04437319123710799
6.652777777777778,0.06033387501041693,0.11057593960400652,0.16951758433144748,-0.06128355544950962,-0.05799196428834827
6.655555555555556,0.05601577974661134,0.12499905275535855,0.16986339410370663,-0.07878462024097489,-0.022095500853984512
6.658333333333333,0.05180950468926642,0.17284819590875622,0.17020356904085518,-0.04000000000000241,-0.009164877821362992
6.661111111111111,0.04773749996465768,0.21342679676976511,0.17053809785835689,0.027361611466072976,-0.03221041251932241
6.663888888888889,0.043819027712406644,0.3192965707450118,0.17086696945897226,0.07517540966287536,0.029435163910757536
6.666666666666667,0.040070132613701175,0.25823886892664477,0.17119017293312772,0.0692820323027576,-0.022303468922941688
6.669444444444444,0.036503673526991944,0.2709127688832317,0.17150769755927656,0.013891854213372044,0.0490095435835911
6.6722222222222225,0.03312941054459973,0.1675845928561015,0.17181953280425524,-0.051423008774927455,0.014058658282173973
6.675,0.029954140852538745,0.08720194884635589,0.17212566832363255,-0.08,-0.0348778603298154
6.677777777777778,0.02698187611618225,0.10468796711171029,0.17242609396205302,-0.05142300877491069,-0.0432969941916143
6.680555555555555,0.024214053724282987,0.1284518927388421,0.1727207997535733,0.013891854213357764,-0.08237481495237194
6.683333333333334,0.02164977409130747,0.2784782412093923,0.17300977592199338,0.06928203230275036,0.01453665889334112
6.686111111111111,0.01928605632337269,0.2500251015048655,0.17329301288118037,0.07517540966288032,-0.017729377362567907
6.688888888888889,0.017118104869434013,0.09944044116769746,0.17357050123538673,0.02736161146605242,-0.11860977640317572
6.691666666666666,0.015139580275374938,0.12219606841647696,0.17384223177956187,-0.039999999999989856,-0.026785743638470007
6.694444444444445,0.013342867798827505,0.06361474159475908,0.17410819549965786,-0.0787846202409787,-0.045051701462747604
6.697222222222222,0.011719338387934668,0.20358804611987655,0.17436838357292778,-0.061283555449518946,0.07878387960853302
6.7,0.010259597325837588,0.09974345409941365,0.17462278736821912,2.2426036775582277e-14,-0.08513893059466549
6.7027777777777775,0.00895371658359176,0.1730411304926728,0.17487139844625935,0.061283555449524386,-0.07206753998670269
6.705555555555556,0.007791447238695042,0.31718875819489395,0.17511420855993667,0.07878462024097722,0.055498482155284995
6.708333333333333,0.006762406839406214,0.28995177436719133,0.1753512096545729,0.04000000000001402,0.06783815787319816
6.711111111111111,0.005856228552515838,0.11682786401836459,0.1755823938681912,-0.027361611466060375,-0.037249146936282077
6.713888888888889,0.005062629338587981,0.07409068206704814,0.17580775353177647,-0.07517540966287077,-0.031604291140445544
6.716666666666667,0.004371261982700278,0.14192828067714977,0.17602728116952998,-0.06928203230274611,0.030811769827665644
6.719444444444444,0.00377096329838799,0.049765088736890346,0.1762409694991173,-0.01389185421334942,-0.11635498984726551
6.722222222222222,0.0032474106095456527,0.13805954659109498,0.17644881143190996,0.05142300877491718,-0.09305968422527781
6.725,0.0027769864315690764,0.24539111646225387,0.17665080007322037,0.08,-0.014036670042535594
6.727777777777778,0.0023126788180321553,0.3080771446219404,0.17684692872253097,0.05142300877492097,0.07749452830645631
6.730555555555555,0.0017556297304387439,0.14311446198247293,0.17703719087371575,-0.01389185421334456,-0.02178650440833698
6.733333333333333,0.0009055741320878009,0.11389196163134073,0.17722158021525702,-0.06928203230276184,0.005046839586757731
6.736111111111111,-0.0006108505572606294,0.1583032940385215,0.17740009063045398,-0.07517540966287246,0.0566894636282006
6.738888888888889,-0.0034180040001875484,0.252137337395281,0.17757271619762627,-0.027361611466065017,0.10534423666390731
6.741666666666666,-0.008430406083513739,0.1804666214493586,0.17773945119030973,0.03999999999997824,-0.028842423657415628
6.7444444444444445,-0.016778329884822984,0.2390647442469292,0.17790029007744712,0.07878462024097636,-0.0008418361866713029
6.747222222222222,-0.02954152871985437,0.300900015320386,0.17805522752357075,0.06128355544952756,0.09110276106714213
6.75,-0.047268230520312746,0.05482606410908719,0.17820425838898038,-9.018847471326498e-15,-0.07610996375957142
6.752777777777778,-0.06937853347807398,0.09906434233001433,0.178347377729913,-0.06128355544951576,0.05137905352769109
6.7555555555555555,-0.09369085948496793,-0.04490667554530328,0.1784845807987071,-0.07878462024097954,-0.050915776618062916
6.758333333333334,-0.11636454980558882,0.02737493159353528,0.17861586304396038,-0.039999999999994124,0.005123618355157837
6.761111111111111,-0.1324284339917209,0.06154344521499336,0.1787412201106802,0.027361611466047778,-0.012130952370013715
6.763888888888889,-0.13677642913285112,0.06935904833539461,0.17886064784042857,0.07517540966287863,-0.047900580035061466
6.766666666666667,-0.1252148735956551,0.07388620459564374,0.1789741422714598,0.06928203230275282,-0.04915509638291376
6.769444444444445,-0.09506386258315783,0.11173040948170879,0.17908169963885212,0.013891854213326796,0.013820718212687724
6.772222222222222,-0.04505987841605101,0.13247739559178062,0.1791833163746323,-0.05142300877493478,0.04977696640813411
6.775,0.02523724166312985,0.11802942061159896,0.17927898910789428,-0.08,-0.0064868101594251605
6.777777777777778,0.11595953190905939,0.2474108957356998,0.1793687146649108,-0.05142300877493123,0.003505657936660819
6.780555555555556,0.22678060075844875,0.44868364835560715,0.17945249006923886,0.013891854213367184,0.02855870331455236
6.783333333333333,0.35590122400967106,0.5561326302035965,0.17953031254181825,0.06928203230275513,-0.048580938650648
6.786111111111111,0.4985510519695566,0.7903132665541314,0.17960217950106402,0.07517540966286461,0.03698462542064615
6.788888888888889,0.6458203704350534,0.8938172253170358,0.1796680885629517,0.02736161146604343,0.04096715485298735
6.791666666666667,0.7846694610281518,1.054578813506771,0.17972803754109684,-0.039999999999998134,0.1301813149375205
6.794444444444444,0.8995524529290293,0.9817446476069034,0.17978202444682723,-0.07878462024097405,-0.018805209527979115
6.7972222222222225,0.9754135784749819,1.0710559804313118,0.17983004748924902,-0.06128355544951279,-0.02290409008340638
6.8,1.0011733198018906,1.2194937184558796,0.17987210507530604,-4.388341832929281e-15,0.03844829357868728
6.802777777777778,0.9725197813647666,1.2546667410697367,0.17990819580983275,0.061283555449530534,0.04095520844560692
6.805555555555555,0.8930124448277176,1.1249810258954578,0.1799383184956003,0.07878462024097556,-0.0267543576688356
6.808333333333334,0.7731218817054567,0.9729262199923165,0.1799624721333566,0.04000000000000574,-0.020158133846502446
6.811111111111111,0.6275979811250924,0.8072735674918183,0.17998065592185913,-0.02736161146603518,0.027056541910902024
6.813888888888889,0.47213578055067257,0.5355740281089671,0.1799928692579017,-0.07517540966287405,-0.04137921203673307
6.816666666666666,0.3204483685960787,0.4106387486289029,0.17999911173633448,-0.06928203230275952,-0.020526699400750748
6.819444444444445,0.18253786918678253,0.3531250364919415,0.17999938315007724,-0.01389185421334,0.0044796383684217326
6.822222222222222,0.06437247292292916,0.34558609942909313,0.1799936834901265,0.051423008774924506,0.04979693424111291
6.825,-0.03137764877331702,0.19837443336326155,0.17998201294555563,0.08,-0.03022993080897704
6.8277777777777775,-0.10418517700194702,0.0350829805749695,0.1799643719035086,0.0514230087749415,-0.0921192231015336
6.830555555555556,-0.15468741953563742,-0.08446838617571471,0.17994076094918723,-0.01389185421335398,-0.09582987337591055
6.833333333333333,-0.1841958584719633,-0.13653736324418675,0.17991118086583166,-0.06928203230274843,-0.06297065333530667
6.836111111111111,-0.1946614120908234,-0.15561957502899498,0.1798756326346945,-0.07517540966286919,-0.06565838590999687
6.838888888888889,-0.18883311760173627,-0.044091149563779575,0.17983411743500818,-0.027361611466056025,-0.007730537930995452
6.841666666666667,-0.17031013847376905,-0.009967509509685502,0.17978663664394579,0.04000000000001803,-0.059444007679880256
6.844444444444444,-0.1433132290890319,0.08006683499746148,0.17973319183657555,0.07878462024097803,-0.0351377479910602
6.847222222222222,-0.11219241605341033,0.09006062993281701,0.17967378478580842,0.06128355544952142,-0.03870429424910249
6.85,-0.08083490049923296,0.0767481239207246,0.17960841746233944,1.779553113718506e-14,-0.02202539304239967
6.852777777777778,-0.0521787895948049,0.13219996356641142,0.1795370920345821,-0.061283555449521916,0.06612521657615612
6.855555555555555,-0.027977208069642386,0.10579536202950227,0.1794598108685967,-0.07878462024097789,0.033097379471525835
6.858333333333333,-0.008844769479959259,0.1313382778118667,0.17937657652801162,-0.039999999999985845,0.0008064707638001938
6.861111111111111,0.005483358950181764,0.18908104816113513,0.17928739177393851,0.027361611466056767,-0.023051314029041908
6.863888888888889,0.015799938946122756,0.2485059753427216,0.17919225956488044,0.07517540966286947,-0.02166163283115106
6.866666666666666,0.02309498948072468,0.28785552833772243,0.17909118305663402,0.06928203230276622,0.016387323497597476
6.8694444444444445,0.02831593518279537,0.25040040866594754,0.17898416560218444,0.013891854213353204,0.02920845366761451
6.872222222222222,0.03223766920270024,0.11430499587435053,0.17887121075159454,-0.05142300877491424,-0.04538087530503002
6.875,0.03542447839451924,0.13600083842711752,0.1787523222518867,-0.08,0.001824037780711574
6.877777777777778,0.03824977286428971,0.06387328970313337,0.1786275040469189,-0.0514230087749239,-0.10158097843315135
6.8805555555555555,0.04094087378503057,0.24391517748415492,0.17849676027725375,0.013891854213340778,0.010585689208529852
6.883333333333334,0.0436262323106897,0.3293758219914048,0.17836009528002092,0.06928203230275991,0.03810746209793431
6.886111111111111,0.04637378297473978,0.28576327488234343,0.1782175135887736,0.07517540966287378,-0.014003431344043771
6.888888888888889,0.04921750495470189,0.34547448616107945,0.17806901993333782,0.027361611466034438,0.09082634980700527
6.891666666666667,0.0521737336956269,0.14602643056347392,0.17791461923965596,-0.04000000000000642,-0.04406192237180252
6.894444444444445,0.05525021942150707,0.1650919365753172,0.17775431662962277,-0.0787846202409757,0.010872020765163064
6.897222222222222,0.058450726401108447,0.17296405103919665,0.17758811742091601,-0.06128355544953003,-0.001791237333297774
6.9,0.061777180359982226,0.2341783241146366,0.17741602712681961,5.177067629476294e-15,-0.005014883372170417
6.902777777777778,0.0652305911174424,0.2980360896227594,0.17723805145604107,0.0612835554495133,-0.005716108400237382
6.905555555555556,0.06881141406810008,0.3300054821220696,0.17705419631252206,0.0787846202409739,0.0053552515004735846
6.908333333333333,0.07251967446688028,0.3317820794353052,0.17686446779524242,0.039999999999997454,0.04239793717318499
6.911111111111111,0.07635499900145257,0.2945490715471293,0.17666887219801786,-0.027361611466078354,0.06888681181373722
6.913888888888889,0.08031661401511249,0.18149610813631872,0.17646741600929142,-0.07517540966287732,-0.00011251222520786953
6.916666666666667,0.08440333301004188,0.23214721022778653,0.17626010591191774,-0.06928203230275475,0.04076580360858166
6.919444444444444,0.0886135415109817,0.2156802887672183,0.17604694878294214,-0.013891854213366406,-0.035088347313339124
6.9222222222222225,0.09294518204761874,0.35849391515223383,0.1758279516933716,0.05142300877493183,0.03829777263631165
6.925,0.0973957402079368,0.31489928592452815,0.1756031219079409,0.08,-0.038099576191349516
6.927777777777778,0.10196223214328572,0.3832907046074697,0.17537246688487113,0.05142300877490631,0.05453299680440661
6.930555555555555,0.10664119373505658,0.37841737766697797,0.17513599427562276,-0.0138918542133634,0.11053204386966198
6.933333333333334,0.11142867158246302,0.21093615680578143,0.1748937119246412,-0.06928203230275322,-0.00610419439856959
6.936111111111111,0.11632021595330296,0.10616325961915164,0.1746456278690975,-0.07517540966287836,-0.10962717454037044
6.938888888888889,0.12131087582982582,0.2409373680401582,0.1743917503386206,-0.027361611466047035,-0.02740364666224115
6.941666666666666,0.12639519617276315,0.4021210406422484,0.1741320877550253,0.03999999999999481,0.06159375671446517
6.944444444444445,0.1315672175168987,0.4118723258411729,0.17386664873203225,0.0787846202409797,0.027653839351262244
6.947222222222222,0.13682047800047512,0.3841451554587244,0.1735954420749826,0.061283555449515255,0.012445679933751478
6.95,0.14214801791861909,0.36589991249691495,0.17331847678054565,8.230121674779484e-15,0.05043341779774196
6.9527777777777775,0.14754238687743587,0.2835172654267731,0.17303576203642076,-0.06128355544950468,0.024222671962421102
6.955555555555556,0.15299565361096013,0.30784459996357266,0.17274730722103193,-0.07878462024097622,0.06088625937255682
6.958333333333333,0.15849941850740806,0.33692372424296574,0.17245312190321746,-0.04000000000000906,0.04597118383234928
6.961111111111111,0.16404482887468377,0.4396446788195091,0.17215321584191165,0.027361611466065753,0.07608502263684795
6.963888888888889,0.16962259695751675,0.43458540980152455,0.17184759898582233,0.07517540966287273,0.017939804195312718
6.966666666666667,0.1752230207005136,0.461304304551072,0.1715362814730993,0.06928203230276143,0.045262970074697734
6.969444444444444,0.18083600723248017,0.35059078142253397,0.1712192736309993,0.013891854213343784,-0.015356353654289272
6.972222222222222,0.18645109902819923,0.27585163565087,0.17089658597554264,-0.05142300877492157,-0.030073040577950294
6.975,0.19205750268413813,0.3679641139162515,0.1705682292111647,-0.08,0.08533838202094868
6.977777777777778,0.1976441202249185,0.32726555949649727,0.17023421423036092,-0.051423008774916575,0.010810233816134402
6.980555555555555,0.20319958283752562,0.4272300174573199,0.16989455211332516,0.013891854213350197,0.040244028293118954
6.983333333333333,0.20871228691078558,0.45373057406170203,0.16954925412758223,0.0692820323027647,0.006187000720569508
6.986111111111111,0.21417043223832663,0.42921839108281334,0.16919833172761442,0.0751754096628705,-0.029325782545998214
6.988888888888889,0.21956206222468574,0.41631461487434634,0.1688417965544809,0.027361611466059636,0.0005491446291200662
6.991666666666666,0.2248751059161599,0.4251544672399947,0.16847966043543233,-0.039999999999983195,0.0717997008883857
6.9944444444444445,0.23009742166104702,0.34718674051755877,0.1681119353835179,-0.07878462024097736,0.027762003713971202
6.997222222222222,0.23521684218781208,0.2560982623489525,0.16773863359718724,-0.06128355544952388,-0.08557365798652296
7.0,0.2402212208750431,0.3968187655061353,0.1673597674598852,1.4742477091881868e-14,-0.010762222828807736
7.002777777777778,0.24509847897356818,0.562472073597965,0.16697534953964177,0.06128355544951945,0.08911468963523561
7.0055555555555555,0.24983665352933826,0.4845168232664737,0.1665853925886547,0.07878462024097856,-0.010689843092497804
7.008333333333334,0.2544239457454355,0.37058992070158225,0.16618990954286664,0.03999999999998917,-0.09002393458670904
7.011111111111111,0.25884876951317976,0.4919285158397898,0.16578891352153605,-0.027361611466053155,0.09465244427112718
7.013888888888889,0.26309979983587134,0.38742643349043193,0.16538241782680158,-0.0751754096628806,0.034119625490639634
7.016666666666667,0.2671660208641398,0.35935378156399145,0.1649704359432416,-0.06928203230274996,-0.00350064294064002
7.019444444444445,0.27103677325954806,0.4031270137795135,0.16455298153742584,-0.013891854213356987,-0.01857088680410343
7.022222222222222,0.2747018006027366,0.5443724743246983,0.16413006845746353,0.051423008774911294,0.05411759648958678
7.025,0.2781512945643714,0.4947538352856039,0.16370171073254214,0.08,-0.027099170011309626
7.027777777777778,0.2813759385611649,0.5534796911343548,0.16326792257246364,0.051423008774926844,0.05741282122579942
7.030555555555556,0.28436694962558856,0.46041357806560046,0.16282871836717192,-0.013891854213372822,0.0271097642862128
7.033333333333333,0.28711611822626,0.39245229488414585,0.16238411268627637,-0.06928203230275799,0.012234096274367497
7.036111111111111,0.2896158457866152,0.3836502966690879,0.161934120278568,-0.07517540966287509,0.007275740266779768
7.038888888888889,0.29185917966202246,0.41722792243177176,0.16147875607153045,-0.027361611466072234,-0.008748401835708906
7.041666666666667,0.2938398453501351,0.5471398865314459,0.16101803517084437,0.04000000000000309,0.05228200601046329
7.044444444444444,0.2955522757256701,0.49162172722144054,0.16055197285988712,0.07878462024097503,-0.04326714160509171
7.0472222222222225,0.2969916371090314,0.43725952081625463,0.16008058459922456,0.061283555449509114,-0.08109625634151046
7.05,0.29815385199793243,0.48847974416865486,0.15960388602610004,-1.3352877876260902e-15,0.030722006144623733
7.052777777777778,0.2990356183124288,0.42843587222016544,0.15912189295391346,-0.06128355544953421,0.03156191640335739
7.055555555555555,0.29963442502622545,0.4034964837825378,0.15863462137169854,-0.07878462024097456,0.024012057625588334
7.058333333333334,0.29994856408070897,0.4384770700052012,0.15814208744359104,-0.040000000000000785,0.020386418480901943
7.061111111111111,0.29997713850258295,0.46895603856004003,0.15764430750829392,0.027361611466040558,-0.016027018916877394
7.063888888888889,0.2997200666711182,0.5714109096318041,0.1571412980785336,0.075175409662876,0.03937413521927627
7.066666666666666,0.29917808270660196,0.5228152845121461,0.15663307584051453,0.06928203230275666,-0.002277906337727044
7.069444444444445,0.29835273297739917,0.4440085668033376,0.156119657653363,0.013891854213334363,-0.024355678040758905
7.072222222222222,0.2972463687488885,0.38582985490975974,0.15560106054857015,-0.0514230087749289,-0.015594565612769996
7.075,0.29586213502317454,0.4719714216913915,0.15507730172942533,-0.08,0.1010319849387916
7.0777777777777775,0.2942039556437234,0.3105805413369612,0.15454839857044655,-0.05142300877493712,-0.08674880410227165
7.080555555555556,0.29227651476364325,0.4851721428085965,0.1540143686168037,0.013891854213359617,0.024989405214789942
7.083333333333333,0.2900852348001154,0.4288869753054173,0.15347522958373652,0.06928203230275129,-0.08395552138118587
7.086111111111111,0.28763625102016244,0.5103309931228475,0.15293099935596652,0.07517540966286723,-0.005411666916148662
7.088888888888889,0.2849363829244659,0.4429983161199119,0.1523816959871048,0.027361611466050647,-0.021681374257709385
7.091666666666667,0.28199310261597993,0.2895690254810461,0.15182733769905157,-0.03999999999999148,-0.1042514148339939
7.094444444444444,0.2788145003586543,0.37074970252076356,0.1512679428813938,-0.0787846202409727,0.019451879521688153
7.097222222222222,0.27540924754832485,0.3458273190799902,0.15070353009079285,-0.061283555449517725,-0.019001903109609794
7.1,0.2717865573328528,0.3169603582551493,0.15013411805037077,-1.2071901516629687e-14,-0.1049603171280622
7.102777777777778,0.26795614313154326,0.5207778287688694,0.14955972564908782,0.061283555449525594,0.041978404538712606
7.105555555555555,0.263928175314915,0.563443476396456,0.1489803719411172,0.07878462024097689,0.07175030889944675
7.108333333333333,0.2597132363146883,0.5226155295747406,0.14839607614521136,0.040000000000012394,0.0745062171148286
7.111111111111111,0.25532227444064076,0.3937153426512188,0.14780685764406665,-0.027361611466062145,0.017947822032573557
7.113888888888889,0.25076655668542636,0.3251067899350885,0.1472127359836778,-0.07517540966287141,0.002302906928855775
7.116666666666666,0.24605762080086863,0.3897971504155868,0.1466137308726917,-0.06928203230276336,0.06640783104478985
7.1194444444444445,0.24120722692930568,0.457444414164715,0.14600986218175194,-0.013891854213347566,0.08411917926700492
7.122222222222222,0.23622730907166992,0.48972990293321084,0.14540114994284103,0.05142300877491862,0.05667843514378125
7.125,0.23112992666981205,0.40884066090693705,0.14478761434861503,0.08,-0.047076880111490055
7.127777777777778,0.22592721657458442,0.43158674376198397,0.14416927575173394,0.05142300877491952,0.010067242660746096
7.1305555555555555,0.22063134566309253,0.3722614533285043,0.14354615466418674,-0.013891854213346414,0.02197580721457143
7.133333333333334,0.21525446435874054,0.1984098553667265,0.1429182717566102,-0.06928203230276278,-0.09048084844586146
7.136111111111111,0.2098086612961672,0.3003869324719384,0.14228564785760425,-0.07517540966287181,0.02346803298103871
7.138888888888889,0.20430591936000952,0.4322422031459904,0.14164830395304043,-0.02736161146602906,0.11364959129896945
7.141666666666667,0.19875807331201825,0.41176114278743514,0.14100626118536594,0.04000000000001138,0.03199680829003957
7.144444444444445,0.1931767692051689,0.485991584371135,0.14035954085290153,0.0787846202409767,0.07367065407208782
7.147222222222222,0.18757342576666,0.39771088213175815,0.13970816440913655,0.06128355544952635,0.009145736506435255
7.15,0.18195919791378848,0.3173504351766018,0.13905215346201527,-1.0900697250031664e-14,-0.0036609161991910744
7.152777777777778,0.17634494254827018,0.2725164863760245,0.13839152977322253,-0.06128355544951698,0.019063569504048777
7.155555555555556,0.1707411867553488,0.18889154937261335,0.1377263152574591,-0.07878462024097291,-0.040791332399221635
7.158333333333333,0.16515809851465116,0.21402587113465638,0.13705653198171713,-0.03999999999999249,-0.04818875936171943
7.161111111111111,0.159605460009909,0.386664501498973,0.1363822021645462,0.02736161146604955,0.06331522785846828
7.163888888888889,0.15409264360501831,0.4335885185865288,0.1357033481753178,0.07517540966286683,0.06861711714332591
7.166666666666667,0.14862859053414945,0.3033752995910162,0.13501999253348243,0.06928203230275187,-0.049555315779367524
7.169444444444444,0.14322179233437632,0.3398457446832533,0.13433215790782296,0.01389185421336077,0.04839994022769323
7.1722222222222225,0.1378802750302602,0.21574913459072476,0.1336398671157018,-0.051423008774936226,-0.004347998780301046
7.175,0.13261158606159668,0.20254515790842376,0.13294314312230554,-0.08,0.016990428724521528
7.177777777777778,0.12742278392780063,0.23125271616450535,0.13224200903988134,-0.05142300877492979,0.023010931971753173
7.180555555555555,0.122320430505731,0.31746629625225187,0.13153648812697172,0.01389185421333321,0.04971752340621592
7.183333333333334,0.11731058598181197,0.32155513216536974,0.13082660378764224,0.06928203230275608,0.004135910093159444
7.186111111111111,0.11239880632462468,0.3881946953233035,0.13011237957070557,0.0751754096628764,0.0705080997650968
7.188888888888889,0.10759014321037956,0.2798162358333567,0.12939383916893923,0.027361611466041658,0.015470641987996237
7.191666666666666,0.10288914630131996,0.2227693663430983,0.12867100641830148,-0.039999999999999765,0.03120921362347663
7.194444444444445,0.09829986776580292,0.10579602324509825,0.12794390529713834,-0.07878462024098068,-0.04166312957686233
7.197222222222222,0.09382586891899286,0.26768782393011403,0.12721255992539102,-0.061283555449511584,0.10793295053524171
7.2,0.08947022885442556,0.23943846957846404,0.12647699456379263,-2.506492054224113e-15,0.023491246160248322
7.2027777777777775,0.0852355549295519,0.3079062152593812,0.125737233613066,0.06128355544950836,0.03564987126725496
7.205555555555556,0.08112399496237667,0.2044926262558871,0.12499330161311228,0.07878462024097523,-0.08040929056057708
7.208333333333333,0.0771372509918299,0.20024737308007745,0.12424522324219849,0.0400000000000041,-0.04113510115395505
7.211111111111111,0.0732765944511554,0.23130219069715868,0.12349302331613787,-0.027361611466071138,0.061894184395936525
7.213888888888889,0.06954288260169944,0.1314487556409222,0.12273672678746722,-0.0751754096628747,0.014344555914630236
7.216666666666667,0.06593657607363951,0.022941915774052857,0.12197635874461824,-0.06928203230275858,-0.09568898674144631
7.219444444444444,0.06245775736069,0.22169234400759377,0.12121194441108678,-0.013891854213373973,0.05191449644919095
7.222222222222222,0.05910615011727519,0.20378352781915912,0.12044350914459416,0.05142300877492595,-0.027189140217636174
7.225,0.05588113910931033,0.32611806683939465,0.1196710784362487,0.08,0.07056584929383561
7.227777777777778,0.05278179067320582,0.21870769342762986,0.11889467790969685,0.05142300877491219,-0.0043917839301849835
7.230555555555555,0.049806873542215226,0.16426468695016191,0.11811433332027603,-0.013891854213355832,0.010235334301026498
7.233333333333333,0.04695487990442097,0.15395064708541203,0.11733007055415803,-0.06928203230274937,0.05894772892958242
7.236111111111111,0.04422404656267779,0.04071590398455609,0.1165419156274924,-0.07517540966288098,-0.04487464854273312
7.238888888888889,0.04161237607335876,0.08035831890114853,0.115749894685541,-0.02736161146605426,-0.04964234039169699
7.241666666666666,0.03911765774793791,0.18424677072983453,0.11495403400181385,0.03999999999998815,-0.009824921019905368
7.2444444444444445,0.036737488408963265,0.2710351086081967,0.11415435997719393,0.07878462024097836,0.04135863998106111
7.247222222222222,0.034469292799966994,0.14255988475787718,0.11335089913906451,0.061283555449520195,-0.06654386263067454
7.25,0.032310343557018104,0.061452291703006034,0.11254367814042684,1.5913681358479892e-14,-0.08340172999445483
7.252777777777778,0.03025778065807377,0.12189299531975778,0.11173272375901752,-0.06128355544952313,0.041186046352189615
7.2555555555555555,0.028308630274749603,0.030293157301842292,0.11091806289642045,-0.07878462024097757,-0.03014891562835019
7.258333333333334,0.026459822959696785,0.07694824489087061,0.1100997225771722,-0.039999999999984215,-0.019611300646014157
7.261111111111111,0.02470821111126625,0.0685070324281847,0.10927772994786822,0.027361611466058536,-0.0928405200970083
7.263888888888889,0.023050585665508737,0.17272914188705235,0.1084521122762602,0.07517540966288254,-0.03394896571759911
7.266666666666667,0.02148369197380556,0.19801025639534822,0.10762289695035311,0.0692820323027471,-0.00037836483155753183
7.269444444444445,0.02000424483237656,0.1872051034043683,0.10679011147749577,0.013891854213351349,0.04651889288114461
7.272222222222222,0.01860894263765016,0.03457820903447137,0.10595378348346883,-0.05142300877491568,-0.03856150831173194
7.275,0.017294480648829807,0.12527722737202193,0.10511394071156731,-0.08,0.08286880601162483
7.277777777777778,0.016057563346036724,0.034677364383806336,0.10427061102168211,-0.051423008774922466,-0.034227801208990036
7.280555555555556,0.014894915878999264,0.09805600240249243,0.10342382238937346,0.013891854213378456,-0.03415459007925874
7.283333333333333,0.01380329460748114,0.2625268074100781,0.10257360290494603,0.06928203230276085,0.07686787759489011
7.286111111111111,0.01277949674036287,0.20024789479394534,0.10171998077251347,0.07517540966287313,0.010573007618195858
7.288888888888889,0.011820369085603306,0.11244372841015723,0.1008629843090659,0.027361611466066856,-0.027601236450578832
7.291666666666667,0.010922815928099605,0.06316880131259008,0.10000264194352819,-0.04000000000000805,-0.007756656559029672
7.294444444444444,0.010083806056824964,0.09809184690877096,0.09913898221581904,-0.07878462024097602,0.06765367887710297
7.2972222222222225,0.009300378966463442,0.11959899827414394,0.09827203377590185,-0.061283555449505436,0.07331014098128409
7.3,0.008569650262168728,0.06513181668150045,0.09740182538283745,7.0589174081814614e-15,-0.0408396589635128
7.302777777777778,0.007888816298978047,0.16357906714836365,0.0965283859038265,0.06128355544951451,-0.0021216905039554107
7.305555555555555,0.007255158089899092,0.18619936402751247,0.09565174431325484,0.07878462024097989,0.004507841383378654
7.308333333333334,0.006666044518704314,0.09212596868460043,0.09477192969173018,0.039999999999995824,-0.04931200552582988
7.311111111111111,0.006118934895093831,0.06986204202166733,0.09388897122511916,-0.02736161146604594,-0.0027842526324997154
7.313888888888889,0.00561138089109028,0.02370501245437546,0.09300289820357811,-0.07517540966287796,0.0002661430225850244
7.316666666666666,0.005141027898381297,0.08498320956304624,0.09211374002058197,-0.0692820323027538,0.05701047394683678
7.319444444444445,0.004705615846806183,0.14240653922094978,0.09122152617194812,-0.013891854213364554,0.060371251415560045
7.322222222222222,0.00430297952436457,0.12959180463617945,0.09032628625485989,0.05142300877490541,-0.0164604699179504
7.325,0.003931048438994542,0.16266144121283616,0.08942804996688222,0.08,-0.010697657193040585
7.3277777777777775,0.0035878462619948286,0.17675231724468918,0.08852684710497984,0.051423008774932735,0.03321461510278178
7.330555555555556,0.003271489892346922,0.04774292079715599,0.0876227075645249,-0.013891854213365253,-0.029259422446350575
7.333333333333333,0.002980188180395366,0.04984582480282001,0.08671566133830867,-0.06928203230275416,0.029432007586870135
7.336111111111111,0.002712240348371413,0.008947244832589445,0.08580573851554404,-0.07517540966286528,-0.004395324368460737
7.338888888888889,0.002466034144163504,0.011527463072056567,0.08489296928086937,-0.02736161146604527,-0.04846992888693104
7.341666666666667,0.0022400437635578074,0.07837559203291787,0.08397738391334596,0.03999999999999644,-0.04784183564398233
7.344444444444444,0.00203282757496047,0.2362293954029436,0.08305901278545433,0.0787846202409737,0.07235293480155511
7.347222222222222,0.0018430256793890221,0.13744339353382357,0.08213788636208544,0.06128355544951405,-0.00782107395716493
7.35,0.0016693573373523227,0.16490109723180632,0.08121403519953209,6.348271896074317e-15,0.08201770469491555
7.352777777777778,0.00151061829315564,-0.0051672602476463825,0.08028748994447275,-0.06128355544952927,-0.025681813035745505
7.355555555555555,0.0013656780262426749,0.016499599174799782,0.07935828133295834,-0.0787846202409759,0.01456026005657467
7.358333333333333,0.0012334769584611065,0.15929375329875436,0.07842644018938862,-0.04000000000000743,0.11963383615091208
7.361111111111111,0.0011130236456915355,0.053097295304053965,0.07749199742549305,0.02736161146603334,-0.05286933723316396
7.363888888888889,0.0010033919821673684,0.05784306068935481,0.0765549840393029,0.07517540966287338,-0.09489072499498884
7.366666666666666,0.0009037184461224908,0.21013068842736984,0.07561543111412518,0.0692820323027605,0.06432950656436166
7.3694444444444445,0.0008131994162044973,0.0480379681774016,0.07467336981750887,0.01389185421334193,-0.041340455269653686
7.372222222222222,0.0007310885894798164,0.022001593009459728,0.0737288314002146,-0.05142300877492301,-0.0010353182053116888
7.375,0.0006566945339145716,-0.0358573687934908,0.07278184719517387,-0.08,-0.029295910522579245
7.377777777777778,0.0005893784110422933,0.0344069573003458,0.07183244861645284,-0.05142300877491514,0.013408139047765805
7.3805555555555555,0.0005285519082117746,0.03777426292048571,0.070880667158209,0.013891854213352052,-0.04752681035928711
7.383333333333334,0.000473675424439652,0.13068523772668542,0.06992653439364542,0.06928203230276564,-0.008997004394165306
7.386111111111111,0.00042425655954835505,0.16706051452421136,0.06897008197396644,0.07517540966286985,0.022490766327826713
7.388888888888889,0.0003798489630151735,0.045337357742683666,0.06801134162732372,0.027361611466057867,-0.0504154443137131
7.391666666666667,0.00034005160683454324,-0.007613804717677556,0.06705034515776717,-0.039999999999984825,-0.035004201482294446
7.394444444444445,0.0003045085557059521,-0.029762128921010968,0.06608712444418735,-0.07878462024097768,-0.01736914167992659
7.397222222222222,0.00027290931796973496,-0.0673297064036069,0.06512171143925995,-0.061283555449522666,-0.07144077171131391
7.4,0.00024498987182160583,0.04327107890028562,0.06415413816838471,1.6624326870587037e-14,-0.02112804913993732
7.402777777777778,0.0002205344732773019,0.13062835364656664,0.06318443672862359,0.06128355544952066,0.005939826995145093
7.405555555555556,0.00019937836486864235,0.12121919081405406,0.06221263928763493,0.07878462024097191,-0.019977447079421423
7.408333333333333,0.0001814115167687234,0.08785136495277833,0.0612387780826083,0.03999999999998754,-0.01356882464658623
7.411111111111111,0.0001665835444761232,0.03207277395228446,0.06026288541919253,-0.027361611466054928,-0.0009950835453292678
7.413888888888889,0.00015490995871097202,-0.04852267915534591,0.0592849936704276,-0.07517540966286879,-0.0327871731216157
7.416666666666667,0.00014647991300863257,0.02372271117927001,0.05830513527566653,-0.06928203230274901,0.03455312829334386
7.419444444444444,0.0001414656217000133,0.11537186038793655,0.05732334273950288,-0.013891854213355133,0.07179890624008879
7.4222222222222225,0.00014013362443214666,0.08468377142029015,0.05633964863068983,0.051423008774940604,-0.023219019609772424
7.425,0.0001428580718382221,0.15975685522678568,0.05535408558106209,0.08,0.024259911573885354
7.427777777777778,0.00015013619898847602,0.09395897348663233,0.054366686284450794,0.05142300877492541,-0.011980857771732347
7.430555555555555,0.0001626061372908206,0.057922602671479764,0.053377483495602555,-0.013891854213338845,0.018274367251925237
7.433333333333334,0.00018106718991863234,0.061574521476411036,0.052386510029088625,-0.06928203230275894,0.07828897656016272
7.436111111111111,0.00020650265893837832,0.0018578689051889031,0.05139379875822003,-0.07517540966287445,0.02543297715090494
7.438888888888889,0.0002401052624357448,-0.06539285053013026,0.05039938261395432,-0.02736161146603628,-0.08867072694048404
7.441666666666666,0.00028330511555122156,0.11238638127170918,0.04940329458380528,0.040000000000004726,0.02269978157234795
7.444444444444445,0.00033780016910768936,0.189171175286281,0.04840556771074746,0.07878462024097535,0.06164318716545047
7.447222222222222,0.0004055889024464248,0.09801557094419318,0.047406235092120594,0.06128355544953129,-0.011079808499905135
7.45,0.0004890049526563008,0.09667607513707524,0.046405329878530535,-3.2171375663312577e-15,0.04978174030589162
7.4527777777777775,0.0005907532306563278,-0.04979569400370141,0.045402885272751596,-0.061283555449512035,-0.034505777057597296
7.455555555555556,0.0007139469264056644,-0.10794869676205979,0.04439893452862248,-0.07878462024097424,-0.0742769579761137
7.458333333333333,0.0008621446425848186,0.011314106534164424,0.04339351094994674,-0.03999999999999915,0.0070584509416320084
7.461111111111111,0.0010393867211722554,-0.017036189960717353,0.042386647889383774,0.027361611466042327,-0.08782383603731571
7.463888888888889,0.0012502296443107793,0.10581546740984145,0.041378378747346053,0.0751754096628642,-0.011988550644679588
7.466666666666667,0.001499777204831123,0.17549265961075045,0.04036873697088843,0.06928203230275572,0.06434211313227516
7.469444444444444,0.0017937069591213667,-0.04044482806222363,0.03935775605260071,0.013891854213368337,-0.09548814528731404
7.472222222222222,0.0021382903033043714,-0.07491408873782544,0.03834546952949541,-0.051423008774930334,-0.06397483979569489
7.475,0.0025404043616348306,-0.09172929691454818,0.03733191098189587,-0.08,-0.05160161225807888
7.477777777777778,0.003007533753400057,-0.015264353974734746,0.036317114032321005,-0.05142300877490781,-0.0031659929855479985
7.480555555555555,0.003547760221855931,0.03445488749727914,0.0353011123443722,0.01389185421336147,-0.01828583928231046
7.483333333333333,0.004169738076768452,0.17769252908593913,0.034283939621614065,0.06928203230275223,0.06995681908480438
7.486111111111111,0.004882653431824089,0.1610411091557466,0.033265629606458576,0.07517540966287904,0.047717416454584875
7.488888888888889,0.0056961653199542545,0.09006764016847754,0.03224621607904451,0.027361611466048878,0.0247636473034299
7.491666666666666,0.006620326952791845,0.005127575526110474,0.0312257328561175,-0.03999999999999311,0.007281515717194241
7.4944444444444445,0.007665485662759782,-0.021253431939071234,0.030204213789906967,-0.07878462024097935,0.019661488849241366
7.497222222222222,0.008842160432982893,-0.06635882001519702,0.029181692767005357,-0.06128355544951652,-0.04309911776566875
7.5,0.01016089638377599,0.0811796177688376,0.02815820370724119,-1.019005173792452e-14,0.04286051767783061
7.502777777777778,0.01163209614365545,0.04444721943777952,0.02713378056255732,0.0612835554495268,-0.05560221271796006
7.5055555555555555,0.013265828682463506,0.15992775593443345,0.02610845731588182,0.07878462024097657,0.04176884969511155
7.508333333333334,0.015071616914439498,0.13946101000036126,0.02508226798000097,0.039999999999979254,0.05930712510594155
7.511111111111111,0.0170582061754058,0.024295071410179152,0.02405524659643291,-0.027361611466063918,0.01054323010440436
7.513888888888889,0.019233316521275558,-0.04172531885539985,0.02302742723429545,-0.07517540966287206,-0.008810652948098794
7.516666666666667,0.021603382660666772,-0.005664310237432184,0.021998843989179798,-0.06928203230276242,0.020015495415483666
7.519444444444445,0.0241732861942666,-0.11182495554209775,0.02096953098201502,-0.013891854213345713,-0.14307591850503365
7.522222222222222,0.02694608565558429,0.11342152771271741,0.019939522357939988,0.051423008774920065,0.015112910924273063
7.525,0.02992275059735311,0.12316390299053058,0.01890885228516782,0.08,-0.005667699891990351
7.527777777777778,0.03310190660873259,0.09987106468465579,0.01787755495385466,0.05142300877491808,-0.002531405652849551
7.530555555555556,0.0364795986445706,0.07476003465107792,0.016845664574964215,-0.013891854213348266,0.03532662564489138
7.533333333333333,0.04004908036433943,-0.017158182637508956,0.015813215379133536,-0.06928203230274553,-0.0037384460782363908
7.536111111111111,0.04380063728365439,-0.07360487359623849,0.014780241615536207,-0.07517540966287117,-0.0570103428325579
7.538888888888889,0.047721451408675473,0.02703648395209353,0.013746777550748436,-0.02736161146606148,-0.007070133541268903
7.541666666666667,0.051795514633512875,0.10788614630517658,0.012712857467609482,0.040000000000013004,0.0033777742040412236
7.544444444444444,0.05600359752099957,0.15221342900511542,0.011678515664088205,0.07878462024097702,0.005746695579050637
7.5472222222222225,0.060323279155978786,0.1403465894218748,0.010643786452140867,0.06128355544950176,0.008095968364253404
7.55,0.06472904256564108,0.12630619896813267,0.009608704156576716,-1.2782547028736832e-14,0.051968452245927665
7.552777777777778,0.06919243876328088,-0.0378195412240282,0.008573303113916485,-0.06128355544951819,-0.05430172765170738
7.555555555555555,0.07368232082058308,0.011220341059102572,0.0075376176712558945,-0.0787846202409789,0.008785022808242495
7.558333333333334,0.07816514755121216,0.10916331466725673,0.0065016821851233975,-0.03999999999999087,0.06449648493091205
7.561111111111111,0.0826053544463048,0.028701922085840673,0.005465531020344316,0.027361611466051317,-0.08673057484685977
7.563888888888889,0.08696578750087462,0.1755527297516536,0.004429198548896382,0.07517540966287992,0.008982334039002678
7.566666666666666,0.09120819357526334,0.1346140199281355,0.003392719148773371,0.06928203230275093,-0.02926892509865217
7.569444444444445,0.09529375901852849,0.09300622121107396,0.0023561272028418028,0.013891854213358916,-0.018535519223655247
7.572222222222222,0.09918368651247635,0.0038397596745480683,0.0013194570977026132,-0.051423008774909795,-0.0452403751607211
7.575,0.10283979854634388,0.014645005983870849,0.00028274322254917116,-0.08,-0.008477535785022205
7.5777777777777775,0.10622515466778415,0.14611094658222815,-0.0007539800319728611,-0.05142300877492836,0.09206278072134522
7.580555555555556,0.10930466873351949,0.05818432661312205,-0.0017906782749076424,0.013891854213370889,-0.06322151805886068
7.583333333333333,0.11204571184917266,0.12001992691186054,-0.002827317116127755,0.06928203230275702,-0.058480500123941376
7.586111111111111,0.11441868657627251,0.12063350556349513,-0.0038638621674778983,0.07517540966287575,-0.06509672850817523
7.588888888888889,0.11639755831352606,0.2252298050670934,-0.004900279043911801,0.027361611466074076,0.08637091433140505
7.591666666666667,0.11796033053162859,0.04890681189092551,-0.005936533364637341,-0.040000000000001396,-0.023116985276064348
7.594444444444444,0.11908945174118012,0.03205028772856851,-0.006972590754253223,-0.07878462024097468,-0.0012819530173837107
7.597222222222222,0.11977214367038415,0.030341024321669616,-0.00800841684389217,-0.06128355544951037,-0.020139147055311987
7.6,0.12000064207559878,0.0637355208830851,-0.009043977272358486,-6.246422755189456e-16,-0.04722114392015458
7.602777777777778,0.11977234384212873,0.15921912927364573,-0.010079237687270778,0.061283555449509565,-0.01175753233072177
7.605555555555555,0.11908985648148658,0.3096724932630981,-0.011114163746197695,0.07878462024098122,0.122912180286828
7.608333333333333,0.11796094871262897,0.21541577364354259,-0.012148721117801624,0.04000000000000248,0.06960354604871276
7.611111111111111,0.11639840344070251,0.033207025602076445,-0.01318287548297373,-0.02736161146603872,-0.04264689088961362
7.613888888888889,0.11441977702810084,0.057406479982334516,-0.014216592535975283,-0.07517540966287534,0.03237870515308429
7.616666666666666,0.11204707120152635,-0.01406093772012354,-0.015249837985573438,-0.06928203230275763,-0.04157613863331883
7.6194444444444445,0.10930632617303573,-0.009686487538791658,-0.01628257755618005,-0.013891854213336292,-0.08881838194231105
7.622222222222222,0.10622714549954627,0.1913109231687171,-0.017314776988988055,0.05142300877492739,0.05097554588323148
7.625,0.1028421648023355,0.22250040509140384,-0.01834640204310919,0.08,0.05800464233217754
7.627777777777778,0.0991864776685122,0.18353468049910998,-0.019377418496707963,0.05142300877491075,0.05230261255239497
7.6305555555555555,0.09529703282855896,0.037504124006084494,-0.020407792148138145,-0.013891854213357686,-0.023493262460978638
7.633333333333334,0.0912120170332982,-0.007846290786646629,-0.02143748881707702,-0.0692820323027685,-0.008338786700099311
7.636111111111111,0.0869702379421199,0.026816631616499234,-0.022466474345658925,-0.07517540966286791,0.03748827768290616
7.638888888888889,0.08261052080055763,0.05132899660230088,-0.023494714599609622,-0.02736161146605249,0.01957480186740536
7.641666666666667,0.07817113176307892,0.07396708272884006,-0.02452217546937642,0.03999999999998978,-0.019681873564852216
7.644444444444445,0.07368923945269125,0.045971445816499173,-0.025548822871262516,0.07878462024097868,-0.08095359100590824
7.647222222222222,0.06920042480034855,0.10960311720841429,-0.026574622748553853,0.06128355544951899,0.005693759707100614
7.65,0.06473824743905532,0.09108918832818533,-0.027599541072653312,-2.2347956491142407e-14,0.053950481961805664
7.652777777777778,0.060333875010416926,-0.08945263873502099,-0.028623543844205727,-0.06128355544952434,-0.05987941445170786
7.655555555555556,0.05601577974661134,-0.02047746850479564,-0.029646597094228597,-0.07878462024097724,0.03193796908379885
7.658333333333333,0.05180950468926642,-0.002282077439299722,-0.0306686668852367,-0.04000000000001409,0.016577084756684634
7.661111111111111,0.04773749996465768,0.0809168052799655,-0.03168971931236916,0.027361611466060306,0.03750741316161668
7.663888888888889,0.043819027712406644,0.1298834918567142,-0.03270972050451357,0.07517540966287074,0.04359877498595036
7.666666666666667,0.040070132613701175,0.040900266194748916,-0.03372863662543076,0.06928203230274615,-0.03472326209626765
7.669444444444444,0.036503673526991944,-0.06519887614278103,-0.03474643387487516,0.013891854213349498,-0.08084797000824731
7.6722222222222225,0.03312941054459973,-0.08073265300417978,-0.03576307848971844,-0.05142300877491712,-0.026675976284143966
7.675,0.029954140852538745,-0.04236803001617832,-0.036778536745067425,-0.08,0.04445636587635037
7.677777777777778,0.02698187611618225,-0.08933410279042135,-0.037792774955384016,-0.05142300877492103,-0.027100195176298553
7.680555555555555,0.024214053724282987,-0.035402017730856716,-0.03880575947560209,0.013891854213344483,-0.0347021661928821
7.683333333333334,0.021649774091307465,-0.03995316740440741,-0.03981745670224474,0.0692820323027618,-0.09106751709623193
7.686111111111111,0.019286056323372686,0.14126601063925517,-0.04082783307453695,0.07517540966287249,0.08763237772754695
7.688888888888889,0.017118104869434013,0.04392854333120885,-0.04183685507552156,0.027361611466030902,0.0412856820712655
7.691666666666666,0.015139580275374934,-0.029210109894064005,-0.04284448923316748,-0.04000000000000968,0.038494799063738226
7.694444444444445,0.013342867798827504,-0.06090618522465952,-0.04385070212148437,-0.07878462024097635,0.04838626933897369
7.697222222222222,0.011719338387934665,-0.0655842593460506,-0.044855460361627734,-0.061283555449527606,0.028835418077170084
7.7,0.010259597325837585,-0.04781557605613891,-0.045858730623008985,8.94076718688663e-15,-0.012216442758976454
7.7027777777777775,0.008953716583591757,0.015188587202598434,-0.04686047962439896,0.06128355544951572,-0.008188205206110083
7.705555555555556,0.007791447238695038,0.017337175115028892,-0.04786067413503316,0.07878462024097325,-0.02137821822960624
7.708333333333333,0.006762406839406208,0.1296401635844369,-0.04885928097571352,0.03999999999999419,0.13173703772075002
7.711111111111111,0.0058562285525158315,-0.04356604836847003,-0.04985626701991027,-0.02736161146604771,0.027795601564972128
7.713888888888889,0.005062629338587974,-0.14415440158670859,-0.05085159919485867,-0.07517540966286616,-0.02319002206757173
7.716666666666667,0.00437126198270027,-0.09348117609439717,-0.051845244482658585,-0.06928203230275286,0.023274838708313993
7.719444444444444,0.0037709632983879814,-0.11350150672915822,-0.05283716992136764,-0.0138918542133627,-0.050543445892815876
7.722222222222222,0.003247410609545643,0.07606841270784581,-0.0538273426060959,0.05142300877493472,0.07522533592946135
7.725,0.002776986431569066,-0.005092198048885036,-0.0548157296900971,0.08,-0.033053454790357005
7.727777777777778,0.0023126788180321436,0.02298766083822854,-0.055802298385858186,0.05142300877493129,0.02505427163112329
7.730555555555555,0.0017556297304387302,-0.015624358961922326,-0.0567870159661865,-0.013891854213331278,0.053298881487156724
7.733333333333333,0.0009055741320877862,-0.10690788072571542,-0.05776984976529777,-0.06928203230275509,0.01923842721024964
7.736111111111111,-0.0006108505572606463,-0.12981352780905187,-0.05875076717989607,-0.07517540966287707,0.004723499590981911
7.738888888888889,-0.003418004000187566,-0.08996924689368815,-0.05972973567025784,-0.0273616114660435,0.0005401042428007579
7.741666666666666,-0.008430406083513758,-0.03195918368918173,-0.060706722761310686,0.03999999999999807,-0.002822054844355357
7.7444444444444445,-0.016778329884823005,-0.028510330133934746,-0.06168169604371065,0.07878462024097402,-0.028834924446375112
7.747222222222222,-0.029541528719854396,-0.05338676793374352,-0.06265462317491675,0.06128355544951284,-0.02247417148848521
7.75,-0.04726823052031277,-0.036914183718027835,-0.06362547188026628,4.466422117369149e-15,0.07397951868254675
7.752777777777778,-0.069378533478074,-0.2006831305159047,-0.06459420995404237,-0.06128355544953048,-0.005426831634257834
7.7555555555555555,-0.09369085948496796,-0.277326098455624,-0.06556080526054185,-0.07878462024097557,-0.03928981346913866
7.758333333333334,-0.11636454980558886,-0.24870465538378517,-0.06652522573514658,-0.0399999999999743,-0.025814879843075428
7.761111111111111,-0.13242843399172094,-0.11753572787617168,-0.0674874393853812,0.027361611466069295,0.055018534034861157
7.763888888888889,-0.13677642913285115,-0.09626810210373055,-0.06844741429197733,0.07517540966287402,0.033780331658223924
7.766666666666667,-0.12521487359565517,-0.09732150099121407,-0.06940511860993132,0.06928203230275956,0.02801645891161285
7.769444444444445,-0.09506386258315787,-0.16440858888487087,-0.07036052056956349,0.013891854213340077,-0.012876059945489574
7.772222222222222,-0.045059878416051066,-0.13912835215989391,-0.07131358847756565,-0.05142300877492445,0.028668123508647253
7.775,0.02523724166312979,-0.15920510530246315,-0.07226429071806055,-0.08,-0.0321780562475324
7.777777777777778,0.11595953190905933,-0.02165677418678741,-0.07321259575364432,-0.05142300877491369,-0.012980701567288727
7.780555555555556,0.22678060075844866,0.21500420721495428,-0.07415847212643555,0.013891854213353903,0.048490224369587276
7.783333333333333,0.355901224009671,0.3937952517992544,-0.07510188845911821,0.06928203230274839,0.04371388394595322
7.786111111111111,0.4985510519695565,0.448588155878903,-0.07604281345598257,0.07517540966286922,-0.049095492297540164
7.788888888888889,0.6458203704350532,0.5534244433517177,-0.07698121590396281,0.0273616114660561,-0.04277632264542879
7.791666666666667,0.7846694610281517,0.6721875039951296,-0.07791706467367464,-0.04000000000001796,0.0054351076406704835
7.794444444444444,0.8995524529290292,0.828224122701082,-0.07885032872044462,-0.07878462024097801,0.0863066187334755
7.7972222222222225,0.9754135784749818,0.7385707877166684,-0.0797809770853422,-0.06128355544952146,-0.09577825822344971
7.8,1.0011733198018906,0.9343809878841918,-0.0807089788962062,-1.7873611421624928e-14,0.013916646978525214
7.802777777777778,0.9725197813647664,0.8833668668669619,-0.08163430336866889,0.06128355544952187,-0.06880216657865741
7.805555555555555,0.8930124448277174,0.8575235955852413,-0.08255691980717668,0.0787846202409779,-0.03171654967627728
7.808333333333334,0.7731218817054566,0.7114236631962199,-0.08347679760601054,0.03999999999998591,-0.018221420903212073
7.811111111111111,0.6275979811250921,0.49481704623689293,-0.08439390625029797,-0.027361611466056694,-0.021025417171844547
7.813888888888889,0.4721357805506724,0.28496235858781505,-0.0853082153170275,-0.07517540966286944,-0.026689796982960423
7.816666666666666,0.3204483685960785,0.16530699483607345,-0.0862196944760573,-0.06928203230276626,0.0003603530188185076
7.819444444444445,0.1825378691867823,0.054754923150778706,-0.08712831349112139,-0.013891854213353282,-0.02676277833152892
7.822222222222222,0.06437247292292891,-0.0453614297656966,-0.08803404222083205,0.05142300877491418,-0.07312286924270764
7.825,-0.03137764877331728,-0.0013210187668603532,-0.0889368506196819,0.08,0.038993480626138825
7.8277777777777775,-0.1041851770019473,-0.10495526860861662,-0.08983670873903732,0.051423008774923964,0.03764360835744403
7.830555555555556,-0.15468741953563772,-0.21715414497601487,-0.09073358672813409,-0.013891854213376527,0.042158715501133454
7.833333333333333,-0.1841958584719636,-0.4221420704229947,-0.0916274548350671,-0.06928203230275988,-0.0770367248132041
7.836111111111111,-0.19466141209082372,-0.3474091975322673,-0.09251828340777729,-0.07517540966287381,0.014945907629207542
7.838888888888889,-0.1888331176017366,-0.2758018291724939,-0.09340604289503478,-0.0273616114660687,0.03379894279034617
7.841666666666667,-0.17031013847376944,-0.27616094574316413,-0.09429070384742179,0.04000000000000635,-0.05156010342197925
7.844444444444444,-0.14331322908903232,-0.15924218335725393,-0.09517223691830375,0.07878462024097568,0.0004586624091064572
7.847222222222222,-0.11219241605341078,-0.15277280573423255,-0.09605061286481019,0.0612835554495067,-0.005813332265518288
7.85,-0.08083490049923342,-0.08565317011962437,-0.09692580254879904,-5.098987345036425e-15,0.09210753292841319
7.852777777777778,-0.0521787895948054,-0.11503532013151577,-0.09779777693782578,-0.06128355544951325,0.09622480185062865
7.855555555555555,-0.02797720806964289,-0.28864615508323926,-0.0986665071061061,-0.07878462024098024,-0.08321781966651004
7.858333333333333,-0.008844769479959786,-0.023680383429033242,-0.0995319642354754,-0.03999999999999752,0.12469635028639947
7.861111111111111,0.005483358950181205,-0.11331043525778509,-0.10039411961634419,0.027361611466044097,-0.045761286057666196
7.863888888888889,0.015799938946122166,0.03875606867671804,-0.10125294464865271,0.0751754096628773,0.04903366471637129
7.866666666666666,0.023094989480724026,0.038793509983849034,-0.10210841084281631,0.06928203230275477,0.04852489904318655
7.8694444444444445,0.028315935182794717,-0.11053721176660197,-0.10296048982067282,0.013891854213366485,-0.04978451134209034
7.872222222222222,0.032237669202699513,-0.09833110319667279,-0.10380915331642335,-0.05142300877490391,0.024663389691954953
7.875,0.03542447839451851,-0.15460658199635455,-0.10465437317756986,-0.08,-0.005376687213303199
7.877777777777778,0.038249772864288906,-0.09095285704484712,-0.10549612136584921,-0.05142300877490636,0.027716500231619534
7.8805555555555555,0.040940873785029766,-0.039968026840738205,-0.10633436995816258,0.013891854213363324,0.011533615119031285
7.883333333333334,0.043626232310688864,0.06555614773445043,-0.10716909114750396,0.06928203230275318,0.059816974268512346
7.886111111111111,0.046373782974738875,0.017318912551040972,-0.1080002572438794,0.07517540966287839,0.003769977157303113
7.888888888888889,0.049217504954700966,-0.04064242772579518,-0.1088278406752277,0.02736161146604711,-0.008393703471315562
7.891666666666667,0.052173733695625925,-0.04267486863984422,-0.10965181398833443,-0.03999999999999474,0.05480321165285902
7.894444444444445,0.05525021942150605,-0.10498675242628625,-0.11047214984974277,-0.07878462024097967,0.02901979824293017
7.897222222222222,0.05845072640110741,-0.07753098037902309,-0.11128882104665959,-0.06128355544951531,0.0365906697160444
7.9,0.06177718035998112,-0.08355395374078142,-0.11210180048786078,2.8071586111697778e-14,-0.03322933361292984
7.902777777777778,0.06523059111744127,-0.038660053707538805,-0.11291106120458438,0.061283555449528015,-0.052263139069923706
7.905555555555556,0.06881141406809892,0.005493350795007804,-0.11371657635143227,0.07878462024097624,-0.02838610716263508
7.908333333333333,0.07251967446687907,-0.03303971402439636,-0.11451831920725514,0.04000000000000913,-0.031041069284029433
7.911111111111111,0.07635499900145132,-0.027012912208010026,-0.11531626317604138,-0.027361611466065684,0.03930996343264572
7.913888888888889,0.08031661401511118,-0.06216997492085792,-0.116110381787799,-0.0751754096628727,0.04879920251470259
7.916666666666667,0.08440333301004056,-0.10953586246875625,-0.11690064869943351,-0.0692820323027433,-0.0077565144766200194
7.919444444444444,0.0886135415109803,0.028580600543232623,-0.11768703769562144,-0.01389185421334386,0.07154595094121761
7.9222222222222225,0.09294518204761731,0.09432213782111341,-0.1184695226896819,0.05142300877492151,0.0684234696882565
7.925,0.09739574020793539,0.07031760830352339,-0.11924807772443896,0.08,0.012169945820026963
7.927777777777778,0.10196223214328422,-0.0077320246320359,-0.12002267697308475,0.05142300877491664,-0.04109458857715201
7.930555555555555,0.1066411937350551,0.05072487725344632,-0.12079329474003567,-0.01389185421335012,0.07876883247177702
7.933333333333334,0.11142867158246149,-0.08246413373350837,-0.12155990546178479,-0.06928203230276467,-0.0030508675514204116
7.936111111111111,0.1163202159533014,-0.07486941759576983,-0.12232248370774945,-0.07517540966287052,0.00630825982154873
7.938888888888889,0.12131087582982422,-0.04611199109768052,-0.12308100418111662,-0.02736161146605971,-0.016980251280328432
7.941666666666666,0.12639519617276151,-0.00192976186179461,-0.12383544171967939,0.03999999999998313,-0.04448951631485988
7.944444444444445,0.131567217516897,0.012334094945436344,-0.12458577129667342,0.07878462024097735,-0.0734319715157646
7.947222222222222,0.1368204780004734,0.10441548160625497,-0.12533196802160676,0.06128355544952393,0.031643416177864404
7.95,0.14214801791861734,-0.02309604191731382,-0.12607400714108546,-1.4664396807442e-14,-0.03917005269483102
7.9527777777777775,0.14754238687743415,0.11242352883812151,-0.1268118640396344,-0.0612835554495194,0.15297656144984118
7.955555555555556,0.15299565361095838,-0.10763816000115964,-0.1275455142405155,-0.07878462024097857,-0.05430367913062395
7.958333333333333,0.15849941850740631,-0.07264463864821996,-0.12827493340653703,-0.04000000000002074,-0.0628691237490685
7.961111111111111,0.16404482887468202,0.08791327878054436,-0.12900009734086282,0.027361611466053086,0.02550693578067206
7.963888888888889,0.16962259695751492,0.19154269858093353,-0.1297209819878143,0.07517540966286812,0.07646567394836477
7.966666666666667,0.17522302070051182,0.11729697241675424,-0.13043756343366866,0.06928203230275,0.0032294828471610827
7.969444444444444,0.18083600723247834,0.09219016454774737,-0.13114981790745175,0.013891854213357065,0.02861212100936372
7.972222222222222,0.18645109902819745,-0.08900700240140569,-0.13185772178172858,-0.051423008774939105,-0.09217737087293548
7.975,0.19205750268413632,-0.05437932617383448,-0.13256125157338247,-0.08,-0.033875577284588336
7.977777777777778,0.1976441202249167,-0.04072005895128869,-0.13326038394440015,-0.05142300877492691,-0.05368078645687835
7.980555555555555,0.20319958283752387,-0.01161595114917438,-0.1339550957026411,0.013891854213336916,-0.09475229249739406
7.983333333333333,0.20871228691078386,0.14919796711212713,-0.13464536380260905,0.06928203230275796,0.005849011701194348
7.986111111111111,0.21417043223832488,0.04187329547446211,-0.1353311653462162,0.07517540966287511,-0.11214138108052168
7.988888888888889,0.21956206222468405,0.04480139780280712,-0.1360124775835426,0.027361611466038122,-0.06610979830437244
7.991666666666666,0.2248751059161582,0.021326138301893893,-0.1366892779135904,-0.04000000000000302,-0.026859689700670902
7.9944444444444445,0.23009742166104535,-0.0276130342625191,-0.1373615438850356,-0.07878462024097502,-0.04156429179755382
7.997222222222222,0.23521684218781047,0.05572445865166145,-0.13802925319696985,-0.061283555449532554,0.019820425110353385
8.0,0.2402212208750415,0.11680784677052454,-0.1386923836996422,1.257207503186222e-15,0.015279009595124
8.002777777777778,0.24509847897356662,0.2117210583246802,-0.13935091339519345,0.06128355544953417,0.04468993729677284
8.005555555555556,0.24983665352933826,0.22623563996756113,-0.14000482043838564,0.07878462024097459,0.037619186635633906
8.008333333333333,0.25442394574543264,0.2108105020761759,-0.1406540831373266,0.04000000000000085,0.057040639468069046
8.011111111111111,0.25884876951317837,0.09009255809249414,-0.14129867995419101,-0.027361611466040485,-9.592000045270785e-05
8.01388888888889,0.26309979983587,0.06115914570789513,-0.14193858950593238,-0.07517540966287597,0.015173345040833487
8.016666666666667,0.2671660208641398,0.0808858830923663,-0.14257379056499458,-0.06928203230273851,0.025575685095959567
8.019444444444444,0.27103677325954567,0.12102349185571323,-0.14320426206001344,-0.013891854213370268,0.007082834869551286
8.022222222222222,0.27470180060273547,0.16243511080529083,-0.14382998307651979,0.051423008774928836,-0.019859715495853695
8.025,0.2781512945643703,0.19707823498975247,-0.14445093285762936,0.08,-0.01662212671698851
8.027777777777779,0.2813759385611649,0.14685393661484275,-0.14506709080473318,0.05142300877490931,-0.04087791991649828
8.030555555555555,0.28436694962558673,0.14587750042953845,-0.14567843647818024,-0.01389185421335954,0.021080841495491484
8.033333333333333,0.28711611822625915,0.06684837762129314,-0.146284949597957,-0.06928203230275125,-0.004700758704257777
8.036111111111111,0.2896158457866144,0.03439513854755116,-0.14688661004435774,-0.07517540966286726,-0.033158687531838246
8.03888888888889,0.29185917966202246,0.08390192937108826,-0.14748339785865383,-0.027361611466050723,-0.03311224096622963
8.041666666666666,0.2938398453501339,0.12524461571723122,-0.14807529324375465,0.03999999999999141,-0.06051993638913943
8.044444444444444,0.2955522757256696,0.2746166864636422,-0.14866227656486644,0.078784620240979,0.04894206706185999
8.047222222222222,0.29699163710903104,0.2129617476849983,-0.1492443283501399,0.06128355544951778,0.003930883476589378
8.05,0.29815385199793243,0.10519242172792487,-0.1498214292913198,-2.4229806269847576e-14,-0.04314000097866351
8.052777777777777,0.29903561831242836,0.1277858900986439,-0.15039356024438322,-0.061283555449502154,0.04042738748010091
8.055555555555555,0.29963442502622534,0.04186666206535333,-0.15096070223017646,-0.0787846202409769,-0.02802244048971865
8.058333333333334,0.2999485640807089,0.03810069629507379,-0.15152283643504252,-0.039999999999980954,-0.07032503135061163
8.061111111111112,0.29997713850258295,0.22631992021815506,-0.15207994421144663,0.027361611466062072,0.05106111446095665
8.063888888888888,0.2997200666711185,0.19540861977709018,-0.15263200707859403,0.07517540966287138,-0.026854849478305656
8.066666666666666,0.2991780827066022,0.1948361537758816,-0.15317900672304452,0.0692820323027634,-0.020444954510439477
8.069444444444445,0.2983527329773995,0.16058266320888814,-0.1537209249993179,0.013891854213347644,0.002059001017458874
8.072222222222223,0.2972463687488885,0.14869507718295066,-0.15425774393049715,-0.05142300877494643,0.05712946113950575
8.075,0.2958621350231755,0.062074553857666415,-0.15478944570882464,-0.08,0.001001864543315585
8.077777777777778,0.294203955643724,0.027509077865250198,-0.15531601269629267,-0.05142300877491958,-0.05995585630726152
8.080555555555556,0.2922765147636439,0.17752479175737051,-0.15583742742522871,0.013891854213346336,0.02719385020560901
8.083333333333334,0.2900852348001154,0.1787641082909172,-0.1563536725988747,0.06928203230276274,-0.024249486213086202
8.08611111111111,0.2876362510201641,0.30034312816756104,-0.1568647310919607,0.07517540966288429,0.09439619857647331
8.088888888888889,0.28493638292446677,0.1548714223393615,-0.1573705859512741,0.02736161146606332,-5.598609989450852e-05
8.091666666666667,0.28199310261598093,-0.027629892675183843,-0.15787122039622017,-0.040000000000011304,-0.11175177489493332
8.094444444444445,0.2788145003586543,0.0595315109060813,-0.15836661781938,-0.07878462024097668,0.017868248607783698
8.097222222222221,0.2754092475483271,0.15249881992475142,-0.15885676178706068,-0.0612835554495264,0.09722988961301143
8.1,0.271786557332854,0.19124093572025608,-0.15934163603984186,-2.5557171105325333e-14,0.07879601442726948
8.102777777777778,0.2679561431315445,0.26096618852577624,-0.15982122449311342,0.06128355544951693,0.09154771443782828
8.105555555555556,0.263928175314915,0.1314292750492056,-0.16029551123760916,0.07878462024097292,-0.05098800926907318
8.108333333333333,0.25971323631469106,0.18455637557361837,-0.16076448053993572,0.04000000000002407,0.04560761979883894
8.11111111111111,0.2553222744406422,0.030632819144662732,-0.1612281168430944,-0.027361611466049474,-0.036099726986835584
8.113888888888889,0.25076655668542785,0.025119212226398846,-0.16168640476699597,-0.07517540966287925,0.011214469970846226
8.116666666666667,0.24605762080086863,-0.04901136204784179,-0.16213932910897186,-0.06928203230275191,-0.06364762143698663
8.119444444444444,0.24120722692930882,0.032505709627534296,-0.16258687484427786,-0.013891854213360847,-0.03222278824413582
8.122222222222222,0.23622730907167153,0.09080895585180512,-0.16302902712659392,0.05142300877490829,-0.03381233486818077
8.125,0.23112992666981366,0.19259191938842982,-0.16346577128851467,0.08,0.04492776400713081
8.127777777777778,0.22592721657458614,0.15348908859093363,-0.16389709284203727,0.05142300877490198,0.040035956083482774
8.130555555555556,0.22063134566309253,0.05625750043722266,-0.16432297747904193,-0.01389185421336896,0.01384098646654104
8.133333333333333,0.215254464358744,-0.08629204991854661,-0.16474341107176532,-0.06928203230275604,-0.06752107090276928
8.136111111111111,0.20980866129616896,-0.0461070997374651,-0.16515837967327165,-0.07517540966287643,-0.015581971697486
8.13888888888889,0.2043059193600113,-0.025929385771079727,-0.165567869517913,-0.027361611466041734,-0.037305824147136304
8.141666666666667,0.19875807331201825,0.11626999412498701,-0.165971867021787,0.040000000000031205,0.043483787834724556
8.144444444444444,0.1931767692051725,0.16450027330381894,-0.16637035878318712,0.07878462024097435,0.05890924264085923
8.147222222222222,0.1875734257666618,0.13491292893466944,-0.16676333158304815,0.06128355544951163,0.052819279301544154
8.15,0.18195919791379028,-0.022952545442441408,-0.16715077238538323,2.5845723386639813e-15,-0.03776097097085103
8.152777777777779,0.17634494254827018,-0.18944793735345275,-0.1675326683377173,-0.061283555449531686,-0.13697665611447396
8.155555555555555,0.1707411867553524,-0.16430053516364487,-0.16790900677151296,-0.07878462024098157,-0.08834809490650272
8.158333333333333,0.1651580985146529,0.027959672216167464,-0.16827977520259169,-0.04000000000000418,0.07108134890411043
8.161111111111111,0.15960546000991074,-0.0017406368215560908,-0.1686449613315467,0.02736161146607106,-0.020062746965991196
8.16388888888889,0.15409264360501831,0.02272726931048627,-0.1690045530441511,0.07517540966287467,-0.03753623091325563
8.166666666666666,0.14862859053415295,0.13068509909696263,-0.16935853841176066,0.06928203230275863,0.08213301467181171
8.169444444444444,0.14322179233437807,0.050664738130459144,-0.16970690569170932,0.013891854213374051,0.06325799727441635
8.172222222222222,0.13788027503026196,-0.08236994097637243,-0.1700496433276978,-0.051423008774925894,0.0012224360959893325
8.175,0.13261158606159668,-0.13244530844177982,-0.1703867399501778,-0.08,-0.014670154553198695
8.177777777777777,0.12742278392780387,-0.10132346986452129,-0.17071818437672875,-0.051423008774940125,-0.006605060640656262
8.180555555555555,0.12232043050573263,-0.023473540973967782,-0.1710439656124295,0.013891854213355757,0.011358139919373303
8.183333333333334,0.11731058598181354,0.09523090950033963,-0.17136407285022184,0.06928203230276753,0.08000236406598041
8.186111111111112,0.11239880632462468,0.03701909172808464,-0.17167849547126995,0.07517540966286858,0.021123371211861336
8.188888888888888,0.10759014321038259,-0.0007340167169180845,-0.17198722304531208,0.02736161146605433,0.03630145165195707
8.191666666666666,0.10288914630132147,-0.05093759357616569,-0.17229024533100762,-0.03999999999998809,0.05846350545350857
8.194444444444445,0.09829986776580439,-0.2115561048026698,-0.1725875522762749,-0.07878462024097833,-0.05848380005122095
8.197222222222223,0.09382586891899286,-0.1025937259254284,-0.17287913401862653,-0.06128355544949687,0.03774309462370215
8.2,0.0894702288544283,-0.09842318976416374,-0.17316498088549548,-1.5991761642919762e-14,-0.014728437733080569
8.202777777777778,0.08523555492955322,-0.1527307328041188,-0.17344508339455678,0.061283555449523075,-0.1258047597886383
8.205555555555556,0.08112399496237795,-0.1202192941499761,-0.17371943225404102,0.07878462024097757,-0.1064084770992906
8.208333333333334,0.0771372509918299,-0.10775664794716351,-0.1739880183630434,0.03999999999998428,-0.05090588057593429
8.21111111111111,0.07327659445115785,-0.10177468839706254,-0.17425083281182518,-0.027361611466024276,0.02656116142962907
8.213888888888889,0.06954288260170063,-0.17445041567626451,-0.17450786688210987,-0.07517540966287008,0.005689978267014822
8.216666666666667,0.06593657607364063,-0.1688862329176949,-0.17475911204737157,-0.06928203230274713,0.0092183353587832
8.219444444444445,0.06245775736069,-0.028891482691445376,-0.17500455997311856,-0.013891854213351427,0.09754717413433461
8.222222222222221,0.059106150117277295,-0.12816952436796658,-0.17524420251716888,0.05142300877491562,-0.06345448074299062
8.225,0.05588113910931133,-0.040968560329796726,-0.17547803172992188,0.08,-0.0013716677091861799
8.227777777777778,0.05278179067320681,-0.05627946426580036,-0.1757060398546205,0.05142300877492253,0.01522177614069078
8.230555555555556,0.049806873542215226,-0.1768268558256892,-0.17592821932760924,-0.013891854213378381,-0.03681365582691678
8.233333333333333,0.046954879904422764,-0.1970553779227578,-0.17614456277858498,-0.06928203230274263,0.0014163372541470482
8.23611111111111,0.044224046562678636,-0.2873038928352535,-0.1763550630308417,-0.07517540966287316,-0.07999746670421726
8.238888888888889,0.04161237607335957,-0.09181363763046405,-0.1765597131015081,-0.027361611466066933,0.0704953108637514
8.241666666666667,0.03911765774793791,-0.13172157608035523,-0.17675850620177944,0.04000000000000799,-0.034080727626521694
8.244444444444444,0.036737488408964736,0.04014068115172317,-0.17695143573714273,0.07878462024097602,0.10157000823892515
8.247222222222222,0.034469292799967695,-0.0830093632539721,-0.1771384953075959,0.06128355544952886,-0.0016237161958727526
8.25,0.03231034355701876,-0.09360665688088846,-0.1773196787078594,-6.980837123741593e-15,0.05140267826995916
8.252777777777778,0.030257780658074416,-0.21118589816858,-0.17749497992758223,-0.06128355544951446,-0.002665143449557719
8.255555555555556,0.028308630274749603,-0.2296775747307923,-0.17766439315154184,-0.07878462024097359,-0.001537191613026491
8.258333333333333,0.026459822959697923,-0.22056955646123474,-0.17782791275983637,-0.039999999999995886,-0.029201466661100392
8.261111111111111,0.02470821111126681,-0.11995951428244508,-0.17798553332807165,0.027361611466045863,0.005956196468313881
8.26388888888889,0.02305058566550925,-0.06401131957845113,-0.17813724962754068,0.07517540966287793,0.015899934720702374
8.266666666666667,0.02148369197380556,-0.12673025779461505,-0.17828305662539728,0.06928203230273565,-0.039212925445758995
8.269444444444444,0.02000424483237747,-0.15077907123207504,-0.17842294948482296,0.01389185421336463,-0.006252220792994211
8.272222222222222,0.018608942637650592,-0.24187593300532598,-0.17855692356518765,-0.05142300877493322,-0.030504943302855688
8.275,0.017294480648830216,-0.12640729029263115,-0.1786849744222033,-0.08,0.11498320348074194
8.277777777777779,0.016057563346036724,-0.21865908173252058,-0.17880709780807144,-0.051423008774904924,-0.004486538495580927
8.280555555555555,0.014894915878999992,-0.0728749119944666,-0.1789232896716239,0.01389185421332935,0.07726160758482797
8.283333333333333,0.013803294607481477,-0.10572933578860669,-0.17903354615845785,0.0692820323027541,-0.009781116540384417
8.286111111111111,0.012779496740363182,-0.07821857513108893,-0.17913786361106282,0.0751754096628653,0.012964382076745398
8.28888888888889,0.011820369085603306,-0.20612246159955733,-0.1792362385689425,0.027361611466045346,-0.06606820358226347
8.291666666666666,0.010922815928100167,-0.23075948143401886,-0.1793286677687294,-0.03999999999999637,-0.022353629593393234
8.294444444444444,0.010083806056825219,-0.2375892287889796,-0.17941514814429343,-0.07878462024097369,0.01052673353946234
8.297222222222222,0.009300378966463688,-0.15217866176190004,-0.17949567682684295,-0.0612835554495141,0.07930019154799334
8.3,0.008569650262168728,-0.15990146199900834,-0.17957025114502057,2.9953435890402943e-14,0.011099138883813559
8.302777777777777,0.00788881629897846,-0.041280478816857036,-0.1796388686249913,0.061283555449505846,0.06918601805964995
8.305555555555555,0.007255158089899286,-0.06162529314950386,-0.17970152699052508,0.07878462024097592,0.032036455510146014
8.308333333333334,0.006666044518704493,-0.05172211267112563,-0.1797582241630719,0.040000000000007495,0.08137006697323429
8.311111111111112,0.006118934895093831,-0.20400374569805724,-0.17980895826183085,-0.02736161146606745,-0.0029521108652527713
8.313888888888888,0.0056113808910905885,-0.1299066208430051,-0.17985372760381257,-0.07517540966287335,0.11951113553259021
8.316666666666666,0.005141027898381448,-0.26830334525398036,-0.1798925307038951,-0.06928203230276055,-0.02426981014570615
8.319444444444445,0.0047056158468063115,-0.22743469635129232,-0.17992536627487316,-0.013891854213342008,-0.038323091709883454
8.322222222222223,0.00430297952436457,-0.18472888741266483,-0.17995223322750062,0.051423008774922944,-0.06050264248445171
8.325,0.003931048438994769,0.020509151346371372,-0.17997313067052692,0.08,0.11655123357790352
8.327777777777778,0.0035878462619949305,-0.08400482424292154,-0.17998805791072656,0.0514230087749152,0.04097237863089488
8.330555555555556,0.0032714898923470173,-0.20732341544294233,-0.17999701445292193,-0.013891854213351974,-0.016706036669015423
8.333333333333334,0.002980188180395366,-0.18385070927869548,-0.18,-0.06928203230276561,0.062451134843674753
8.33611111111111,0.0027122403483715793,-0.21807557451154358,-0.17999701445292193,-0.07517540966288233,0.0343846092558891
8.338888888888889,0.002466034144163578,-0.1065772616638414,-0.17998805791072656,-0.027361611466057943,0.09830637356877953
8.341666666666667,0.002240043763557879,-0.21512472854394835,-0.17997313067052692,0.040000000000016266,-0.07739164163699558
8.344444444444445,0.00203282757496047,-0.11240279082727518,-0.1799522332275006,0.07878462024097767,-0.013268005415712728
8.347222222222221,0.0018430256793891386,-0.13992485434310256,-0.17992536627487313,0.06128355544952272,-0.023126069197141275
8.35,0.001669357337352376,-0.276907307186953,-0.1798925307038951,1.983354148476996e-14,-0.09868413382043008
8.352777777777778,0.0015106182931556883,-0.18661030452119276,-0.17985372760381255,-0.061283555449520605,0.053016360238984706
8.355555555555556,0.0013656780262426749,-0.270747728266728,-0.1798089582618308,-0.07878462024097192,-0.013519827790167922
8.358333333333333,0.0012334769584611866,-0.1815431869553017,-0.17975822416307188,-0.04000000000001912,0.03698156024932811
8.36111111111111,0.001113023645691572,-0.03323829516229809,-0.1797015269905251,0.027361611466054852,0.1179885967164806
8.363888888888889,0.0010033919821674014,-0.12112225157133555,-0.1796388686249913,0.07517540966286876,-0.017662184591380414
8.366666666666667,0.0009037184461224907,-0.13044214952900668,-0.17957025114502048,0.06928203230274906,-0.02105764913285776
8.369444444444444,0.0008131994162045514,-0.15885741471104753,-0.17949567682684292,0.013891854213391038,0.0059332084861998015
8.372222222222222,0.0007310885894798422,-0.18074470068055573,-0.17941514814429338,-0.05142300877491268,0.049362367649170485
8.375,0.0006566945339145943,-0.28700762450032236,-0.1793286677687294,-0.08,-0.028335651265507494
8.377777777777778,0.0005893784110423147,-0.26161794878943206,-0.17923623856894239,-0.05142300877492547,-0.031548079856606535
8.380555555555556,0.0005285519082117745,-0.11185799397740803,-0.1791378636110627,0.013891854213374598,0.0528594635120683
8.383333333333333,0.00047367542443968566,-0.09034587223937564,-0.17903354615845782,0.06928203230274071,0.01893196619190178
8.386111111111111,0.00042425655954836985,-0.20556003659944208,-0.17892328967162388,0.07517540966287448,-0.10223641315024104
8.38888888888889,0.00037984896301518654,-0.2123352273524752,-0.17880709780807133,0.027361611466036356,-0.06126958997345541
8.391666666666667,0.000340051606834543,-0.14328312962401285,-0.17868497442220324,-0.04000000000000466,0.07506179319136053
8.394444444444444,0.00030450855570597315,-0.2369406210965164,-0.17855692356518763,-0.07878462024097535,0.020096414153940628
8.397222222222222,0.0002729093179697446,-0.27754339216822355,-0.1784229494848229,-0.06128355544950795,-0.03810979655186245
8.4,0.00024498987182161364,-0.18655854961532148,-0.17828305662539712,3.1390572818913893e-15,-0.008520482861749107
8.402777777777779,0.0002205344732773012,-0.11597132606464436,-0.17813724962754054,0.06128355544953538,0.0006618336400835102
8.405555555555555,0.0001993783648686539,-0.06221486670821418,-0.1779855333280716,0.07878462024098057,0.03678666801400819
8.408333333333333,0.0001814115167687275,-0.20555967098600783,-0.1778279127598363,0.03999999999999922,-0.06791316974293947
8.411111111111111,0.00016658354447612585,-0.2469068780066649,-0.17766439315154167,-0.02736161146607644,-0.04204745693352291
8.41388888888889,0.00015490995871097013,-0.23886769188857832,-0.1774949799275821,-0.07517540966287661,0.013647787743169444
8.416666666666666,0.0001464799130086347,-0.25144696012237894,-0.17731967870785934,-0.06928203230275576,-0.004991729024772517
8.419444444444444,0.00014146562170001118,-0.16229592476742885,-0.17713849530759593,-0.013891854213368414,0.028592959131835495
8.422222222222222,0.0001401336244321426,-0.18686366320576012,-0.17695143573714264,0.05142300877493027,-0.06147536986797989
8.425,0.0001428580718382174,-0.07875921431637498,-0.17675850620177924,0.08,0.017856433813566056
8.427777777777777,0.0001501361989884637,-0.07040738715871019,-0.176559713101508,0.05142300877493573,0.05457918096887361
8.430555555555555,0.00016260613729080845,-0.16574338374944803,-0.1763550630308416,-0.013891854213361393,0.02434092735746417
8.433333333333334,0.00018106718991861616,-0.23828994090333885,-0.1761445627785849,-0.06928203230275219,0.006955586988079594
8.436111111111112,0.00020650265893836707,-0.25569130645983584,-0.17592821932760902,-0.07517540966286662,-0.004794180128298544
8.438888888888888,0.00024010526243570653,-0.24457010369684296,-0.1757060398546204,-0.027361611466083142,-0.041742557638575095
8.441666666666666,0.00028330511555118903,-0.138794656236367,-0.1754780317299218,0.03999999999999304,-0.0035999296219894235
8.444444444444445,0.000337800169107649,-0.03313648946306152,-0.1752442025171688,0.07878462024097933,0.0629852926440203
8.447222222222223,0.00040558890244639937,-0.11926684095116162,-0.17500455997311834,0.06128355544951657,-0.005951425330006262
8.45,0.000489004952656211,-0.21876030656212564,-0.17475911204737163,1.0268132022364388e-14,-0.044490199467420506
8.452777777777778,0.0005907532306562559,-0.2598130235392262,-0.17450786688210979,-0.061283555449503375,-0.024612354438269316
8.455555555555556,0.0007139469264055775,-0.24227899126259958,-0.17425083281182507,-0.07878462024097659,0.010042514863796509
8.458333333333334,0.0008621446425847668,-0.23180157357948006,-0.17398801836304315,-0.03999999999997932,-0.018675699859042348
8.46111111111111,0.0010393867211720702,-0.12105326991368213,-0.1737194322540409,0.027361611466029653,0.024265164153157034
8.463888888888889,0.0012502296443106325,-0.07087725604992247,-0.17344508339455667,0.07517540966287203,0.02614218803745152
8.466666666666667,0.0014997772048309492,-0.057934012357687734,-0.17316498088549537,0.06928203230274427,0.044449159020232415
8.469444444444445,0.0017937069591212622,-0.08601559923290752,-0.17287913401862623,0.01389185421334579,0.07117797361325165
8.472222222222221,0.002138290303304017,-0.17207933452927274,-0.17258755227627479,-0.05142300877492001,0.04979293621861804
8.475,0.0025404043616345535,-0.29646179417677093,-0.17229024533100748,-0.08,-0.046711953207397995
8.477777777777778,0.003007533753399736,-0.26557942039564414,-0.17198722304531214,-0.05142300877491814,-0.04517672232881362
8.480555555555556,0.0035477602218557465,-0.1580274548590211,-0.17167849547126962,0.013891854213384016,-0.003788573822991221
8.483333333333333,0.004169738076767817,-0.12047107033267912,-0.1713640728502217,0.06928203230274549,-0.022558767861970724
8.48611111111111,0.004882653431823603,-0.1479022388657817,-0.17104396561242935,0.0751754096628712,-0.05691633634804714
8.488888888888889,0.0056961653199537,-0.1597449972993631,-0.17071818437672864,0.027361611466061555,-0.022084589708649714
8.491666666666667,0.006620326952791526,-0.22749205967835087,-0.1703867399501775,-0.04000000000001294,-0.02372564668095195
8.494444444444444,0.007665485662758721,-0.27476116489396996,-0.17004964332769767,-0.07878462024097069,-0.033592386988060295
8.497222222222222,0.008842160432982096,-0.23793777501600255,-0.16970690569170918,-0.06128355544952519,-0.01578947430775028
8.5,0.010160896383775098,-0.10027509951205615,-0.16935853841176052,1.2704466744296964e-14,0.058922542515916554
8.502777777777778,0.011632096143654458,-0.08612699938851619,-0.16900455304415074,0.061283555449518134,0.009961902062461963
8.505555555555556,0.013265828682462946,0.046995941394662684,-0.16864496133154633,0.07878462024097259,0.12359045380277348
8.508333333333333,0.015071616914437673,-0.10468274898714919,-0.16827977520259177,0.040000000000022434,0.008525409300982468
8.511111111111111,0.017058206175404465,-0.19271570075902217,-0.1679090067715128,-0.02736161146605124,-0.014503288696862588
8.51388888888889,0.019233316521274104,-0.2232681173465794,-0.1675326683377169,-0.07517540966287989,0.0002066441327433046
8.516666666666667,0.02160338266066598,-0.20200482310529086,-0.16715077238538284,-0.06928203230275097,0.012824598922177001
8.519444444444444,0.024173286194264034,-0.13471920174358978,-0.166763331583048,-0.013891854213358994,0.021762697858553184
8.522222222222222,0.026946085655582448,0.015834301940256427,-0.16637035878318696,0.05142300877490974,0.1038355662929512
8.525,0.02992275059735114,-0.09831513967331387,-0.1659718670217866,0.08,-0.04226602324887843
8.527777777777779,0.033101906608731545,-0.0380906512253937,-0.16556786951791258,0.051423008774900546,0.04295230290888678
8.530555555555555,0.03647959864456726,-0.13218310536133304,-0.1651583796732715,-0.013891854213334987,0.010387529880706193
8.533333333333333,0.040049080364337075,-0.27253125013871593,-0.16474341107176516,-0.06928203230275697,-0.07855488712853088
8.536111111111111,0.043800637283651946,-0.15716281075351476,-0.1643229774790415,-0.07517540966286335,0.03853493910473817
8.53888888888889,0.0477214514086742,-0.08015607485920734,-0.16389709284203682,-0.027361611466039965,0.06338117804019525
8.541666666666666,0.05179551463350889,-0.11452907684387575,-0.1634657712885145,0.040000000000001326,-0.042858820188871494
8.544444444444444,0.05600359752099684,-0.02868750275922074,-0.16302902712659373,0.07878462024097468,-0.0004466933945985347
8.547222222222222,0.060323279155975996,-0.12724775333917646,-0.16258687484427767,0.061283555449510425,-0.08626771310038518
8.55,0.06472904256563965,-0.16035060952758423,-0.1621393291089714,-3.567706551095832e-14,-0.06294032298421683
8.552777777777777,0.06919243876327658,-0.10137604257236613,-0.1616864047669958,-0.06128355544950952,0.052401478880862634
8.555555555555555,0.07368232082058021,-0.18965124156386068,-0.16122811684309424,-0.07878462024097492,-0.023320825300371727
8.558333333333334,0.07816514755120932,-0.1780394817356307,-0.16076448053993553,-0.04000000000000254,-0.055440148746901965
8.561111111111112,0.08260535444630339,-0.03885552710231101,-0.1602955112376087,0.027361611466072827,0.011473018222921485
8.563888888888888,0.0869657875008705,-0.02380064890093106,-0.15982122449311326,0.07517540966286286,-0.026120621571551164
8.566666666666666,0.09120819357526068,-0.022392493050600412,-0.15934163603984197,0.06928203230275769,-0.023541082888776807
8.569444444444445,0.09529375901852594,-0.012704847271453018,-0.15885676178706049,0.01389185421333637,0.036966301283745166
8.572222222222223,0.09918368651247514,-0.16869260802854905,-0.1583666178193795,-0.05142300877492734,-0.05808666794671733
8.575,0.10283979854634048,-0.18029968248397113,-0.15787122039621998,-0.08,-0.04526826063409162
8.577777777777778,0.1062251546677821,-0.09486444045098708,-0.1573705859512739,-0.05142300877493868,0.007703999607443432
8.580555555555556,0.10930466873351762,0.014802281392324992,-0.1568647310919605,0.013891854213357608,0.04847048953741027
8.583333333333334,0.11204571184917184,0.08688208662755859,-0.1563536725988742,0.06928203230276847,0.061908015074492485
8.58611111111111,0.11441868657627043,0.0005035827958411593,-0.1558374274252285,0.07517540966288037,-0.033253086018081156
8.588888888888889,0.11639755831352493,0.03531200542926742,-0.15531601269629247,0.027361611466052566,0.0468688483459824
8.591666666666667,0.11796033053162773,-0.11603622985070687,-0.15478944570882444,-0.03999999999998972,-0.03920711467352045
8.594444444444445,0.11908945174117982,-0.022642445084955803,-0.15425774393049696,-0.07878462024097867,0.09131046734534
8.597222222222221,0.11977214367038372,-0.1519208880494394,-0.15372092499931767,-0.061283555449519043,-0.056688551270986424
8.6,0.12000064207559878,0.0332455758921269,-0.15317900672304433,-1.4109911864214591e-14,0.06642394053958654
8.602777777777778,0.11977234384212902,-0.004400413127876729,-0.15263200707859384,0.06128355544952428,-0.032824305340936194
8.605555555555556,0.11908985648148687,0.14645685525074809,-0.15207994421144608,0.07878462024097725,0.10066232273973003
8.608333333333333,0.11796094871263026,0.03600414872022631,-0.15152283643504233,0.040000000000014156,0.02956603644262422
8.61111111111111,0.11639840344070364,-0.11272473672594392,-0.15096070223017624,-0.02736161146606023,-0.0508008264704111
8.613888888888889,0.11441977702810223,-0.13726111685627684,-0.150393560244383,-0.07517540966287072,-0.02611192397712534
8.616666666666667,0.11204707120152717,-0.06799733013135116,-0.14982142929131922,-0.0692820323027462,0.039059060261187085
8.619444444444444,0.10930632617303852,-0.0011976355097084862,-0.14924432835013968,-0.0138918542133854,0.05263222088077807
8.622222222222222,0.10622714549954834,0.005452098123376062,-0.14866227656486622,0.05142300877491707,-0.0035357795862231305
8.625,0.10284216480233777,0.03699978560675629,-0.1480752932437548,0.08,0.0022329140481733203
8.627777777777778,0.09918647766851463,0.041043740216985765,-0.14748339785865322,0.05142300877492108,0.03791765163220328
8.630555555555556,0.09529703282856024,-0.058891510078636175,-0.14688661004435716,-0.013891854213380232,0.006589921350540998
8.633333333333333,0.0912120170333022,-0.18903020783431687,-0.14628494959795674,-0.06928203230274357,-0.06467524296691879
8.636111111111111,0.08697023794212265,-0.1745323094309389,-0.14567843647818002,-0.07517540966287252,-0.04064870123200903
8.63888888888889,0.08261052080056046,-0.07806218431261984,-0.14506709080473257,-0.02736161146603098,0.011755997157583254
8.641666666666667,0.07817113176308035,0.0344943197303459,-0.14445093285762875,0.04000000000000961,0.06077412082488468
8.644444444444444,0.07368923945269557,0.08944299782525474,-0.14382998307651956,0.07878462024097634,0.0807991212081024
8.647222222222222,0.06920042480035143,0.02625618922843842,-0.1432042620600132,0.061283555449527655,0.03897647103857252
8.65,0.06473824743905818,-0.06347100507412642,-0.14257379056499395,-8.86268690244676e-15,0.014364538051818188
8.652777777777779,0.06033387501041832,-0.10544757564592905,-0.14193858950593216,-0.061283555449539055,0.037440694299123854
8.655555555555555,0.05601577974661543,-0.1974050629588977,-0.14129867995419076,-0.07878462024097957,-0.03333754251034279
8.658333333333333,0.05180950468926908,-0.13650612646096227,-0.14065408313732636,-0.039999999999994255,-0.007661548012910709
8.661111111111111,0.04773749996466024,-0.10611224507465096,-0.140004820438385,0.027361611466047632,-0.04120653606697383
8.66388888888889,0.04381902771240787,-0.08279360655529194,-0.1393509133951928,0.07517540966287857,-0.06243713053538558
8.666666666666666,0.04007013261370469,-0.012662768201374144,-0.13869238369964199,0.0692820323027529,0.016677450581810246
8.669444444444444,0.03650367352699418,-0.07835806012737545,-0.1380292531969696,0.013891854213362777,0.00927566532923718
8.672222222222222,0.03312941054460182,-0.12127251788991757,-0.13736154388503535,-0.051423008774934664,0.034382624225450645
8.675,0.029954140852539734,-0.15942954551642807,-0.13668927791359017,-0.08,0.02730559154462236
8.677777777777777,0.02698187611618501,-0.14832139667609556,-0.13601247758354232,-0.051423008774931354,0.012132213566193102
8.680555555555555,0.02421405372428469,-0.06939442412468652,-0.13533116534621595,0.01389185421336703,0.027830833283877716
8.683333333333334,0.021649774091309047,-0.045847712219918534,-0.1346453638026088,0.06928203230275505,-0.0021341548113738315
8.686111111111112,0.019286056323373418,-0.01884905995528229,-0.1339550957026404,0.07517540966286465,0.02064456976112003
8.688888888888888,0.017118104869436008,-0.12508788774320406,-0.13326038394439987,0.027361611466077764,-0.03630722013431798
8.691666666666666,0.015139580275376154,-0.13893637501604758,-0.13256125157338222,-0.039999999999998,0.018485296281956505
8.694444444444445,0.013342867798828607,-0.16387858995957913,-0.1318577217817279,-0.07878462024098033,0.033420884264300475
8.697222222222223,0.01171933838793517,-0.21419810637263934,-0.13114981790745148,-0.061283555449512896,-0.033484071403610156
8.7,0.010259597325838926,-0.11758636115819171,-0.1304375634336684,-4.544502401809017e-15,0.0025916049496423365
8.702777777777778,0.008953716583592558,-0.09066383543618237,-0.129720981987814,0.06128355544950705,-0.03118012548146798
8.705555555555556,0.0077914472386957385,-0.06874936468699697,-0.12900009734086254,0.07878462024097559,-0.02632533482580575
8.708333333333334,0.0067624068394065255,-0.13775899432226366,-0.12827493340653678,0.03999999999997437,-0.056246467755107735
8.71111111111111,0.005856228552516655,-0.08576215089570628,-0.1275455142405157,-0.02736161146603503,0.06328874625832778
8.713888888888889,0.0050626293385884645,-0.14364038562791726,-0.12681186403963413,-0.07517540966287399,0.05328425873600239
8.716666666666667,0.004371261982700697,-0.1641130847497768,-0.12607400714108474,-0.0692820323027596,0.026871692711366857
8.719444444444445,0.0037709632983881775,-0.036843061339367295,-0.125331968021606,-0.013891854213340153,0.0986097975971907
8.722222222222221,0.0032474106095461306,-0.07937763674065007,-0.12458577129667314,0.05142300877489652,-0.009462284828419584
8.725,0.00277698643156936,0.11052966546742199,-0.12383544171967911,0.08,0.15158812075553174
8.727777777777778,0.0023126788180324303,-0.08072178735633118,-0.12308100418111634,0.05142300877491375,-0.01137647076816102
8.730555555555556,0.0017556297304388436,-0.1216990406028633,-0.12232248370774915,-0.013891854213353828,0.012759667587800822
8.733333333333333,0.000905574132088593,-0.20982525932945467,-0.1215599054617845,-0.06928203230274835,-0.01988889569701041
8.73611111111111,-0.0006108505572599075,-0.1779632769571617,-0.12079329474003536,-0.07517540966288168,0.01861627800301525
8.738888888888889,-0.003418004000186292,-0.10902154604501468,-0.12002267697308444,-0.027361611466056174,0.04178074639431223
8.741666666666667,-0.008430406083513687,-0.09337430346058817,-0.11924807772443818,0.040000000000017896,-0.005695819652654197
8.744444444444444,-0.01677832988481629,0.032372760022354806,-0.11846952268968161,0.07878462024097167,0.08883599235588104
8.747222222222222,-0.029541528719849462,-0.07398754673427607,-0.11768703769562115,0.061283555449521514,0.011957464231673036
8.75,-0.04726823052030627,-0.15064460991424747,-0.11690064869943273,-1.8428096364852336e-14,0.013524269305509956
8.752777777777778,-0.06937853347806636,-0.2922223554410722,-0.1161103817877982,-0.06128355544952181,-0.045449884725685875
8.755555555555556,-0.09369085948496791,-0.2668667891744609,-0.1153162631760406,-0.0787846202409716,0.020924953727519225
8.758333333333333,-0.11636454980557588,-0.27758423005331645,-0.11451831920725482,-0.04000000000001748,-0.006701361040468281
8.761111111111111,-0.13242843399171736,-0.24919538534395705,-0.11371657635143197,0.027361611466056618,-0.030411986466864344
8.76388888888889,-0.13677642913285207,-0.21333580108197248,-0.11291106120458407,0.07517540966288185,-0.038823720407418195
8.766666666666667,-0.1252148735956551,-0.0344464727929327,-0.11210180048785996,0.06928203230274811,0.13358816898783427
8.769444444444444,-0.09506386258318339,-0.20563469192544157,-0.11128882104665977,0.013891854213353356,-0.013173862508951771
8.772222222222222,-0.04505987841607022,-0.2798043080797897,-0.11047214984974195,-0.05142300877491412,-0.0728492710390634
8.775,0.02523724166310419,-0.19932564531185804,-0.10965181398833361,-0.08,-0.03491107298662863
8.777777777777779,0.11595953190905939,-0.04686970951487432,-0.10882784067522687,-0.05142300877489616,-0.00257839197381068
8.780555555555555,0.22678060075837161,0.1600055493586574,-0.10800025724387909,0.013891854213340622,0.02733335163082425
8.783333333333333,0.3559012240096273,0.3457539912511492,-0.10716909114750364,0.06928203230275984,0.027739826086265674
8.786111111111111,0.49855105196950966,0.5012228192630475,-0.10633436995816226,0.07517540966287382,0.03383072758882627
8.78888888888889,0.6458203704350534,0.535442845203373,-0.10549612136584836,0.027361611466034587,-0.032243015331866486
8.791666666666666,0.784669461028069,0.657037110025602,-0.10465437317756954,-0.03999999999997478,0.017022022175077273
8.794444444444444,0.8995524529289979,0.6731557061660702,-0.10380915331642301,-0.07878462024097567,-0.04380297320552892
8.797222222222222,0.9754135784749652,0.7801873840540854,-0.10296048982067249,-0.06128355544950674,-0.030982149150700584
8.8,1.0011733198018906,0.8531794602340672,-0.10210841084281545,5.0209070605965574e-15,-0.045885448725012976
8.802777777777777,0.9725197813648021,0.8731309494357494,-0.10125294464865237,0.0612835554495132,-0.05941944272991348
8.805555555555555,0.8930124448277501,0.9246134198952869,-0.10039411961634387,0.07878462024098024,0.05321047444290044
8.808333333333334,0.7731218817055001,0.7480205025189676,-0.09953196423547453,0.039999999999997586,0.03443058504894438
8.811111111111112,0.6275979811250924,0.5504031310518154,-0.09866650710610524,-0.027361611466078208,0.0488332684989065
8.813888888888888,0.4721357805507722,0.3011282472512967,-0.09779777693782545,-0.07517540966286483,0.0019656533012148156
8.816666666666666,0.32044836859612547,0.1930809186878293,-0.09692580254879869,-0.06928203230275481,0.03884038494325733
8.819444444444445,0.18253786918682371,-0.015469068123444119,-0.09605061286480984,-0.013891854213330735,-0.08806447023212725
8.822222222222223,0.06437247292292916,0.06377762068182524,-0.0951722369183034,0.05142300877493172,0.043154375902267755
8.825,-0.031377648773263225,-0.03681236112043318,-0.09429070384742147,0.08,0.008855991500251511
8.827777777777778,-0.1041851770019274,-0.1148127311145698,-0.09340604289503497,0.051423008774934297,0.03135548000745828
8.830555555555556,-0.15468741953562473,-0.2420963922043337,-0.09251828340777639,-0.013891854213363246,0.01900116495243066
8.833333333333334,-0.1841958584719633,-0.39445810333664516,-0.0916274548350662,-0.06928203230277133,-0.04935275772684433
8.83611111111111,-0.19466141209082224,-0.43547239725138676,-0.09073358672813374,-0.07517540966287842,-0.07490198876955233
8.838888888888889,-0.18883311760174037,-0.3416341461159727,-0.08983670873903699,-0.02736161146604718,-0.03560270830914816
8.841666666666667,-0.17031013847377655,-0.19100112502981784,-0.08893685061968157,0.03999999999999467,0.028245864063645612
8.844444444444445,-0.1433132290890319,-0.11805808031011417,-0.0880340422208317,0.07878462024097967,0.034504570758769774
8.847222222222221,-0.11219241605343065,-0.20643428796410612,-0.08712831349112106,0.06128355544953874,-0.06839711386909314
8.85,-0.08083490049924265,-0.21610956334870196,-0.08621969447605696,8.386282243659221e-15,-0.04905496837341073
8.852777777777778,-0.05217878959481341,-0.2349323446584105,-0.08530821531702715,-0.06128355544952797,-0.03616178429704197
8.855555555555556,-0.027977208069642386,-0.20902098757425702,-0.08439390625029762,-0.07878462024097625,-0.017865253013340784
8.858333333333333,-0.008844769479969861,-0.20042410862862242,-0.08347679760601075,-0.0400000000000092,-0.06810254154263261
8.86111111111111,0.005483358950177899,-0.12081453769797365,-0.08255691980717633,0.027361611466031423,-0.07110258830700664
8.863888888888889,0.01579993894612,-0.031750719580053,-0.08163430336866798,0.07517540966287267,-0.0410917648203777
8.866666666666667,0.02309498948072468,0.01598073469851302,-0.08070897889620526,0.06928203230274332,0.0043126918112502835
8.869444444444444,0.028315935182792528,-0.09660290467684407,-0.07978097708534183,0.013891854213379764,-0.059029716987674535
8.872222222222222,0.032237669202699104,-0.10382584379125492,-0.07885032872044426,-0.051423008774921446,-0.005790175498588306
8.875,0.035424478394518295,-0.06956494547206521,-0.07791706467367428,-0.08,0.052927640807090774
8.877777777777778,0.0382497728642888,-0.15524343868526588,-0.07698121590396245,-0.0514230087749167,-0.0650889868706755
8.880555555555556,0.04094087378503057,-0.03153237337809217,-0.07604281345598164,0.01389185421338587,-0.010322287920526974
8.883333333333333,0.04362623231068796,0.08904421284185518,-0.07510188845911785,0.06928203230274643,0.05123783668753863
8.886111111111111,0.04637378297473887,0.026477300992983767,-0.07415847212643518,0.07517540966287055,-0.020913419518190465
8.88888888888889,0.04921750495470096,-0.025316963875803587,-0.07321259575364338,0.027361611466059782,-0.028683484542920946
8.891666666666667,0.0521737336956269,-0.001915766307123562,-0.07226429071805959,-0.040000000000014566,0.05817479071532369
8.894444444444444,0.05525021942150506,-0.11015809324561496,-0.07131358847756529,-0.07878462024097733,-0.015310103948577392
8.897222222222222,0.05845072640110741,-0.017968598357700698,-0.07036052056956255,-0.06128355544952398,0.0552247512602784
8.9,0.06177718035998112,0.013820331306424703,-0.06940511860993094,1.458631652300213e-14,0.02144826955635994
8.902777777777779,0.0652305911174424,0.040924499629516914,-0.06844741429197637,0.06128355544954273,-0.017142232645491837
8.905555555555555,0.06881141406809774,0.10409312145357202,-0.06748743938538082,0.07878462024097858,0.02398452652987652
8.908333333333333,0.07251967446687907,0.062016924424024046,-0.06652522573514622,0.0399999999999893,0.01602247569230189
8.911111111111111,0.07635499900145132,0.03447672332498052,-0.06556080526054149,-0.02736161146605301,0.051044141050123705
8.91388888888889,0.08031661401511249,-0.08687028249506039,-0.0645942099540414,-0.07517540966288054,-0.027417276893250925
8.916666666666666,0.08440333301003923,-0.04644386783391451,-0.0636254718802665,-0.06928203230276822,0.0020603033390809845
8.919444444444444,0.0886135415109803,0.008991280142474911,-0.06265462317491638,-0.01389185421335714,-0.0030757839802318704
8.922222222222222,0.09294518204761731,0.11789390186083593,-0.061681696043709676,0.05142300877493905,0.03520740708198924
8.925,0.0973957402079368,0.06543005772441832,-0.06070672276130971,0.08,-0.051258959722208786
8.927777777777777,0.10196223214328275,0.14450435765984504,-0.05972973567025747,0.05142300877492697,0.0508488524118928
8.930555555555555,0.1066411937350551,0.05731501095034339,-0.05875076717989569,-0.013891854213336838,0.02331643860852083
8.933333333333334,0.11142867158246149,-0.08146946416724112,-0.05776984976529739,-0.06928203230275791,-0.06584625368164732
8.936111111111112,0.11632021595330296,0.04477093159827915,-0.05678701596618612,-0.07517540966286271,0.06041314127402502
8.938888888888888,0.12131087582982258,0.14985162001777896,-0.055802298385857804,-0.02736161146607238,0.11170465403988657
8.941666666666666,0.12639519617276151,0.16167116496013814,-0.054815729690096716,0.04000000000000296,0.050091698477470394
8.944444444444445,0.131567217516897,0.22787373351309995,-0.05382734260609553,0.078784620240975,0.07134923836132347
8.947222222222223,0.13682047800047512,0.14953543260874708,-0.052837169921366646,0.06128355544950921,0.0042685690801294056
8.95,0.14214801791861564,0.007227527449030768,-0.0518452444826582,-1.1791272187463539e-15,-0.0830752459869255
8.952777777777778,0.14754238687743415,-0.0567987903253111,-0.050851599194858293,-0.06128355544951073,-0.09220602255837625
8.955555555555556,0.15299565361095838,0.03710886854346211,-0.04985626701990959,-0.07878462024097459,0.012754102193387924
8.958333333333334,0.15849941850740806,0.040041197145195315,-0.048859280975712835,-0.04000000000000092,-0.029598940386499004
8.96111111111111,0.16404482887468022,0.09781695228932027,-0.047860674135032776,0.02736161146604041,-0.04572881391636757
8.963888888888889,0.16962259695751492,0.19480019279755853,-0.04686047962439857,0.07517540966287595,-0.0031373341984337676
8.966666666666667,0.17522302070051182,0.22942558677332436,-0.045858730623008596,0.06928203230275674,0.03077926439306441
8.969444444444445,0.18083600723248017,0.07723452374607997,-0.044855460361627346,0.013891854213334515,-0.07263787733810737
8.972222222222221,0.18645109902819565,0.0687335071177912,-0.04385070212148429,-0.051423008774900913,-0.022443881014019243
8.975,0.19205750268413632,0.14470654760698531,-0.042844489233166784,-0.08,0.07549353415601577
8.977777777777778,0.1976441202249167,0.050619837363418047,-0.041836855075520554,-0.05142300877490937,-0.05376441901106874
8.980555555555556,0.20319958283752562,0.21975166333459667,-0.040827833074536246,0.013891854213359462,0.043488059358247816
8.983333333333333,0.20871228691078209,0.21394032443383926,-0.03981745670224436,0.06928203230275122,-0.024236538077449698
8.98611111111111,0.21417043223832488,0.27782977041810053,-0.03880575947560169,0.07517540966287972,0.027289687992497636
8.988888888888889,0.21956206222468405,0.2639972740954949,-0.03779277495538332,0.027361611466050793,0.05486637536014336
8.991666666666667,0.2248751059161599,0.1851606575203214,-0.03677853674506672,-0.04000000000002285,0.03706408834925108
8.994444444444444,0.23009742166104372,0.1610077030410465,-0.03576307848971837,-0.07878462024097267,0.045457980110693824
8.997222222222222,0.23521684218781047,0.08160717619301974,-0.03474643387487508,-0.061283555449517836,-0.05757967667039781
9.0,0.2402212208750415,0.2621755695866638,-0.033728636625430373,-1.2228062085509424e-14,0.05568298533706494
9.002777777777778,0.24509847897356662,0.23103765818683794,-0.03270972050451318,0.0612835554495255,-0.042634655731740995
9.005555555555556,0.24983665352933826,0.30990864273651797,-0.03168971931236783,0.0787846202409706,0.012977088278576921
9.008333333333333,0.25442394574543264,0.27666758821007054,-0.030668666885235996,0.040000000000012526,0.012912309349861345
9.011111111111111,0.25884876951317837,0.22609668889636753,-0.029646597094227893,-0.027361611466062,0.024256127943479047
9.01388888888889,0.26309979983587,0.17614868013180313,-0.028623543844205023,-0.07517540966287137,0.016847833803009526
9.016666666666667,0.2671660208641398,0.1280939485625061,-0.02759954107265229,-0.06928203230274525,-0.042190498926236164
9.019444444444444,0.27103677325954567,0.16307692568282284,-0.02657462274855346,-0.013891854213383547,-0.06749337061478582
9.022222222222222,0.27470180060273547,0.3441934205044806,-0.025548822871261808,0.051423008774918504,0.04361743399808843
9.025,0.2781512945643703,0.3429208479709401,-0.02452217546937603,0.08,0.009291728875945779
9.027777777777779,0.2813759385611649,0.3667730747843665,-0.02349471459960891,0.05142300877491964,0.05746884204789089
9.030555555555555,0.28436694962558673,0.24577197435718823,-0.02246647434565885,-0.01389185421334626,-0.002236646709393399
9.033333333333333,0.28711611822625915,0.12613837907257244,-0.02143748881707599,-0.0692820323027627,-0.07025821803384802
9.036111111111111,0.2896158457866144,0.24233912802581076,-0.020407792148137115,-0.07517540966287187,0.04830648405020531
9.03888888888889,0.29185917966202246,0.22660161921623095,-0.019377418496706933,-0.027361611466029206,-0.01851853048305535
9.041666666666666,0.2938398453501339,0.33259361617805594,-0.018346402043108796,0.03999999999997974,0.017100172871051058
9.044444444444444,0.2955522757256696,0.3246491475536826,-0.01731477698898766,0.07878462024097665,-0.03237297142397596
9.047222222222222,0.29699163710903104,0.42420770051403933,-0.016282577556179335,0.06128355544950306,0.08221508551168454
9.05,0.29815385199793243,0.23907577280318912,-0.015249837985572723,-1.0744536681151928e-14,-0.043828241209159846
9.052777777777777,0.29903561831242836,0.20666398262162755,-0.014216592535975207,-0.06128355544951687,-0.016871487705308733
9.055555555555555,0.29963442502622534,0.21303936443713825,-0.013182875482973653,-0.07878462024097925,0.005372435134865819
9.058333333333334,0.2999485640807089,0.19319072660856715,-0.01214872111780123,-0.03999999999999263,-0.05460911635434791
9.061111111111112,0.29997713850258295,0.332750562651849,-0.0111141637461973,0.027361611466083586,0.01652597642937976
9.063888888888888,0.2997200666711185,0.44541176252008974,-0.010079237687270063,0.07517540966286677,0.08059552387337451
9.066666666666666,0.2991780827066022,0.3348930297023105,-0.00904397727235809,0.06928203230275196,-0.024523108034685524
9.069444444444445,0.2983527329773995,0.32399331129845527,-0.008008416843891456,0.013891854213360923,0.019757140951586274
9.072222222222223,0.2972463687488885,0.1013789999177721,-0.0069725907542525075,-0.0514230087749361,-0.13747176930192778
9.075,0.2958621350231755,0.2079791416342965,-0.0059365333646369456,-0.08,-0.001946460024242033
9.077777777777778,0.294203955643724,0.2222285535285724,-0.004900279043911404,-0.05142300877492991,-0.01565211429631027
9.080555555555556,0.2922765147636439,0.2613796266890164,-0.003863862167477182,0.013891854213368884,-0.04092488012051925
9.083333333333334,0.2900852348001154,0.41061247346817065,-0.002827317116127358,0.069282032302756,0.054072523481426604
9.08611111111111,0.2876362510201641,0.34470879832694157,-0.0017906782749075652,0.07517540966287646,-0.016312184081191408
9.088888888888889,0.28493638292446677,0.3026701400038906,-0.0007539800319727838,0.02736161146607599,-0.008873874354679373
9.091666666666667,0.28199310261598093,0.22341620209907795,0.00028274322255020766,-0.03999999999999963,-0.01885964373945356
9.094444444444445,0.2788145003586543,0.10550854362712347,0.0013194570977036494,-0.07878462024098065,-0.09584079358825383
9.097222222222221,0.2754092475483271,0.15988249729778614,0.0023561272028421996,-0.061283555449535065,-0.056599322003848054
9.1,0.271786557332854,0.32323395078763595,0.0033927191487737674,-2.6626526231038493e-15,0.04805467430601082
9.102777777777778,0.2679561431315445,0.2281713647859746,0.004429198548897098,0.061283555449531645,-0.1054975323439986
9.105555555555556,0.263928175314915,0.30986255909545,0.005465531020345032,0.07878462024097525,-0.03831576748078528
9.108333333333333,0.25971323631469106,0.28622891568533093,0.006501682185123795,0.04000000000000425,-0.01998600281448819
9.11111111111111,0.2553222744406422,0.32267937401043967,0.007537617671255971,-0.027361611466036804,0.08718109336457827
9.113888888888889,0.25076655668542785,0.22259463841128854,0.00857330311391688,-0.07517540966287464,0.03843018827481845
9.116666666666667,0.24605762080086863,0.15852576630205029,0.009608704156577112,-0.06928203230274046,-0.02785852635265498
9.119444444444444,0.24120722692930882,0.3031848440238532,0.010643786452140943,-0.013891854213374126,0.06522568485577755
9.122222222222222,0.23622730907167153,0.2623030424856303,0.01167851566408892,0.05142300877492583,-0.03702579102505598
9.125,0.23112992666981366,0.3742977743241245,0.012712857467610516,0.08,0.05045499018670028
9.127777777777778,0.22592721657458614,0.22315314060409683,0.013746777550749151,0.051423008774912314,-0.06794386229615078
9.130555555555556,0.22063134566309253,0.2751826246546961,0.014780241615537239,-0.013891854213391506,0.05366289158945786
9.133333333333333,0.215254464358744,0.14147896516157937,0.01581321537913393,-0.06928203230274929,-0.020306682273549283
9.136111111111111,0.20980866129616896,0.1000537041612018,0.01684566457496493,-0.0751754096628686,-0.05142521204706349
9.13888888888889,0.2043059193600113,0.18396468219399656,0.01787755495385537,-0.027361611466054404,-0.010857180653815704
9.141666666666667,0.19875807331201825,0.27153413458321707,0.018908852285168535,0.04000000000001952,0.013867208986010744
9.144444444444444,0.1931767692051725,0.26716349027779895,0.019939522357940064,0.078784620240972,-0.024737421526285608
9.147222222222222,0.1875734257666618,0.2975241874979637,0.020969530982015414,0.061283555449520306,0.02769767529976619
9.15,0.18195919791379028,0.17480834771974743,0.021998843989180825,-2.0309946143557502e-14,-0.029149694183203373
9.152777777777779,0.17634494254827018,0.16910743402961184,0.023027427234296793,-0.061283555449523026,0.031018619696567898
9.155555555555555,0.1707411867553524,0.13812291621263809,0.024055246596433297,-0.0787846202409776,0.02211110310182998
9.158333333333333,0.1651580985146529,0.147194213759242,0.025082267980001682,-0.040000000000015856,-0.0030461527353967516
9.161111111111111,0.15960546000991074,0.19100641317355416,0.026108457315882527,0.02736161146605839,-0.022069115618297493
9.16388888888889,0.15409264360501831,0.26397887361872246,0.027133780562558343,0.07517540966288248,0.007577039788263309
9.166666666666666,0.14862859053415295,0.2735815136958448,0.02815820370724158,0.06928203230276536,0.027512687151684964
9.169444444444444,0.14322179233437807,0.28938529695131543,0.029181692767005434,0.013891854213351505,0.10308995763658042
9.172222222222222,0.13788027503026196,0.16363250113513494,0.030204213789907362,-0.05142300877494343,0.046971021089909054
9.175,0.13261158606159668,0.13263681640850664,0.03122573285611789,-0.08,0.04879949749079207
9.177777777777777,0.12742278392780387,0.2626716009749401,0.032246216079044585,-0.051423008774922584,0.1544256097430142
9.180555555555555,0.12232043050573263,0.19527583816392657,0.03326562960645928,0.013891854213342476,0.025797923838392207
9.183333333333334,0.11731058598181354,0.2451087334717742,0.034283939621614766,0.06928203230276078,0.024232175565585115
9.186111111111112,0.11239880632462468,0.258076082047941,0.0353011123443729,0.07517540966286074,0.03520075371608271
9.188888888888888,0.10759014321038259,0.12082056982935832,0.03631711403232139,0.027361611466067002,-0.050448298879412656
9.191666666666666,0.10288914630132147,0.078025975462272,0.037331910981896255,-0.04000000000000791,-0.02219508182093781
9.194444444444445,0.09829986776580439,0.03255225371970781,0.038345469529496114,-0.07878462024097599,-0.0253084633346167
9.197222222222223,0.09382586891899286,0.10428076838306682,0.03935775605260141,-0.06128355544950553,0.03238069886097809
9.2,0.0894702288544283,0.1211302377142274,0.040368736970888504,-2.947703123161541e-14,-0.008708728111059934
9.202777777777778,0.08523555492955322,0.1948086604001289,0.04137837874734613,0.06128355544951441,0.006911171273715141
9.205555555555556,0.08112399496237795,0.25666799410015895,0.042386647889384156,0.0787846202409736,0.05437273100742323
9.208333333333334,0.0771372509918299,0.20368829887698053,0.04339351094994775,0.03999999999999596,0.04315753693520694
9.21111111111111,0.07327659445115783,0.08222786736167287,0.044398934528623174,-0.027361611466045793,-0.008086050152062351
9.213888888888889,0.06954288260170062,0.006270603367676,0.04540288527275198,-0.07517540966286547,-0.03349975484391112
9.216666666666667,0.0659365760736406,0.09982361023207739,0.04640532987853122,-0.06928203230275387,0.05676373658265943
9.219444444444445,0.06245775736068997,0.13466669728497566,0.047406235092121295,-0.013891854213328881,0.03869455904549329
9.222222222222221,0.05910615011727723,0.07862188568816125,0.04840556771074783,0.05142300877490529,-0.08031284091476912
9.225,0.05588113910931123,0.16962673674770287,0.049403294583805664,0.08,-0.01565769694541404
9.227777777777778,0.052781790673206645,0.1628799551629323,0.05039938261395469,0.05142300877493286,0.008275773100838121
9.230555555555556,0.04980687354221495,0.1262503039431218,0.05139379875822041,-0.0138918542133651,0.03894148585605157
9.233333333333333,0.046954879904422306,0.07556443237774549,0.052386510029088694,-0.06928203230275408,0.04550507474698856
9.23611111111111,0.04422404656267788,0.0366214204541764,0.053377483495602625,-0.07517540966287778,0.014195300058773674
9.238888888888889,0.04161237607335832,0.0978798274597075,0.054366686284451786,-0.027361611466045415,0.0292623765679428
9.241666666666667,0.03911765774793587,0.13767858344790262,0.05535408558106277,0.0399999999999963,0.0032068401189076813
9.244444444444444,0.036737488408961405,0.13816917287159725,0.0563396486306902,0.07878462024097367,-0.03369258440902803
9.247222222222222,0.034469292799962276,0.140012971436917,0.057323342739503264,0.061283555449514145,-0.0130632195520627
9.25,0.03231034355700999,0.09156503816468911,0.0583051352756672,6.504432464954052e-15,0.0009495593320054136
9.252777777777778,0.030257780658060264,0.026525256378029872,0.059284993670428277,-0.061283555449529174,-0.0017339625009294938
9.255555555555556,0.02830863027472686,-0.08449174976922277,0.06026288541919351,-0.0787846202409696,-0.09427864522217354
9.258333333333333,0.02645982295966151,0.027824434295790748,0.06123877808260837,-0.04000000000000757,-0.019874166746471564
9.261111111111111,0.02470821111120874,0.11709274451936902,0.062212639287635305,0.02736161146606738,0.002810282654457593
9.26388888888889,0.023050585665416994,0.14734193246162922,0.06318443672862396,0.07517540966287332,-0.01406849959528505
9.266666666666667,0.021483691973659548,0.14257867266920862,0.06415413816838596,0.0692820323027424,-0.012341189775579287
9.269444444444444,0.020004244832147248,0.12341737902501514,0.06512171143926061,0.01389185421337791,0.02439956854022937
9.272222222222222,0.018608942637288982,-0.020674801045877607,0.066087124444188,-0.051423008774922896,-0.053947859352431696
9.275,0.01729448064826439,-0.07705728489152834,0.06705034515776784,-0.08,-0.08140211069756056
9.277777777777779,0.016057563345154728,0.015237406655730413,0.06801134162732468,-0.051423008774915256,-0.01740848954183374
9.280555555555555,0.014894915877630373,0.13596257234003856,0.06897008197396681,0.013891854213351896,0.038205720275089484
9.283333333333333,0.013803294605362736,0.2373895132760881,0.06992653439364607,0.06928203230274738,0.08437765197433193
9.286111111111111,0.012779496737098049,0.19794198551291436,0.07088066715820937,0.07517540966286991,0.039106411954737005
9.28888888888889,0.011820369080590637,0.03760124116962558,0.07183244861645348,0.027361611466023828,-0.07341318799344236
9.291666666666666,0.010922815920433924,0.03208630114678463,0.07278184719517396,-0.039999999999984694,-0.011618361968838559
9.294444444444444,0.010083806045145262,0.017859736258458755,0.07372883140021468,-0.07878462024097765,0.01283171905407647
9.297222222222222,0.009300378948736282,0.03156974916290292,0.0746733698175098,-0.06128355544952277,0.00887955584617961
9.3,0.008569650235365052,0.11115030899665104,0.07561543111412582,1.64681663017073e-14,0.026965227647143705
9.302777777777777,0.007888816258605673,0.09987490842439144,0.07655498403930326,0.06128355544952055,-0.04585244732303804
9.305555555555555,0.007255158029319421,0.16677893007332822,0.07749199742549341,0.07878462024097826,0.003247154377537131
9.308333333333334,0.006666044428149362,0.14610862610633274,0.07842644018938925,0.03999999999998767,0.021016141488806452
9.311111111111112,0.006118934760246293,0.09939915229233347,0.079358281332959,-0.027361611466054783,0.041283547665182975
9.313888888888888,0.005611380691049982,-0.029562447357985244,0.08028748994447311,-0.07517540966286873,-0.04028590833063961
9.316666666666666,0.005141027602758264,-0.00018481286260357745,0.08121403519953216,-0.0692820323027491,-0.017257843362144903
9.319444444444445,0.004705615411591168,-0.06223923644334536,0.08213788636208579,-0.013891854213355289,-0.13519088400366702
9.322222222222223,0.004302978886079503,0.10771190206758595,0.08305901278545468,0.051423008774940486,-0.03107309837888871
9.325,0.00393104750644816,0.1416876867712426,0.0839773839133466,0.08,-0.026220744648552154
9.327777777777778,0.003587844904708257,0.08892459755213164,0.08489296928086999,0.05142300877492553,-0.05097922540837216
9.330555555555556,0.003271487924380084,0.08346597973818283,0.08580573851554468,-0.01389185421337452,0.008280607511632584
9.333333333333334,0.00298018533783837,0.017616542771125416,0.08671566133830931,-0.06928203230275885,-0.0027972716022634115
9.33611111111111,0.002712236258160338,-0.0978011597190695,0.08762270756452524,-0.07517540966287449,-0.11296069387888058
9.338888888888889,0.002466028281061363,0.07440666238505876,0.08852684710498018,-0.027361611466070614,0.010775398465087824
9.341666666666667,0.0022400353910731587,0.08525187881850921,0.08942804996688285,0.04000000000000458,-0.046416206539451374
9.344444444444445,0.0020328156645581536,0.19542817011992578,0.09032628625486024,0.07878462024098164,0.024284447959525758
9.347222222222221,0.0018430088005074521,0.09025552803555376,0.09122152617194818,0.06128355544953139,-0.06409256238643328
9.35,0.0016693335083382114,0.09528340045546417,0.09211374002058202,-3.0609769974515214e-15,0.0015003269265470062
9.352777777777778,0.0015105847801291379,0.019071761089870888,0.09300289820357899,-0.06128355544951194,-0.014158166444325297
9.355555555555556,0.0013656310729131392,0.031625076304575436,0.09388897122512005,-0.07878462024097427,0.015155094247516519
9.358333333333333,0.0012334114248189326,0.06224020499908599,0.09477192969173051,-0.040000000000030796,0.006234863882567342
9.36111111111111,0.0011129325270186775,0.11136807955524332,0.09565174431325518,0.02736161146604218,-0.012758208751072723
9.363888888888889,0.001003265771624933,0.09589344563611638,0.09652838590382709,0.0751754096628766,-0.07681361570221223
9.366666666666667,0.0009035442938889968,0.09372700380643127,0.09740182538283806,0.0692820323027558,-0.07386039817305158
9.369444444444444,0.0008129600253079072,0.08378250105996761,0.09827203377590217,0.013891854213368492,-0.029194346954610952
9.372222222222222,0.0007307607725477627,0.04803274001698518,0.09913898221581911,-0.05142300877490235,-0.0004139941964793485
9.375,0.0006562473354548777,-0.009753508080972466,0.10000264194352851,-0.08,-0.03041239735995585
9.377777777777778,0.00058877067585303,0.0812893427389846,0.10086298430906622,-0.05142300877490793,0.031260596528973277
9.380555555555556,0.0005277291473288054,0.10217851817262,0.10171998077251407,0.013891854213361317,-0.013961045960584185
9.383333333333333,0.0004725657947854289,0.12407756476350872,0.10257360290494663,0.06928203230275216,-0.04825063623897552
9.386111111111111,0.0004227657312064836,0.16511718313405196,0.10342382238937431,0.07517540966286665,-0.013904814649395468
9.38888888888889,0.0003778535978164825,0.1433030679013758,0.10427061102168268,0.027361611466049027,0.01129299181582762
9.391666666666667,0.0003373911126542961,0.08169556776542719,0.10511394071156814,-0.04000000000002448,0.016244235941229222
9.394444444444444,0.0003009747114930647,0.12138909455364569,0.10595378348346915,-0.078784620240973,0.09391895659965648
9.397222222222222,0.00026823328404144286,0.012329322311850209,0.10679011147749636,-0.061283555449516615,-0.033445467000170974
9.4,0.00023882600744872036,0.10418778987830841,0.10762289695035368,2.6033575764112875e-14,-0.0036739330795200194
9.402777777777779,0.00021244027830564694,0.19125430534506443,0.10845211227626077,0.061283555449526704,0.02130619734097132
9.405555555555555,0.00018878974358466996,0.18707999197238878,0.10927772994786829,0.0787846202409766,-0.0011711479600407663
9.408333333333333,0.00016761243029201478,0.12523642770804275,0.11009972257717249,0.0400000000000109,-0.02503090729943266
9.411111111111111,0.00014866897300892633,0.006242261586154247,0.11091806289642127,-0.02736161146606377,-0.07746285881721218
9.41388888888889,0.00013174093797494214,0.011147327081458287,0.11173272375901858,-0.07517540966288445,-0.025541727952650778
9.416666666666666,0.00011662924191065179,-0.010306845556314753,0.11254367814042715,-0.0692820323027625,-0.05368512063589005
9.419444444444444,0.0001031526633851275,0.013231863532915174,0.11335089913906483,-0.013891854213345867,-0.08633033405618892
9.422222222222222,9.11464442016102e-05,0.12588457311278672,0.11415435997719449,0.05142300877491995,-0.039783942083529325
9.425,8.046097799868571e-05,0.14267990894149035,0.1149540340018144,0.08,-0.05235458603832273
9.427777777777777,7.096058304024148e-05,0.19643319130817502,0.11574989468554132,0.051423008774946065,0.02918932726464741
9.430555555555555,6.252235599053686e-05,0.13276717564084956,0.11654191562749246,-0.013891854213348112,0.030054591870714686
9.433333333333334,5.5035103337695156e-05,0.002909108875688648,0.11733007055415834,-0.06928203230276364,-0.045193964479043745
9.436111111111112,4.839834703497881e-05,0.029975890476284014,0.11811433332027632,-0.07517540966287123,-0.013011431528156057
9.438888888888888,4.25214008712754e-05,-0.0013365452611202122,0.11889467790969692,-0.027361611466061624,-0.09291213310562678
9.441666666666666,3.7322514055790556e-05,0.1349914034411517,0.11967107843624923,0.03999999999998137,-0.024716997509134708
9.444444444444445,3.272807850403017e-05,0.21920995249919323,0.12044350914459492,0.07878462024097699,0.019949095035117284
9.447222222222223,2.8671896338847607e-05,0.22377106623763315,0.1212119444110873,0.061283555449501856,0.04124689448070514
9.45,2.5094504168919728e-05,0.0863490991642455,0.12197635874461851,2.3753401611060034e-14,-0.03565235408456569
9.452777777777778,2.1942550773986963e-05,0.11406785691509941,0.12273672678746751,-0.061283555449518086,0.05259274302637599
9.455555555555556,1.9168224909120743e-05,-0.0310570247755987,0.12349302331613839,-0.07878462024097262,-0.07578459607567359
9.458333333333334,1.6728730036227013e-05,0.02188056201505461,0.12424522324219901,-0.039999999999991,-0.06238138995718963
9.46111111111111,1.458580289787479e-05,0.1878525921639552,0.12499330161311235,0.02736161146605117,0.035483093281893814
9.463888888888889,1.2705272963843551e-05,0.2844814099770596,0.12573723361306605,0.07517540966286741,0.08355606142816237
9.466666666666667,1.105665990275412e-05,0.22044168293563143,0.1264769945637929,0.06928203230275101,0.024671599409184772
9.469444444444445,9.612806357776661e-06,0.13909690761837215,0.12721255992539177,0.013891854213323243,-0.0020171193267006214
9.472222222222221,8.349543435275406e-06,-0.03322994126044601,0.12794390529713884,-0.05142300877490968,-0.10975918732611044
9.475,7.2453864467211565e-06,-0.05244410099742549,0.12867100641830176,-0.08,-0.10112235280217396
9.477777777777778,6.2812585761615885e-06,0.08444758849738086,0.12939383916893973,-0.05142300877492847,0.006470476844793448
9.480555555555556,5.440240276754624e-06,0.12610654054579484,0.13011237957070607,0.013891854213370736,-0.01790313347855873
9.483333333333333,4.7073423295002606e-06,0.14482158432510486,0.13082660378764252,0.06928203230273874,-0.0552917591076059
9.48611111111111,4.069300624424064e-06,0.20999259613197477,0.131536488126972,0.07517540966287581,0.003276629041502536
9.488888888888889,3.514390848468528e-06,0.1653637032721606,0.1322420090398816,0.027361611466040037,0.005756568375390479
9.491666666666667,3.0322613846000643e-06,0.14016696881070279,0.13294314312230582,-0.040000000000001264,0.04722079342701363
9.494444444444444,2.6137828427457952e-06,0.06168797480820499,0.13363986711570186,-0.07878462024097466,0.006830114150635039
9.497222222222222,2.250912754712851e-06,0.1344705717877631,0.134332157907823,-0.06128355544953386,0.06141971841671923
9.5,1.9365740719898485e-06,0.13542163058499498,0.1350199925334831,-7.80802844398682e-16,0.00039970147744066814
9.502777777777778,1.6645462070565798e-06,0.19122181843069158,0.13570334817531848,0.06128355544953285,-0.005766749740366806
9.505555555555556,1.4293674554472112e-06,0.2683838610853364,0.13638220216454688,0.07878462024097493,0.053215609312359115
9.508333333333333,1.2262477272329375e-06,0.1281357142273755,0.13705653198171738,0.04000000000000261,-0.04892204400207173
9.511111111111111,1.050990602826821e-06,0.2510881274453319,0.13772631525745957,-0.027361611466038573,0.1407223726633081
9.51388888888889,8.999238091034249e-07,0.08197989394249358,0.13839152977322297,-0.07517540966287528,0.018762873908336794
9.516666666666667,7.698372878407307e-07,0.08881235363844789,0.13905215346201594,-0.06928203230273954,0.019041462641883656
9.519444444444444,6.579280995618068e-07,0.15207176682249376,0.1397081644091366,-0.013891854213372275,0.02625479869862988
9.522222222222222,5.61751472103962e-07,0.2856399351458833,0.14035954085290178,0.051423008774927274,0.09385682376658212
9.525,4.791773648502983e-07,0.26063211094636135,0.14100626118536616,0.08,0.03962537058363033
9.527777777777779,4.083519766936877e-07,0.11281892212973267,0.1416483039530413,0.05142300877491088,-0.08025279895019619
9.530555555555555,3.476636786704879e-07,0.19856766054630104,0.1422856478576047,-0.013891854213357533,0.07017351923837521
9.533333333333333,2.9571290099525146e-07,0.056591706194510545,0.14291827175661065,-0.06928203230275023,-0.017044828972250865
9.536111111111111,2.512855491653472e-07,0.07372874992883456,0.1435461546641872,-0.07517540966286795,0.005357753641966174
9.53888888888889,2.1332956509283645e-07,0.052845179006517855,0.14416927575173455,-0.02736161146601845,-0.06396269860876333
9.541666666666666,1.8093428707939373e-07,0.21109789618908678,0.14478761434861526,0.03999999999998965,0.026310100906194785
9.544444444444444,1.533122970850106e-07,0.1916172089927394,0.14540114994284128,0.07878462024097865,-0.03256871450337761
9.547222222222222,1.297834753655852e-07,0.21230202931442027,0.14600986218175216,0.061283555449519085,0.005008481899673688
9.55,1.0976101136863091e-07,0.13240889036564193,0.14661373087269192,-2.219179592226267e-14,-0.014204950268039149
9.552777777777777,9.273914598097763e-08,0.18217991336011558,0.14721273598367784,-0.06128355544950085,0.0962506400867926
9.555555555555555,7.828244400510819e-08,0.1681353306928129,0.14780685764406667,-0.07878462024097727,0.09911301500727948
9.558333333333334,6.601641728658675e-08,0.11072180067238359,0.14839607614521194,-0.039999999999982716,0.0023256585107370694
9.561111111111112,5.5619338396429655e-08,0.1795409245949589,0.1489803719411176,0.02736161146606016,0.0031988855684427376
9.563888888888888,4.6815102356318225e-08,0.20606303380958535,0.14955972564908804,0.0751754096628707,-0.018672148317475754
9.566666666666666,3.936700973619776e-08,0.2747165042952845,0.15013411805037097,0.06928203230276442,0.055300314575139314
9.569444444444445,3.307235870152036e-08,0.14814942385983274,0.15070353009079324,0.01389185421334965,-0.01644599351666886
9.572222222222223,2.7757746378462842e-08,0.07877809813191072,0.1512679428813942,-0.05142300877494488,-0.021066863732284967
9.575,2.3274991369876172e-08,0.12075700415729136,0.15182733769905177,-0.08,0.048929643183248224
9.577777777777778,1.9497599512068496e-08,0.07404375194395074,0.15238169598710485,-0.05142300877492114,-0.02691495476583247
9.580555555555556,1.63177041251011e-08,0.16493511816458867,0.15293099935596674,0.01389185421334433,-0.0018877517224265292
9.583333333333334,1.364342018010269e-08,0.14369173645436897,0.15347522958373672,0.06928203230276173,-0.07906553907554964
9.58611111111111,1.139655908204939e-08,0.26439930693239405,0.1540143686168041,0.07517540966287255,0.03520951725615835
9.588888888888889,9.510657233039076e-09,0.2789533665062628,0.15454839857044692,0.027361611466065236,0.09704334695909345
9.591666666666667,7.929277280267792e-09,0.151138578298683,0.15507730172942566,-0.04000000000000954,0.036061268639989597
9.594444444444445,6.604546038350788e-09,0.14990640528950547,0.1556010605485705,-0.07878462024097632,0.07308995837736525
9.597222222222221,5.495897574976217e-09,0.052531000890866514,0.1561196576533632,-0.06128355544952771,-0.042305106808866545
9.6,4.568993923414032e-09,0.16844929451092747,0.15663307584051472,8.784606618006893e-15,0.011816214101410035
9.602777777777778,3.794799391140036e-09,0.1712668611043795,0.15714129807853397,0.061283555449515616,-0.04715799621846948
9.605555555555556,3.1487875213172876e-09,0.22504065361898776,0.15764430750829408,0.07878462024097328,-0.011388277279067143
9.608333333333333,2.6102624790488568e-09,0.23675266392150465,0.1581420874435911,0.04000000000002584,0.038610573867625245
9.61111111111111,2.1617790184623152e-09,0.13636404272259492,0.15863462137169856,-0.02736161146604756,0.005091030655164932
9.613888888888889,1.7886472771671123e-09,0.013314433949621276,0.15912189295391363,-0.07517540966287854,-0.07063205113006109
9.616666666666667,1.4785104749034573e-09,0.024570399924970364,0.1596038860261005,-0.06928203230275294,-0.06575145527688768
9.619444444444444,1.220985193400931e-09,0.07713053503230852,0.1600805845992249,-0.013891854213362854,-0.0690581965745387
9.622222222222222,1.0073553114724821e-09,0.23654761213912887,0.1605519728598873,0.051423008774906735,0.024572629496979515
9.625,8.30311887286285e-10,0.34421276278399,0.1610180351708447,0.08,0.10319472678283342
9.627777777777778,6.837323400276762e-10,0.2810246777301773,0.16147875607153078,0.05142300877490355,0.06812291220001064
9.630555555555556,5.624932049223028e-10,0.053243006670391474,0.16193412027856843,-0.013891854213366953,-0.09479925995730322
9.633333333333333,4.6231153580585966e-10,0.16415587774932222,0.16238411268627653,-0.06928203230275502,0.0710537969034892
9.636111111111111,3.796107231757756e-10,0.13447332993463806,0.16282871836717208,-0.07517540966287713,0.04682002085073236
9.63888888888889,3.1140709628465585e-10,0.05864131414138933,0.16326792257246378,-0.02736161146604365,-0.07726499727643789
9.641666666666667,2.5521419712404566e-10,0.18854163015226122,0.16370171073254244,0.040000000000029436,-0.015160080835524876
9.644444444444444,2.0896206251453559e-10,0.2976908094821904,0.16413006845746383,0.07878462024097399,0.05477612057479048
9.647222222222222,1.7092923712289654e-10,0.2533582127046077,0.16455298153742626,0.06128355544951294,0.027521675546739267
9.65,1.3968557313696574e-10,0.09951568346353279,0.16497043594324187,4.622582686248886e-15,-0.06545475261939929
9.652777777777779,1.1404415861679631e-10,0.13463597028112545,0.16538241782680196,-0.06128355544953038,0.03053710778980971
9.655555555555555,9.302096241391572e-11,-0.019870736430454134,0.1657889135215362,-0.07878462024098191,-0.1068750298040294
9.658333333333333,7.580099443365906e-11,0.11504880083080139,0.16618990954286691,-0.04000000000000594,-0.011141108787860569
9.661111111111111,6.170996065392108e-11,0.2508448425864365,0.16658539258865498,0.027361611466069146,0.05689783847000244
9.66388888888889,5.019054684193509e-11,0.24307047003127252,0.16697534953964202,0.07517540966287396,0.0009197107785659917
9.666666666666666,4.078259693332161e-11,0.21169492230533013,0.1673597674598852,0.06928203230275963,-0.024946877498097295
9.669444444444444,3.3106564685663816e-11,0.22609780053225154,0.16773863359718724,0.013891854213340231,0.044467312688617464
9.672222222222222,2.684971321332949e-11,0.1654265173897725,0.16811193538351804,-0.05142300877492433,0.048737590754329076
9.675,2.175461870797558e-11,0.15398164510053483,0.1684796604354327,-0.08,0.06550198464334751
9.677777777777777,1.7609604091737537e-11,0.16113590921946833,0.16884179655448103,-0.051423008774941686,0.04371712142231937
9.680555555555555,1.424078730052199e-11,0.23715892565206642,0.16919833172761456,0.01389185421335375,0.054068739696857326
9.683333333333334,1.150547887577979e-11,0.27547671431373116,0.16954925412758248,0.0692820323027665,0.03664542787187673
9.686111111111112,9.286705865825851e-12,0.25834639424130496,0.1698945521133254,0.07517540966286927,0.013276432455823599
9.688888888888888,7.488674831135381e-12,0.20207127569209668,0.17023421423036103,0.027361611466056247,0.004475449988190705
9.691666666666666,6.033016981412754e-12,0.11870524326234144,0.17056822921116485,-0.039999999999986324,-0.011862985954870101
9.694444444444445,4.8556839778097965e-12,0.03149355108643416,0.17089658597554275,-0.07878462024097799,-0.060618414652986286
9.697222222222223,3.9043844240231596e-12,0.062170142744415215,0.17121927363099945,-0.06128355544949818,-0.04776557544099044
9.7,3.1364691550707393e-12,0.15743555737945722,0.1715362814730993,-1.8029771990504664e-14,-0.014100724096760484
9.702777777777778,2.5171886331212642e-12,0.24520376241798297,0.17184759898582255,0.06128355544952177,0.012072607980121466
9.705555555555556,2.0182585203686237e-12,0.3229784659851213,0.17215321584191196,0.07878462024097793,0.07204062990021316
9.708333333333334,1.616680198132909e-12,0.21036326051104476,0.17245312190321765,0.03999999999998604,-0.0020898613937756264
9.71111111111111,1.2937719613137058e-12,0.19555951030018665,0.17274730722103204,-0.027361611466022364,0.0501738145438832
9.713888888888889,1.0343741116107107e-12,0.15182613519619192,0.1730357620364209,-0.07517540966286938,0.05396578282160604
9.716666666666667,8.261974337843083e-13,0.09246410459418435,0.17331847678054585,-0.06928203230274815,-0.01157233988443955
9.719444444444445,6.592897633358841e-13,0.1894380984307978,0.17359544207498276,-0.013891854213353434,0.029734510568509193
9.722222222222221,5.255997078176094e-13,0.2131132554212289,0.17386664873203228,0.05142300877491406,-0.012176402086243076
9.725,4.1862020815163724e-13,0.32023888245936777,0.17413208775502534,0.08,0.06610679470392385
9.727777777777778,3.3309763955098157e-13,0.2576069260271745,0.1743917503386207,0.05142300877492408,0.03179216691329661
9.730555555555556,2.647946538929183e-13,0.10122958592156824,0.1746456278690976,-0.013891854213376374,-0.05952418773441777
9.733333333333333,2.10297040889736e-13,0.11368791222980239,0.17489371192464137,-0.0692820323027416,0.008076232607692337
9.73611111111111,1.6685660487124203e-13,0.18236619270410986,0.17513599427562285,-0.07517540966287385,0.08240560809119399
9.738888888888889,1.322634768368969e-13,0.1389493036916338,0.17537246688487126,-0.02736161146603466,-0.00906155172733506
9.741666666666667,1.0474245743377286e-13,0.23798887341280545,0.17560312190794106,0.04000000000000622,0.022385751504753408
9.744444444444444,8.286895735802727e-14,0.2819065138213875,0.17582795169337168,0.07878462024097566,0.027293941886957263
9.747222222222222,6.550090221064189e-14,0.18549935927430788,0.17604694878294222,0.06128355544953018,-0.051831144958230026
9.75,5.172362817106738e-14,0.20179550337264038,0.17626010591191787,-4.942826776156689e-15,0.025535397460675697
9.752777777777778,4.080533725581018e-14,0.04549210295806446,0.17646741600929147,-0.06128355544953653,-0.06969175760173128
9.755555555555556,3.216112662312635e-14,0.0666030466370064,0.176668872198018,-0.07878462024097395,-0.0312812053200698
9.758333333333333,2.5323972186733834e-14,0.1906506161699797,0.17686446779524242,-0.039999999999997655,0.0537861483747096
9.761111111111111,1.9921346685575813e-14,0.22225362229400403,0.17705419631252223,0.02736161146604395,0.0178378145154179
9.76388888888889,1.5656397917488233e-14,0.2371895707316078,0.17723805145604124,0.07517540966287724,-0.01522389038732635
9.766666666666667,1.2292813690976047e-14,0.2690211104918281,0.17741602712681978,0.06928203230273666,0.022323051062259375
9.769444444444444,9.642664134939077e-15,0.18847535924653577,0.17758811742091607,0.013891854213366637,-0.0030046123877565723
9.772222222222222,7.556645905230086e-15,0.12696023297229042,0.17775431662962288,-0.05142300877493166,0.0006289251175916624
9.775,5.9162619680790764e-15,0.13075554557566885,0.17791461923965607,-0.08,0.03284092633600688
9.777777777777779,4.627559499556719e-15,0.09027762412547952,0.17806901993333799,-0.051423008774906485,-0.0363683870329566
9.780555555555555,3.616120704209309e-15,0.19412618807983908,0.1782175135887736,0.013891854213327342,0.002016820277734535
9.783333333333333,2.823060057030466e-15,0.23202871785244425,0.17836009528002097,0.0692820323027531,-0.015613409730332645
9.786111111111111,2.2018291026147563e-15,0.17439200121010923,0.17849676027725384,0.075175409662866,-0.07928016873001278
9.78888888888889,1.7156685479017856e-15,0.1599663277005031,0.1786275040469191,0.027361611466047257,-0.046022787812464994
9.791666666666666,1.3355786359419746e-15,0.2171626446050851,0.17875232225188675,-0.0399999999999946,0.07841032235319162
9.794444444444444,1.0387040590095863e-15,0.11932275623988402,0.1788712107515946,-0.07878462024097332,0.019236165729261706
9.797222222222222,8.070500815200128e-16,0.05152119508260046,0.17898416560218453,-0.06128355544951541,-0.06617941507006946
9.8,6.264630121737155e-16,0.10207346426424209,0.17909118305663407,2.7915425542818044e-14,-0.07701771879242053
9.802777777777777,4.858214373902288e-16,0.23486762000885633,0.1791922595648805,0.06128355544950453,-0.005608195005529198
9.805555555555555,3.7639531274111683e-16,0.3361313386737393,0.17928739177393854,0.07878462024097627,0.07805932665882412
9.808333333333334,2.913386007597272e-16,0.21003866978777205,0.17937657652801167,0.03999999999997776,-0.009337906740217632
9.811111111111112,2.2528804445169145e-16,0.21744817707273223,0.17945981086859675,-0.027361611466065538,0.0653499776702008
9.813888888888888,1.7404620259157253e-16,0.12195822091264254,0.17953709203458212,-0.07517540966287264,0.017596538540932873
9.816666666666666,1.3433131018431315e-16,0.13388890805187273,0.17960841746233946,-0.06928203230276156,0.023562522892294685
9.819444444444445,1.0358007967557002e-16,0.0989959051072361,0.1796737847858085,-0.013891854213344013,-0.06678602546522848
9.822222222222223,7.979239899537473e-17,0.27803234669901283,0.1797331918365756,0.05142300877494926,0.046876146087487885
9.825,6.140915139493267e-17,0.2430400347802655,0.1797866366439458,0.08,-0.01674660186368036
9.827777777777778,4.7216192311603765e-17,0.27441174889047043,0.17983411743500818,0.051423008774916755,0.043154622680545415
9.830555555555556,3.626896127359182e-17,0.12527527932203894,0.17987563263469453,-0.013891854213349967,-0.040708499099305656
9.833333333333334,2.7833355467511883e-17,0.11948161593856275,0.1799111808658317,-0.06928203230276458,0.008852467375495625
9.83611111111111,2.1339405009193645e-17,0.12236549898318581,0.17994076094918723,-0.07517540966288302,0.017600147696881573
9.838888888888889,1.6345015539423787e-17,0.14490109460865544,0.1799643719035086,-0.02736161146605986,-0.007701665828793326
9.841666666666667,1.2507619506063544e-17,0.24020927259987795,0.17998201294555563,0.0400000000000145,0.020227259654307838
9.844444444444445,9.562033834150285e-18,0.2454584499714784,0.1799936834901265,0.07878462024097732,-0.013319853759625438
9.847222222222221,7.303182991921031e-18,0.20882995094753729,0.17999938315007724,0.06128355544952403,-0.03245298765206397
9.85,5.572632210604201e-18,0.2602732808760546,0.17999911173633448,2.187155183235487e-14,0.08027416913969823
9.852777777777778,4.2481013629183684e-18,0.1711569571264545,0.1799928692579017,-0.0612835554495193,0.05244764331807211
9.855555555555556,3.2353081541846716e-18,0.06315279842847799,0.1799806559218591,-0.07878462024097228,-0.038043237252408844
9.858333333333333,2.4616297135843696e-18,0.16838468741306636,0.1799624721333566,-0.04000000000002087,0.028422215279730646
9.86111111111111,1.8711822552684887e-18,0.17016598722659557,0.1799383184956003,0.027361611466052937,-0.03713394273505765
9.863888888888889,1.421005460537144e-18,0.1958493732895846,0.17990819580983272,0.07517540966286806,-0.059234232183116214
9.866666666666667,1.078106575654941e-18,0.30084460944800495,0.17987210507530604,0.06928203230275007,0.05169047206994881
9.869444444444444,8.171728605746629e-19,0.10851692042023596,0.17983004748924902,0.013891854213357218,-0.08520498128237029
9.872222222222222,6.188030791858127e-19,0.17470181135074317,0.17978202444682723,-0.051423008774911114,0.04634279567882706
9.875,4.681416582441241e-19,0.08709192191244389,0.1797280375410968,-0.08,-0.012636115628652925
9.877777777777778,3.538249091694495e-19,0.11766774963399818,0.17966808856295163,-0.05142300877492703,-0.010577330154026433
9.880555555555556,2.6716884330259825e-19,0.21398159469560096,0.1796021795010639,0.01389185421337259,0.020487560981164485
9.883333333333333,2.015438303975461e-19,0.2778722854442887,0.17953031254181823,0.06928203230275788,0.02905994059971262
9.886111111111111,1.5189360786099912e-19,0.21331074089066857,0.1794524900692388,0.07517540966287517,-0.04131715884144541
9.88888888888889,1.1436569647192723e-19,0.2426166065684522,0.17936871466491075,0.02736161146603827,0.03588628043750317
9.891666666666667,8.602770794381394e-20,0.14494751600912098,0.1792789891078942,-0.04000000000003439,0.00566852690126117
9.894444444444444,6.4649804604725e-20,0.03759595649025538,0.17918331637463228,-0.07878462024097499,-0.06280273964340191
9.897222222222222,4.8538055379567986e-20,0.10930442001035588,0.1790816996388521,-0.06128355544950926,-0.00849372417898696
9.9,3.64069100437744e-20,0.24803809304940716,0.17897414227145975,1.1010469343064857e-15,0.06906395077794629
9.902777777777779,2.728170824666508e-20,0.32397394320224737,0.1788606478404285,0.06128355544953406,0.08382973991228483
9.905555555555555,2.042422524596054e-20,0.293393263232095,0.1787412201106802,0.07878462024098093,0.03586742288043387
9.908333333333333,1.5275868606564715e-20,0.15909868863554272,0.17861586304396024,0.040000000000000986,-0.059517174408418506
9.911111111111111,1.1414385307526933e-20,0.17565331445542692,0.17848458079870702,-0.027361611466074524,0.024530345122794412
9.91388888888889,8.520899337124806e-21,0.14571501325999656,0.17834737772991285,-0.07517540966287593,0.04254304519295964
9.916666666666666,6.354840175143486e-21,0.14520762525215966,0.17820425838898032,-0.06928203230275677,0.03628539916593611
9.919444444444444,4.7348924841424866e-21,0.2034110877445962,0.1780552275235707,-0.01389185421337042,0.03924771443439591
9.922222222222222,3.524535610795058e-21,0.2474864528147523,0.177900290077447,0.05142300877492872,0.01816315396237654
9.925,2.6210781833577257e-21,0.25411883424878245,0.17773945119030965,0.08,-0.003620616941527185
9.927777777777777,1.9473514572897755e-21,0.1985773501773626,0.17757271619762624,0.0514230087749373,-0.03041837479520092
9.930555555555555,1.445423115879262e-21,0.06861146049201976,0.17740009063045398,-0.013891854213359384,-0.09489677592507482
9.933333333333334,1.071844894177037e-21,0.1249216362481733,0.17722158021525694,-0.06928203230275118,0.01698208833566754
9.936111111111112,7.940634069338158e-22,0.11116442339345767,0.17703719087371556,-0.07517540966286732,0.009302642182609427
9.938888888888888,5.877122102487824e-22,0.17736410939772077,0.17684692872253083,-0.02736161146605087,0.02787879214124081
9.941666666666666,4.345707946855976e-22,0.14977361540856687,0.17665080007322032,0.03999999999999128,-0.0668771846646447
9.944444444444445,3.210278058013247e-22,0.2874842661386418,0.17644881143190982,0.07878462024097897,0.03225083446575302
9.947222222222223,2.3692509108882797e-22,0.3402517796796739,0.17624096949911716,0.06128355544951788,0.10272725473103886
9.95,1.7468907844614026e-22,0.17994978770843775,0.1760272811695299,1.2306142369949292e-14,0.003922506538895567
9.952777777777778,1.286787231653061e-22,0.1114409321219239,0.17580775353177638,-0.06128355544952545,-0.003083265960327042
9.955555555555556,9.469652092897967e-23,0.1122478914314992,0.17558239386819108,-0.07878462024097693,0.01545011780428505
9.958333333333334,6.962217653407435e-23,0.2369680608901086,0.1753512096545728,-0.039999999999981085,0.10161685123551689
9.96111111111111,5.1138438190332747e-23,0.15129343194096984,0.17511420855993665,0.02736161146602774,-0.05118238808499455
9.963888888888889,3.752611592994601e-23,0.2602071547788257,0.17487139844625918,0.07517540966287134,0.010160346669695248
9.966666666666667,2.7510980133533614e-23,0.20392194855608198,0.1746227873682189,0.0692820323027453,-0.03998287111488221
9.969444444444445,2.0149524519316887e-23,0.16091000174402562,0.17436838357292758,0.013891854213347796,-0.02735023604224975
9.972222222222221,1.4743813644302285e-23,0.12020567133064235,0.17410819549965775,-0.05142300877491844,-0.002479515394096967
9.975,1.0778073856114327e-23,0.16120839386023972,0.1738422317795618,-0.08,0.06736616208067794
9.977777777777778,7.871523007861658e-24,0.2121970224949037,0.17357050123538653,-0.051423008774919704,0.09004953003443684
9.980555555555556,5.743315507573536e-24,0.2095919743258975,0.17329301288118015,0.013891854213382009,0.022407107231335318
9.983333333333333,4.186517124999235e-24,0.22346207207356356,0.17300977592199335,0.06928203230274448,-0.018829736151174267
9.98611111111111,3.0488029846625616e-24,0.37253315274837107,0.17272079975357327,0.0751754096628719,0.12463694333192593
9.988888888888889,2.2181562819704407e-24,0.17840998136164035,0.17242609396205288,0.027361611466063467,-0.02137772406647601
9.991666666666667,1.6122827729878676e-24,0.10356887260563441,0.17212566832363244,-0.04000000000001117,-0.028556795717986867
9.994444444444444,1.1707834574633568e-24,0.004287760334348328,0.17181953280425502,-0.07878462024097034,-0.08874715222893635
9.997222222222222,8.493725726202205e-25,0.18002872057198702,0.17150769755927633,-0.0612835554495265,0.06980457846223719
